"ChapterId","SchemaId","SchemaName","ChapterTitle","O3T","O3MBegin","O3MEnd"
3,1,"LipUpper","Lip & Oral Cavity","C00.0",8000,8576
3,1,"LipUpper","Lip & Oral Cavity","C00.0",8940,8950
3,1,"LipUpper","Lip & Oral Cavity","C00.0",8980,8981
3,1,"LipUpper","Lip & Oral Cavity","C00.3",8000,8576
3,1,"LipUpper","Lip & Oral Cavity","C00.3",8940,8950
3,1,"LipUpper","Lip & Oral Cavity","C00.3",8980,8981
3,2,"LipLower","Lip & Oral Cavity","C00.1",8000,8576
3,2,"LipLower","Lip & Oral Cavity","C00.1",8940,8950
3,2,"LipLower","Lip & Oral Cavity","C00.1",8980,8981
3,2,"LipLower","Lip & Oral Cavity","C00.4",8000,8576
3,2,"LipLower","Lip & Oral Cavity","C00.4",8940,8950
3,2,"LipLower","Lip & Oral Cavity","C00.4",8980,8981
3,2,"LipLower","Lip & Oral Cavity","C00.6",8000,8576
3,2,"LipLower","Lip & Oral Cavity","C00.6",8940,8950
3,2,"LipLower","Lip & Oral Cavity","C00.6",8980,8981
3,3,"LipOther","Lip & Oral Cavity","C00.2",8000,8576
3,3,"LipOther","Lip & Oral Cavity","C00.2",8940,8950
3,3,"LipOther","Lip & Oral Cavity","C00.2",8980,8981
3,3,"LipOther","Lip & Oral Cavity","C00.5",8000,8576
3,3,"LipOther","Lip & Oral Cavity","C00.5",8940,8950
3,3,"LipOther","Lip & Oral Cavity","C00.5",8980,8981
3,3,"LipOther","Lip & Oral Cavity","C00.8",8000,8576
3,3,"LipOther","Lip & Oral Cavity","C00.8",8940,8950
3,3,"LipOther","Lip & Oral Cavity","C00.8",8980,8981
3,3,"LipOther","Lip & Oral Cavity","C00.9",8000,8576
3,3,"LipOther","Lip & Oral Cavity","C00.9",8940,8950
3,3,"LipOther","Lip & Oral Cavity","C00.9",8980,8981
3,4,"TongueAnterior","Lip & Oral Cavity","C02.0",8000,8576
3,4,"TongueAnterior","Lip & Oral Cavity","C02.0",8940,8950
3,4,"TongueAnterior","Lip & Oral Cavity","C02.0",8980,8981
3,4,"TongueAnterior","Lip & Oral Cavity","C02.1",8000,8576
3,4,"TongueAnterior","Lip & Oral Cavity","C02.1",8940,8950
3,4,"TongueAnterior","Lip & Oral Cavity","C02.1",8980,8981
3,4,"TongueAnterior","Lip & Oral Cavity","C02.2",8000,8576
3,4,"TongueAnterior","Lip & Oral Cavity","C02.2",8940,8950
3,4,"TongueAnterior","Lip & Oral Cavity","C02.2",8980,8981
3,4,"TongueAnterior","Lip & Oral Cavity","C02.3",8000,8576
3,4,"TongueAnterior","Lip & Oral Cavity","C02.3",8940,8950
3,4,"TongueAnterior","Lip & Oral Cavity","C02.3",8980,8981
3,4,"TongueAnterior","Lip & Oral Cavity","C02.8",8000,8576
3,4,"TongueAnterior","Lip & Oral Cavity","C02.8",8940,8950
3,4,"TongueAnterior","Lip & Oral Cavity","C02.8",8980,8981
3,4,"TongueAnterior","Lip & Oral Cavity","C02.9",8000,8576
3,4,"TongueAnterior","Lip & Oral Cavity","C02.9",8940,8950
3,4,"TongueAnterior","Lip & Oral Cavity","C02.9",8980,8981
3,5,"GumUpper","Lip & Oral Cavity","C03.0",8000,8576
3,5,"GumUpper","Lip & Oral Cavity","C03.0",8940,8950
3,5,"GumUpper","Lip & Oral Cavity","C03.0",8980,8981
3,6,"GumLower","Lip & Oral Cavity","C03.1",8000,8576
3,6,"GumLower","Lip & Oral Cavity","C03.1",8940,8950
3,6,"GumLower","Lip & Oral Cavity","C03.1",8980,8981
3,6,"GumLower","Lip & Oral Cavity","C06.2",8000,8576
3,6,"GumLower","Lip & Oral Cavity","C06.2",8940,8950
3,6,"GumLower","Lip & Oral Cavity","C06.2",8980,8981
3,7,"GumOther","Lip & Oral Cavity","C03.9",8000,8576
3,7,"GumOther","Lip & Oral Cavity","C03.9",8940,8950
3,7,"GumOther","Lip & Oral Cavity","C03.9",8980,8981
3,8,"FloorMouth","Lip & Oral Cavity","C04.0",8000,8576
3,8,"FloorMouth","Lip & Oral Cavity","C04.0",8940,8950
3,8,"FloorMouth","Lip & Oral Cavity","C04.0",8980,8981
3,8,"FloorMouth","Lip & Oral Cavity","C04.1",8000,8576
3,8,"FloorMouth","Lip & Oral Cavity","C04.1",8940,8950
3,8,"FloorMouth","Lip & Oral Cavity","C04.1",8980,8981
3,8,"FloorMouth","Lip & Oral Cavity","C04.8",8000,8576
3,8,"FloorMouth","Lip & Oral Cavity","C04.8",8940,8950
3,8,"FloorMouth","Lip & Oral Cavity","C04.8",8980,8981
3,8,"FloorMouth","Lip & Oral Cavity","C04.9",8000,8576
3,8,"FloorMouth","Lip & Oral Cavity","C04.9",8940,8950
3,8,"FloorMouth","Lip & Oral Cavity","C04.9",8980,8981
3,9,"PalateHard","Lip & Oral Cavity","C05.0",8000,8576
3,9,"PalateHard","Lip & Oral Cavity","C05.0",8940,8950
3,9,"PalateHard","Lip & Oral Cavity","C05.0",8980,8981
3,10,"MouthOther","Lip & Oral Cavity","C05.8",8000,8576
3,10,"MouthOther","Lip & Oral Cavity","C05.8",8940,8950
3,10,"MouthOther","Lip & Oral Cavity","C05.8",8980,8981
3,10,"MouthOther","Lip & Oral Cavity","C05.9",8000,8576
3,10,"MouthOther","Lip & Oral Cavity","C05.9",8940,8950
3,10,"MouthOther","Lip & Oral Cavity","C05.9",8980,8981
3,10,"MouthOther","Lip & Oral Cavity","C06.8",8000,8576
3,10,"MouthOther","Lip & Oral Cavity","C06.8",8940,8950
3,10,"MouthOther","Lip & Oral Cavity","C06.8",8980,8981
3,10,"MouthOther","Lip & Oral Cavity","C06.9",8000,8576
3,10,"MouthOther","Lip & Oral Cavity","C06.9",8940,8950
3,10,"MouthOther","Lip & Oral Cavity","C06.9",8980,8981
3,11,"BuccalMucosa","Lip & Oral Cavity","C06.0",8000,8576
3,11,"BuccalMucosa","Lip & Oral Cavity","C06.0",8940,8950
3,11,"BuccalMucosa","Lip & Oral Cavity","C06.0",8980,8981
3,11,"BuccalMucosa","Lip & Oral Cavity","C06.1",8000,8576
3,11,"BuccalMucosa","Lip & Oral Cavity","C06.1",8940,8950
3,11,"BuccalMucosa","Lip & Oral Cavity","C06.1",8980,8981
4,12,"TongueBase","Pharynx","C01.9",8000,8576
4,12,"TongueBase","Pharynx","C01.9",8940,8950
4,12,"TongueBase","Pharynx","C01.9",8980,8981
4,12,"TongueBase","Pharynx","C02.4",8000,8576
4,12,"TongueBase","Pharynx","C02.4",8940,8950
4,12,"TongueBase","Pharynx","C02.4",8980,8981
4,13,"PalateSoft","Pharynx","C05.1",8000,8576
4,13,"PalateSoft","Pharynx","C05.1",8940,8950
4,13,"PalateSoft","Pharynx","C05.1",8980,8981
4,13,"PalateSoft","Pharynx","C05.2",8000,8576
4,13,"PalateSoft","Pharynx","C05.2",8940,8950
4,13,"PalateSoft","Pharynx","C05.2",8980,8981
4,14,"Oropharynx","Pharynx","C09.0",8000,8576
4,14,"Oropharynx","Pharynx","C09.0",8940,8950
4,14,"Oropharynx","Pharynx","C09.0",8980,8981
4,14,"Oropharynx","Pharynx","C09.1",8000,8576
4,14,"Oropharynx","Pharynx","C09.1",8940,8950
4,14,"Oropharynx","Pharynx","C09.1",8980,8981
4,14,"Oropharynx","Pharynx","C09.8",8000,8576
4,14,"Oropharynx","Pharynx","C09.8",8940,8950
4,14,"Oropharynx","Pharynx","C09.8",8980,8981
4,14,"Oropharynx","Pharynx","C09.9",8000,8576
4,14,"Oropharynx","Pharynx","C09.9",8940,8950
4,14,"Oropharynx","Pharynx","C09.9",8980,8981
4,14,"Oropharynx","Pharynx","C10.0",8000,8576
4,14,"Oropharynx","Pharynx","C10.0",8940,8950
4,14,"Oropharynx","Pharynx","C10.0",8980,8981
4,14,"Oropharynx","Pharynx","C10.2",8000,8576
4,14,"Oropharynx","Pharynx","C10.2",8940,8950
4,14,"Oropharynx","Pharynx","C10.2",8980,8981
4,14,"Oropharynx","Pharynx","C10.3",8000,8576
4,14,"Oropharynx","Pharynx","C10.3",8940,8950
4,14,"Oropharynx","Pharynx","C10.3",8980,8981
4,14,"Oropharynx","Pharynx","C10.4",8000,8576
4,14,"Oropharynx","Pharynx","C10.4",8940,8950
4,14,"Oropharynx","Pharynx","C10.4",8980,8981
4,14,"Oropharynx","Pharynx","C10.8",8000,8576
4,14,"Oropharynx","Pharynx","C10.8",8940,8950
4,14,"Oropharynx","Pharynx","C10.8",8980,8981
4,14,"Oropharynx","Pharynx","C10.9",8000,8576
4,14,"Oropharynx","Pharynx","C10.9",8940,8950
4,14,"Oropharynx","Pharynx","C10.9",8980,8981
4,15,"Nasopharynx","Pharynx","C11.0",8000,8576
4,15,"Nasopharynx","Pharynx","C11.0",8940,8950
4,15,"Nasopharynx","Pharynx","C11.0",8980,8981
4,15,"Nasopharynx","Pharynx","C11.1",8000,8576
4,15,"Nasopharynx","Pharynx","C11.1",8940,8950
4,15,"Nasopharynx","Pharynx","C11.1",8980,8981
4,15,"Nasopharynx","Pharynx","C11.2",8000,8576
4,15,"Nasopharynx","Pharynx","C11.2",8940,8950
4,15,"Nasopharynx","Pharynx","C11.2",8980,8981
4,15,"Nasopharynx","Pharynx","C11.3",8000,8576
4,15,"Nasopharynx","Pharynx","C11.3",8940,8950
4,15,"Nasopharynx","Pharynx","C11.3",8980,8981
4,15,"Nasopharynx","Pharynx","C11.8",8000,8576
4,15,"Nasopharynx","Pharynx","C11.8",8940,8950
4,15,"Nasopharynx","Pharynx","C11.8",8980,8981
4,15,"Nasopharynx","Pharynx","C11.9",8000,8576
4,15,"Nasopharynx","Pharynx","C11.9",8940,8950
4,15,"Nasopharynx","Pharynx","C11.9",8980,8981
4,17,"Hypopharynx","Pharynx","C12.9",8000,8576
4,17,"Hypopharynx","Pharynx","C12.9",8940,8950
4,17,"Hypopharynx","Pharynx","C12.9",8980,8981
4,17,"Hypopharynx","Pharynx","C13.0",8000,8576
4,17,"Hypopharynx","Pharynx","C13.0",8940,8950
4,17,"Hypopharynx","Pharynx","C13.0",8980,8981
4,17,"Hypopharynx","Pharynx","C13.1",8000,8576
4,17,"Hypopharynx","Pharynx","C13.1",8940,8950
4,17,"Hypopharynx","Pharynx","C13.1",8980,8981
4,17,"Hypopharynx","Pharynx","C13.2",8000,8576
4,17,"Hypopharynx","Pharynx","C13.2",8940,8950
4,17,"Hypopharynx","Pharynx","C13.2",8980,8981
4,17,"Hypopharynx","Pharynx","C13.8",8000,8576
4,17,"Hypopharynx","Pharynx","C13.8",8940,8950
4,17,"Hypopharynx","Pharynx","C13.8",8980,8981
4,17,"Hypopharynx","Pharynx","C13.9",8000,8576
4,17,"Hypopharynx","Pharynx","C13.9",8940,8950
4,17,"Hypopharynx","Pharynx","C13.9",8980,8981
5,19,"EpiglottisAnterior","Larynx","C10.1",8000,8576
5,19,"EpiglottisAnterior","Larynx","C10.1",8940,8950
5,19,"EpiglottisAnterior","Larynx","C10.1",8980,8981
5,20,"LarynxGlottic","Larynx","C32.0",8000,8576
5,20,"LarynxGlottic","Larynx","C32.0",8940,8950
5,20,"LarynxGlottic","Larynx","C32.0",8980,8981
5,21,"LarynxSupraglottic","Larynx","C32.1",8000,8576
5,21,"LarynxSupraglottic","Larynx","C32.1",8940,8950
5,21,"LarynxSupraglottic","Larynx","C32.1",8980,8981
5,22,"LarynxSubglottic","Larynx","C32.2",8000,8576
5,22,"LarynxSubglottic","Larynx","C32.2",8940,8950
5,22,"LarynxSubglottic","Larynx","C32.2",8980,8981
6,24,"NasalCavity","Nasal Cavity and Paranasal Sinuses","C30.0",8000,8576
6,24,"NasalCavity","Nasal Cavity and Paranasal Sinuses","C30.0",8940,8950
6,24,"NasalCavity","Nasal Cavity and Paranasal Sinuses","C30.0",8980,8981
6,25,"SinusMaxillary","Nasal Cavity and Paranasal Sinuses","C31.0",8000,8576
6,25,"SinusMaxillary","Nasal Cavity and Paranasal Sinuses","C31.0",8940,8950
6,25,"SinusMaxillary","Nasal Cavity and Paranasal Sinuses","C31.0",8980,8981
6,26,"SinusEthmoid","Nasal Cavity and Paranasal Sinuses","C31.1",8000,8576
6,26,"SinusEthmoid","Nasal Cavity and Paranasal Sinuses","C31.1",8940,8950
6,26,"SinusEthmoid","Nasal Cavity and Paranasal Sinuses","C31.1",8980,8981
7,29,"ParotidGland","Major Salivary Glands","C07.9",8000,8576
7,29,"ParotidGland","Major Salivary Glands","C07.9",8940,8950
7,29,"ParotidGland","Major Salivary Glands","C07.9",8980,8982
7,30,"SubmandibularGland","Major Salivary Glands","C08.0",8000,8576
7,30,"SubmandibularGland","Major Salivary Glands","C08.0",8940,8950
7,30,"SubmandibularGland","Major Salivary Glands","C08.0",8980,8982
7,31,"SalivaryGlandOther","Major Salivary Glands","C08.1",8000,8576
7,31,"SalivaryGlandOther","Major Salivary Glands","C08.1",8940,8950
7,31,"SalivaryGlandOther","Major Salivary Glands","C08.1",8980,8982
7,31,"SalivaryGlandOther","Major Salivary Glands","C08.8",8000,8576
7,31,"SalivaryGlandOther","Major Salivary Glands","C08.8",8940,8950
7,31,"SalivaryGlandOther","Major Salivary Glands","C08.8",8980,8982
7,31,"SalivaryGlandOther","Major Salivary Glands","C08.9",8000,8576
7,31,"SalivaryGlandOther","Major Salivary Glands","C08.9",8940,8950
7,31,"SalivaryGlandOther","Major Salivary Glands","C08.9",8980,8982
8,32,"Thyroid","Thyroid","C73.9",8000,8576
8,32,"Thyroid","Thyroid","C73.9",8940,8950
8,32,"Thyroid","Thyroid","C73.9",8980,8981
9,33,"MelanomaLipUpper","Mucosal Melanoma of Head and Neck","C00.0",8720,8790
9,33,"MelanomaLipUpper","Mucosal Melanoma of Head and Neck","C00.3",8720,8790
9,34,"MelanomaLipLower","Mucosal Melanoma of Head and Neck","C00.1",8720,8790
9,34,"MelanomaLipLower","Mucosal Melanoma of Head and Neck","C00.4",8720,8790
9,34,"MelanomaLipLower","Mucosal Melanoma of Head and Neck","C00.6",8720,8790
9,35,"MelanomaLipOther","Mucosal Melanoma of Head and Neck","C00.2",8720,8790
9,35,"MelanomaLipOther","Mucosal Melanoma of Head and Neck","C00.5",8720,8790
9,35,"MelanomaLipOther","Mucosal Melanoma of Head and Neck","C00.8",8720,8790
9,35,"MelanomaLipOther","Mucosal Melanoma of Head and Neck","C00.9",8720,8790
9,36,"MelanomaTongueAnterior","Mucosal Melanoma of Head and Neck","C02.0",8720,8790
9,36,"MelanomaTongueAnterior","Mucosal Melanoma of Head and Neck","C02.1",8720,8790
9,36,"MelanomaTongueAnterior","Mucosal Melanoma of Head and Neck","C02.2",8720,8790
9,36,"MelanomaTongueAnterior","Mucosal Melanoma of Head and Neck","C02.3",8720,8790
9,36,"MelanomaTongueAnterior","Mucosal Melanoma of Head and Neck","C02.8",8720,8790
9,36,"MelanomaTongueAnterior","Mucosal Melanoma of Head and Neck","C02.9",8720,8790
9,37,"MelanomaGumUpper","Mucosal Melanoma of Head and Neck","C03.0",8720,8790
9,38,"MelanomaGumLower","Mucosal Melanoma of Head and Neck","C03.1",8720,8790
9,38,"MelanomaGumLower","Mucosal Melanoma of Head and Neck","C06.2",8720,8790
9,39,"MelanomaGumOther","Mucosal Melanoma of Head and Neck","C03.9",8720,8790
9,40,"MelanomaFloorMouth","Mucosal Melanoma of Head and Neck","C04.0",8720,8790
9,40,"MelanomaFloorMouth","Mucosal Melanoma of Head and Neck","C04.1",8720,8790
9,40,"MelanomaFloorMouth","Mucosal Melanoma of Head and Neck","C04.8",8720,8790
9,40,"MelanomaFloorMouth","Mucosal Melanoma of Head and Neck","C04.9",8720,8790
9,41,"MelanomaPalateHard","Mucosal Melanoma of Head and Neck","C05.0",8720,8790
9,42,"MelanomaMouthOther","Mucosal Melanoma of Head and Neck","C05.8",8720,8790
9,42,"MelanomaMouthOther","Mucosal Melanoma of Head and Neck","C05.9",8720,8790
9,42,"MelanomaMouthOther","Mucosal Melanoma of Head and Neck","C06.8",8720,8790
9,42,"MelanomaMouthOther","Mucosal Melanoma of Head and Neck","C06.9",8720,8790
9,43,"MelanomaBuccalMucosa","Mucosal Melanoma of Head and Neck","C06.0",8720,8790
9,43,"MelanomaBuccalMucosa","Mucosal Melanoma of Head and Neck","C06.1",8720,8790
9,44,"MelanomaTongueBase","Mucosal Melanoma of Head and Neck","C01.9",8720,8790
9,44,"MelanomaTongueBase","Mucosal Melanoma of Head and Neck","C02.4",8720,8790
9,45,"MelanomaPalateSoft","Mucosal Melanoma of Head and Neck","C05.1",8720,8790
9,45,"MelanomaPalateSoft","Mucosal Melanoma of Head and Neck","C05.2",8720,8790
9,46,"MelanomaOropharynx","Mucosal Melanoma of Head and Neck","C09.0",8720,8790
9,46,"MelanomaOropharynx","Mucosal Melanoma of Head and Neck","C09.1",8720,8790
9,46,"MelanomaOropharynx","Mucosal Melanoma of Head and Neck","C09.8",8720,8790
9,46,"MelanomaOropharynx","Mucosal Melanoma of Head and Neck","C09.9",8720,8790
9,46,"MelanomaOropharynx","Mucosal Melanoma of Head and Neck","C10.0",8720,8790
9,46,"MelanomaOropharynx","Mucosal Melanoma of Head and Neck","C10.2",8720,8790
9,46,"MelanomaOropharynx","Mucosal Melanoma of Head and Neck","C10.4",8720,8790
9,46,"MelanomaOropharynx","Mucosal Melanoma of Head and Neck","C10.8",8720,8790
9,46,"MelanomaOropharynx","Mucosal Melanoma of Head and Neck","C10.9",8720,8790
9,47,"MelanomaNasopharynx","Mucosal Melanoma of Head and Neck","C11.0",8720,8790
9,47,"MelanomaNasopharynx","Mucosal Melanoma of Head and Neck","C11.1",8720,8790
9,47,"MelanomaNasopharynx","Mucosal Melanoma of Head and Neck","C11.2",8720,8790
9,47,"MelanomaNasopharynx","Mucosal Melanoma of Head and Neck","C11.3",8720,8790
9,47,"MelanomaNasopharynx","Mucosal Melanoma of Head and Neck","C11.8",8720,8790
9,47,"MelanomaNasopharynx","Mucosal Melanoma of Head and Neck","C11.9",8720,8790
9,48,"MelanomaHypopharynx","Mucosal Melanoma of Head and Neck","C12.9",8720,8790
9,48,"MelanomaHypopharynx","Mucosal Melanoma of Head and Neck","C13.0",8720,8790
9,48,"MelanomaHypopharynx","Mucosal Melanoma of Head and Neck","C13.1",8720,8790
9,48,"MelanomaHypopharynx","Mucosal Melanoma of Head and Neck","C13.2",8720,8790
9,48,"MelanomaHypopharynx","Mucosal Melanoma of Head and Neck","C13.8",8720,8790
9,48,"MelanomaHypopharynx","Mucosal Melanoma of Head and Neck","C13.9",8720,8790
9,49,"MelanomaPharynxOther","Mucosal Melanoma of Head and Neck","C14.0",8720,8790
9,49,"MelanomaPharynxOther","Mucosal Melanoma of Head and Neck","C14.2",8720,8790
9,49,"MelanomaPharynxOther","Mucosal Melanoma of Head and Neck","C14.8",8720,8790
9,50,"MelanomaEpiglottisAnterior","Mucosal Melanoma of Head and Neck","C10.1",8720,8790
9,51,"MelanomaLarynxGlottic","Mucosal Melanoma of Head and Neck","C32.0",8720,8790
9,52,"MelanomaLarynxSupraglottic","Mucosal Melanoma of Head and Neck","C32.1",8720,8790
9,53,"MelanomaLarynxSubglottic","Mucosal Melanoma of Head and Neck","C32.2",8720,8790
9,54,"MelanomaLarynxOther","Mucosal Melanoma of Head and Neck","C32.3",8720,8790
9,54,"MelanomaLarynxOther","Mucosal Melanoma of Head and Neck","C32.8",8720,8790
9,54,"MelanomaLarynxOther","Mucosal Melanoma of Head and Neck","C32.9",8720,8790
9,55,"MelanomaNasalCavity","Mucosal Melanoma of Head and Neck","C30.0",8720,8790
9,56,"MelanomaSinusMaxillary","Mucosal Melanoma of Head and Neck","C31.0",8720,8790
9,57,"MelanomaSinusEthmoid","Mucosal Melanoma of Head and Neck","C31.1",8720,8790
9,58,"MelanomaSinusOther","Mucosal Melanoma of Head and Neck","C31.2",8720,8790
9,58,"MelanomaSinusOther","Mucosal Melanoma of Head and Neck","C31.3",8720,8790
9,58,"MelanomaSinusOther","Mucosal Melanoma of Head and Neck","C31.8",8720,8790
9,58,"MelanomaSinusOther","Mucosal Melanoma of Head and Neck","C31.9",8720,8790
10,59,"Esophagus","Esophagus and Esophagogastric Junction","C15.0",8000,8576
10,59,"Esophagus","Esophagus and Esophagogastric Junction","C15.1",8000,8576
10,59,"Esophagus","Esophagus and Esophagogastric Junction","C15.2",8000,8576
10,59,"Esophagus","Esophagus and Esophagogastric Junction","C15.3",8000,8576
10,59,"Esophagus","Esophagus and Esophagogastric Junction","C15.4",8000,8576
10,59,"Esophagus","Esophagus and Esophagogastric Junction","C15.5",8000,8576
10,59,"Esophagus","Esophagus and Esophagogastric Junction","C15.8",8000,8576
10,59,"Esophagus","Esophagus and Esophagogastric Junction","C15.9",8000,8576
10,59,"Esophagus","Esophagus and Esophagogastric Junction","C15.0",8940,8950
10,59,"Esophagus","Esophagus and Esophagogastric Junction","C15.1",8940,8950
10,59,"Esophagus","Esophagus and Esophagogastric Junction","C15.2",8940,8950
10,59,"Esophagus","Esophagus and Esophagogastric Junction","C15.3",8940,8950
10,59,"Esophagus","Esophagus and Esophagogastric Junction","C15.4",8940,8950
10,59,"Esophagus","Esophagus and Esophagogastric Junction","C15.5",8940,8950
10,59,"Esophagus","Esophagus and Esophagogastric Junction","C15.8",8940,8950
10,59,"Esophagus","Esophagus and Esophagogastric Junction","C15.9",8940,8950
10,59,"Esophagus","Esophagus and Esophagogastric Junction","C15.0",8980,8981
10,59,"Esophagus","Esophagus and Esophagogastric Junction","C15.1",8980,8981
10,59,"Esophagus","Esophagus and Esophagogastric Junction","C15.2",8980,8981
10,59,"Esophagus","Esophagus and Esophagogastric Junction","C15.3",8980,8981
10,59,"Esophagus","Esophagus and Esophagogastric Junction","C15.4",8980,8981
10,59,"Esophagus","Esophagus and Esophagogastric Junction","C15.5",8980,8981
10,59,"Esophagus","Esophagus and Esophagogastric Junction","C15.8",8980,8981
10,59,"Esophagus","Esophagus and Esophagogastric Junction","C15.9",8980,8981
10,60,"EsophagusGEJunction","Esophagus and Esophagogastric Junction","C16.0",8000,8152
10,60,"EsophagusGEJunction","Esophagus and Esophagogastric Junction","C16.0",8154,8231
10,60,"EsophagusGEJunction","Esophagus and Esophagogastric Junction","C16.0",8243,8245
10,60,"EsophagusGEJunction","Esophagus and Esophagogastric Junction","C16.0",8247,8248
10,60,"EsophagusGEJunction","Esophagus and Esophagogastric Junction","C16.0",8250,8576
10,60,"EsophagusGEJunction","Esophagus and Esophagogastric Junction","C16.0",8940,8950
10,60,"EsophagusGEJunction","Esophagus and Esophagogastric Junction","C16.0",8980,8981
11,61,"Stomach","Stomach","C16.1",8000,8152
11,61,"Stomach","Stomach","C16.1",8154,8231
11,61,"Stomach","Stomach","C16.1",8243,8245
11,61,"Stomach","Stomach","C16.1",8247,8248
11,61,"Stomach","Stomach","C16.1",8250,8576
11,61,"Stomach","Stomach","C16.1",8940,8950
11,61,"Stomach","Stomach","C16.1",8980,8990
11,61,"Stomach","Stomach","C16.2",8000,8152
11,61,"Stomach","Stomach","C16.2",8154,8231
11,61,"Stomach","Stomach","C16.2",8243,8245
11,61,"Stomach","Stomach","C16.2",8247,8248
11,61,"Stomach","Stomach","C16.2",8250,8576
11,61,"Stomach","Stomach","C16.2",8940,8950
11,61,"Stomach","Stomach","C16.2",8980,8990
11,61,"Stomach","Stomach","C16.3",8000,8152
11,61,"Stomach","Stomach","C16.3",8154,8231
11,61,"Stomach","Stomach","C16.3",8243,8245
11,61,"Stomach","Stomach","C16.3",8247,8248
11,61,"Stomach","Stomach","C16.3",8250,8576
11,61,"Stomach","Stomach","C16.3",8940,8950
11,61,"Stomach","Stomach","C16.3",8980,8990
11,61,"Stomach","Stomach","C16.4",8000,8152
11,61,"Stomach","Stomach","C16.4",8154,8231
11,61,"Stomach","Stomach","C16.4",8243,8245
11,61,"Stomach","Stomach","C16.4",8247,8248
11,61,"Stomach","Stomach","C16.4",8250,8576
11,61,"Stomach","Stomach","C16.4",8940,8950
11,61,"Stomach","Stomach","C16.4",8980,8990
11,61,"Stomach","Stomach","C16.5",8000,8152
11,61,"Stomach","Stomach","C16.5",8154,8231
11,61,"Stomach","Stomach","C16.5",8243,8245
11,61,"Stomach","Stomach","C16.5",8247,8248
11,61,"Stomach","Stomach","C16.5",8250,8576
11,61,"Stomach","Stomach","C16.5",8940,8950
11,61,"Stomach","Stomach","C16.5",8980,8990
11,61,"Stomach","Stomach","C16.6",8000,8152
11,61,"Stomach","Stomach","C16.6",8154,8231
11,61,"Stomach","Stomach","C16.6",8243,8245
11,61,"Stomach","Stomach","C16.6",8247,8248
11,61,"Stomach","Stomach","C16.6",8250,8576
11,61,"Stomach","Stomach","C16.6",8940,8950
11,61,"Stomach","Stomach","C16.6",8980,8990
11,61,"Stomach","Stomach","C16.8",8000,8152
11,61,"Stomach","Stomach","C16.8",8154,8231
11,61,"Stomach","Stomach","C16.8",8243,8245
11,61,"Stomach","Stomach","C16.8",8247,8248
11,61,"Stomach","Stomach","C16.8",8250,8576
11,61,"Stomach","Stomach","C16.8",8940,8950
11,61,"Stomach","Stomach","C16.8",8980,8990
11,61,"Stomach","Stomach","C16.9",8000,8152
11,61,"Stomach","Stomach","C16.9",8154,8231
11,61,"Stomach","Stomach","C16.9",8243,8245
11,61,"Stomach","Stomach","C16.9",8247,8248
11,61,"Stomach","Stomach","C16.9",8250,8576
11,61,"Stomach","Stomach","C16.9",8940,8950
11,61,"Stomach","Stomach","C16.9",8980,8990
12,62,"SmallIntestine","Small Intestine","C17.0",8000,8152
12,62,"SmallIntestine","Small Intestine","C17.0",8154,8231
12,62,"SmallIntestine","Small Intestine","C17.0",8243,8245
12,62,"SmallIntestine","Small Intestine","C17.0",8247,8248
12,62,"SmallIntestine","Small Intestine","C17.0",8250,8576
12,62,"SmallIntestine","Small Intestine","C17.0",8940,8950
12,62,"SmallIntestine","Small Intestine","C17.0",8980,8981
12,62,"SmallIntestine","Small Intestine","C17.1",8000,8152
12,62,"SmallIntestine","Small Intestine","C17.1",8154,8231
12,62,"SmallIntestine","Small Intestine","C17.1",8243,8245
12,62,"SmallIntestine","Small Intestine","C17.1",8247,8248
12,62,"SmallIntestine","Small Intestine","C17.1",8250,8576
12,62,"SmallIntestine","Small Intestine","C17.1",8940,8950
12,62,"SmallIntestine","Small Intestine","C17.1",8980,8981
12,62,"SmallIntestine","Small Intestine","C17.2",8000,8152
12,62,"SmallIntestine","Small Intestine","C17.2",8154,8231
12,62,"SmallIntestine","Small Intestine","C17.2",8243,8245
12,62,"SmallIntestine","Small Intestine","C17.2",8247,8248
12,62,"SmallIntestine","Small Intestine","C17.2",8250,8576
12,62,"SmallIntestine","Small Intestine","C17.2",8940,8950
12,62,"SmallIntestine","Small Intestine","C17.2",8980,8981
12,62,"SmallIntestine","Small Intestine","C17.8",8000,8152
12,62,"SmallIntestine","Small Intestine","C17.8",8154,8231
12,62,"SmallIntestine","Small Intestine","C17.8",8243,8245
12,62,"SmallIntestine","Small Intestine","C17.8",8247,8248
12,62,"SmallIntestine","Small Intestine","C17.8",8250,8576
12,62,"SmallIntestine","Small Intestine","C17.8",8940,8950
12,62,"SmallIntestine","Small Intestine","C17.8",8980,8981
12,62,"SmallIntestine","Small Intestine","C17.9",8000,8152
12,62,"SmallIntestine","Small Intestine","C17.9",8154,8231
12,62,"SmallIntestine","Small Intestine","C17.9",8243,8245
12,62,"SmallIntestine","Small Intestine","C17.9",8247,8248
12,62,"SmallIntestine","Small Intestine","C17.9",8250,8576
12,62,"SmallIntestine","Small Intestine","C17.9",8940,8950
12,62,"SmallIntestine","Small Intestine","C17.9",8980,8981
13,63,"Appendix","Appendix","C18.1",8000,8576
13,63,"Appendix","Appendix","C18.1",8940,8950
13,63,"Appendix","Appendix","C18.1",8980,8981
14,65,"Colon","Colon and Rectum","C18.0",8000,8152
14,65,"Colon","Colon and Rectum","C18.0",8154,8231
14,65,"Colon","Colon and Rectum","C18.0",8243,8245
14,65,"Colon","Colon and Rectum","C18.0",8247,8248
14,65,"Colon","Colon and Rectum","C18.0",8250,8576
14,65,"Colon","Colon and Rectum","C18.0",8940,8950
14,65,"Colon","Colon and Rectum","C18.0",8980,8981
14,65,"Colon","Colon and Rectum","C18.2",8000,8152
14,65,"Colon","Colon and Rectum","C18.2",8154,8231
14,65,"Colon","Colon and Rectum","C18.2",8243,8245
14,65,"Colon","Colon and Rectum","C18.2",8247,8248
14,65,"Colon","Colon and Rectum","C18.2",8250,8576
14,65,"Colon","Colon and Rectum","C18.2",8940,8950
14,65,"Colon","Colon and Rectum","C18.2",8980,8981
14,65,"Colon","Colon and Rectum","C18.3",8000,8152
14,65,"Colon","Colon and Rectum","C18.3",8154,8231
14,65,"Colon","Colon and Rectum","C18.3",8243,8245
14,65,"Colon","Colon and Rectum","C18.3",8247,8248
14,65,"Colon","Colon and Rectum","C18.3",8250,8576
14,65,"Colon","Colon and Rectum","C18.3",8940,8950
14,65,"Colon","Colon and Rectum","C18.3",8980,8981
14,65,"Colon","Colon and Rectum","C18.4",8000,8152
14,65,"Colon","Colon and Rectum","C18.4",8154,8231
14,65,"Colon","Colon and Rectum","C18.4",8243,8245
14,65,"Colon","Colon and Rectum","C18.4",8247,8248
14,65,"Colon","Colon and Rectum","C18.4",8250,8576
14,65,"Colon","Colon and Rectum","C18.4",8940,8950
14,65,"Colon","Colon and Rectum","C18.4",8980,8981
14,65,"Colon","Colon and Rectum","C18.5",8000,8152
14,65,"Colon","Colon and Rectum","C18.5",8154,8231
14,65,"Colon","Colon and Rectum","C18.5",8243,8245
14,65,"Colon","Colon and Rectum","C18.5",8247,8248
14,65,"Colon","Colon and Rectum","C18.5",8250,8576
14,65,"Colon","Colon and Rectum","C18.5",8940,8950
14,65,"Colon","Colon and Rectum","C18.5",8980,8981
14,65,"Colon","Colon and Rectum","C18.6",8000,8152
14,65,"Colon","Colon and Rectum","C18.6",8154,8231
14,65,"Colon","Colon and Rectum","C18.6",8243,8245
14,65,"Colon","Colon and Rectum","C18.6",8247,8248
14,65,"Colon","Colon and Rectum","C18.6",8250,8576
14,65,"Colon","Colon and Rectum","C18.6",8940,8950
14,65,"Colon","Colon and Rectum","C18.6",8980,8981
14,65,"Colon","Colon and Rectum","C18.7",8000,8152
14,65,"Colon","Colon and Rectum","C18.7",8154,8231
14,65,"Colon","Colon and Rectum","C18.7",8243,8245
14,65,"Colon","Colon and Rectum","C18.7",8247,8248
14,65,"Colon","Colon and Rectum","C18.7",8250,8576
14,65,"Colon","Colon and Rectum","C18.7",8940,8950
14,65,"Colon","Colon and Rectum","C18.7",8980,8981
14,65,"Colon","Colon and Rectum","C18.8",8000,8152
14,65,"Colon","Colon and Rectum","C18.8",8154,8231
14,65,"Colon","Colon and Rectum","C18.8",8243,8245
14,65,"Colon","Colon and Rectum","C18.8",8247,8248
14,65,"Colon","Colon and Rectum","C18.8",8250,8576
14,65,"Colon","Colon and Rectum","C18.8",8940,8950
14,65,"Colon","Colon and Rectum","C18.8",8980,8981
14,65,"Colon","Colon and Rectum","C18.9",8000,8152
14,65,"Colon","Colon and Rectum","C18.9",8154,8231
14,65,"Colon","Colon and Rectum","C18.9",8243,8245
14,65,"Colon","Colon and Rectum","C18.9",8247,8248
14,65,"Colon","Colon and Rectum","C18.9",8250,8576
14,65,"Colon","Colon and Rectum","C18.9",8940,8950
14,65,"Colon","Colon and Rectum","C18.9",8980,8981
14,66,"Rectum","Colon and Rectum","C19.9",8000,8152
14,66,"Rectum","Colon and Rectum","C19.9",8154,8231
14,66,"Rectum","Colon and Rectum","C19.9",8243,8245
14,66,"Rectum","Colon and Rectum","C19.9",8247,8248
14,66,"Rectum","Colon and Rectum","C19.9",8250,8576
14,66,"Rectum","Colon and Rectum","C19.9",8940,8950
14,66,"Rectum","Colon and Rectum","C19.9",8980,8981
14,66,"Rectum","Colon and Rectum","C20.9",8000,8152
14,66,"Rectum","Colon and Rectum","C20.9",8154,8231
14,66,"Rectum","Colon and Rectum","C20.9",8243,8245
14,66,"Rectum","Colon and Rectum","C20.9",8247,8248
14,66,"Rectum","Colon and Rectum","C20.9",8250,8576
14,66,"Rectum","Colon and Rectum","C20.9",8940,8950
14,66,"Rectum","Colon and Rectum","C20.9",8980,8981
15,67,"Anus","Anus","C21.0",8000,8152
15,67,"Anus","Anus","C21.0",8154,8231
15,67,"Anus","Anus","C21.0",8243,8245
15,67,"Anus","Anus","C21.0",8250,8576
15,67,"Anus","Anus","C21.0",8940,8950
15,67,"Anus","Anus","C21.0",8980,8981
15,67,"Anus","Anus","C21.1",8000,8152
15,67,"Anus","Anus","C21.1",8154,8231
15,67,"Anus","Anus","C21.1",8243,8245
15,67,"Anus","Anus","C21.1",8250,8576
15,67,"Anus","Anus","C21.1",8940,8950
15,67,"Anus","Anus","C21.1",8980,8981
15,67,"Anus","Anus","C21.2",8000,8152
15,67,"Anus","Anus","C21.2",8154,8231
15,67,"Anus","Anus","C21.2",8243,8245
15,67,"Anus","Anus","C21.2",8250,8576
15,67,"Anus","Anus","C21.2",8940,8950
15,67,"Anus","Anus","C21.2",8980,8981
15,67,"Anus","Anus","C21.8",8000,8152
15,67,"Anus","Anus","C21.8",8154,8231
15,67,"Anus","Anus","C21.8",8243,8245
15,67,"Anus","Anus","C21.8",8250,8576
15,67,"Anus","Anus","C21.8",8940,8950
15,67,"Anus","Anus","C21.8",8980,8981
16,68,"GISTEsophagus","Gastrointestinal Stromal Tumor (GIST)","C15.0",8935,8935
16,68,"GISTEsophagus","Gastrointestinal Stromal Tumor (GIST)","C15.0",8936,8936
16,68,"GISTEsophagus","Gastrointestinal Stromal Tumor (GIST)","C15.1",8935,8935
16,68,"GISTEsophagus","Gastrointestinal Stromal Tumor (GIST)","C15.1",8936,8936
16,68,"GISTEsophagus","Gastrointestinal Stromal Tumor (GIST)","C15.2",8935,8935
16,68,"GISTEsophagus","Gastrointestinal Stromal Tumor (GIST)","C15.2",8936,8936
16,68,"GISTEsophagus","Gastrointestinal Stromal Tumor (GIST)","C15.3",8935,8935
16,68,"GISTEsophagus","Gastrointestinal Stromal Tumor (GIST)","C15.3",8936,8936
16,68,"GISTEsophagus","Gastrointestinal Stromal Tumor (GIST)","C15.4",8935,8935
16,68,"GISTEsophagus","Gastrointestinal Stromal Tumor (GIST)","C15.4",8936,8936
16,68,"GISTEsophagus","Gastrointestinal Stromal Tumor (GIST)","C15.5",8935,8935
16,68,"GISTEsophagus","Gastrointestinal Stromal Tumor (GIST)","C15.5",8936,8936
16,68,"GISTEsophagus","Gastrointestinal Stromal Tumor (GIST)","C15.8",8935,8935
16,68,"GISTEsophagus","Gastrointestinal Stromal Tumor (GIST)","C15.8",8936,8936
16,68,"GISTEsophagus","Gastrointestinal Stromal Tumor (GIST)","C15.9",8935,8935
16,68,"GISTEsophagus","Gastrointestinal Stromal Tumor (GIST)","C15.9",8936,8936
16,69,"GISTStomach","Gastrointestinal Stromal Tumor (GIST)","C16.0",8935,8935
16,69,"GISTStomach","Gastrointestinal Stromal Tumor (GIST)","C16.0",8936,8936
16,69,"GISTStomach","Gastrointestinal Stromal Tumor (GIST)","C16.1",8935,8935
16,69,"GISTStomach","Gastrointestinal Stromal Tumor (GIST)","C16.1",8936,8936
16,69,"GISTStomach","Gastrointestinal Stromal Tumor (GIST)","C16.2",8935,8935
16,69,"GISTStomach","Gastrointestinal Stromal Tumor (GIST)","C16.2",8936,8936
16,69,"GISTStomach","Gastrointestinal Stromal Tumor (GIST)","C16.3",8935,8935
16,69,"GISTStomach","Gastrointestinal Stromal Tumor (GIST)","C16.3",8936,8936
16,69,"GISTStomach","Gastrointestinal Stromal Tumor (GIST)","C16.4",8935,8935
16,69,"GISTStomach","Gastrointestinal Stromal Tumor (GIST)","C16.4",8936,8936
16,69,"GISTStomach","Gastrointestinal Stromal Tumor (GIST)","C16.5",8935,8935
16,69,"GISTStomach","Gastrointestinal Stromal Tumor (GIST)","C16.5",8936,8936
16,69,"GISTStomach","Gastrointestinal Stromal Tumor (GIST)","C16.6",8935,8935
16,69,"GISTStomach","Gastrointestinal Stromal Tumor (GIST)","C16.6",8936,8936
16,69,"GISTStomach","Gastrointestinal Stromal Tumor (GIST)","C16.8",8935,8935
16,69,"GISTStomach","Gastrointestinal Stromal Tumor (GIST)","C16.8",8936,8936
16,69,"GISTStomach","Gastrointestinal Stromal Tumor (GIST)","C16.9",8935,8935
16,69,"GISTStomach","Gastrointestinal Stromal Tumor (GIST)","C16.9",8936,8936
16,70,"GISTSmallIntestine","Gastrointestinal Stromal Tumor (GIST)","C17.0",8935,8935
16,70,"GISTSmallIntestine","Gastrointestinal Stromal Tumor (GIST)","C17.0",8936,8936
16,70,"GISTSmallIntestine","Gastrointestinal Stromal Tumor (GIST)","C17.1",8935,8935
16,70,"GISTSmallIntestine","Gastrointestinal Stromal Tumor (GIST)","C17.1",8936,8936
16,70,"GISTSmallIntestine","Gastrointestinal Stromal Tumor (GIST)","C17.2",8935,8935
16,70,"GISTSmallIntestine","Gastrointestinal Stromal Tumor (GIST)","C17.2",8936,8936
16,70,"GISTSmallIntestine","Gastrointestinal Stromal Tumor (GIST)","C17.8",8935,8935
16,70,"GISTSmallIntestine","Gastrointestinal Stromal Tumor (GIST)","C17.8",8936,8936
16,70,"GISTSmallIntestine","Gastrointestinal Stromal Tumor (GIST)","C17.9",8935,8935
16,70,"GISTSmallIntestine","Gastrointestinal Stromal Tumor (GIST)","C17.9",8936,8936
16,71,"GISTAppendix","Gastrointestinal Stromal Tumor (GIST)","C18.1",8935,8935
16,71,"GISTAppendix","Gastrointestinal Stromal Tumor (GIST)","C18.1",8936,8936
16,72,"GISTColon","Gastrointestinal Stromal Tumor (GIST)","C18.0",8935,8935
16,72,"GISTColon","Gastrointestinal Stromal Tumor (GIST)","C18.0",8936,8936
16,72,"GISTColon","Gastrointestinal Stromal Tumor (GIST)","C18.2",8935,8935
16,72,"GISTColon","Gastrointestinal Stromal Tumor (GIST)","C18.2",8936,8936
16,72,"GISTColon","Gastrointestinal Stromal Tumor (GIST)","C18.3",8935,8935
16,72,"GISTColon","Gastrointestinal Stromal Tumor (GIST)","C18.3",8936,8936
16,72,"GISTColon","Gastrointestinal Stromal Tumor (GIST)","C18.4",8935,8935
16,72,"GISTColon","Gastrointestinal Stromal Tumor (GIST)","C18.4",8936,8936
16,72,"GISTColon","Gastrointestinal Stromal Tumor (GIST)","C18.5",8935,8935
16,72,"GISTColon","Gastrointestinal Stromal Tumor (GIST)","C18.5",8936,8936
16,72,"GISTColon","Gastrointestinal Stromal Tumor (GIST)","C18.6",8935,8935
16,72,"GISTColon","Gastrointestinal Stromal Tumor (GIST)","C18.6",8936,8936
16,72,"GISTColon","Gastrointestinal Stromal Tumor (GIST)","C18.7",8935,8935
16,72,"GISTColon","Gastrointestinal Stromal Tumor (GIST)","C18.7",8936,8936
16,72,"GISTColon","Gastrointestinal Stromal Tumor (GIST)","C18.8",8935,8935
16,72,"GISTColon","Gastrointestinal Stromal Tumor (GIST)","C18.8",8936,8936
16,72,"GISTColon","Gastrointestinal Stromal Tumor (GIST)","C18.9",8935,8935
16,72,"GISTColon","Gastrointestinal Stromal Tumor (GIST)","C18.9",8936,8936
16,73,"GISTRectum","Gastrointestinal Stromal Tumor (GIST)","C19.9",8935,8935
16,73,"GISTRectum","Gastrointestinal Stromal Tumor (GIST)","C19.9",8936,8936
16,73,"GISTRectum","Gastrointestinal Stromal Tumor (GIST)","C20.9",8935,8935
16,73,"GISTRectum","Gastrointestinal Stromal Tumor (GIST)","C20.9",8936,8936
16,74,"GISTPeritoneum","Gastrointestinal Stromal Tumor (GIST)","C48.1",8935,8935
16,74,"GISTPeritoneum","Gastrointestinal Stromal Tumor (GIST)","C48.1",8936,8936
17,75,"NETStomach","Neuroendocrine Tumors (NET)","C16.0",8153,8153
17,75,"NETStomach","Neuroendocrine Tumors (NET)","C16.0",8240,8242
17,75,"NETStomach","Neuroendocrine Tumors (NET)","C16.0",8246,8246
17,75,"NETStomach","Neuroendocrine Tumors (NET)","C16.0",8249,8249
17,75,"NETStomach","Neuroendocrine Tumors (NET)","C16.1",8153,8153
17,75,"NETStomach","Neuroendocrine Tumors (NET)","C16.1",8240,8242
17,75,"NETStomach","Neuroendocrine Tumors (NET)","C16.1",8246,8246
17,75,"NETStomach","Neuroendocrine Tumors (NET)","C16.1",8249,8249
17,75,"NETStomach","Neuroendocrine Tumors (NET)","C16.2",8153,8153
17,75,"NETStomach","Neuroendocrine Tumors (NET)","C16.2",8240,8242
17,75,"NETStomach","Neuroendocrine Tumors (NET)","C16.2",8246,8246
17,75,"NETStomach","Neuroendocrine Tumors (NET)","C16.2",8249,8249
17,75,"NETStomach","Neuroendocrine Tumors (NET)","C16.3",8153,8153
17,75,"NETStomach","Neuroendocrine Tumors (NET)","C16.3",8240,8242
17,75,"NETStomach","Neuroendocrine Tumors (NET)","C16.3",8246,8246
17,75,"NETStomach","Neuroendocrine Tumors (NET)","C16.3",8249,8249
17,75,"NETStomach","Neuroendocrine Tumors (NET)","C16.4",8153,8153
17,75,"NETStomach","Neuroendocrine Tumors (NET)","C16.4",8240,8242
17,75,"NETStomach","Neuroendocrine Tumors (NET)","C16.4",8246,8246
17,75,"NETStomach","Neuroendocrine Tumors (NET)","C16.4",8249,8249
17,75,"NETStomach","Neuroendocrine Tumors (NET)","C16.5",8153,8153
17,75,"NETStomach","Neuroendocrine Tumors (NET)","C16.5",8240,8242
17,75,"NETStomach","Neuroendocrine Tumors (NET)","C16.5",8246,8246
17,75,"NETStomach","Neuroendocrine Tumors (NET)","C16.5",8249,8249
17,75,"NETStomach","Neuroendocrine Tumors (NET)","C16.6",8153,8153
17,75,"NETStomach","Neuroendocrine Tumors (NET)","C16.6",8240,8242
17,75,"NETStomach","Neuroendocrine Tumors (NET)","C16.6",8246,8246
17,75,"NETStomach","Neuroendocrine Tumors (NET)","C16.6",8249,8249
17,75,"NETStomach","Neuroendocrine Tumors (NET)","C16.8",8153,8153
17,75,"NETStomach","Neuroendocrine Tumors (NET)","C16.8",8240,8242
17,75,"NETStomach","Neuroendocrine Tumors (NET)","C16.8",8246,8246
17,75,"NETStomach","Neuroendocrine Tumors (NET)","C16.8",8249,8249
17,75,"NETStomach","Neuroendocrine Tumors (NET)","C16.9",8153,8153
17,75,"NETStomach","Neuroendocrine Tumors (NET)","C16.9",8240,8242
17,75,"NETStomach","Neuroendocrine Tumors (NET)","C16.9",8246,8246
17,75,"NETStomach","Neuroendocrine Tumors (NET)","C16.9",8249,8249
17,76,"NETSmallIntestine","Neuroendocrine Tumors (NET)","C17.0",8153,8153
17,76,"NETSmallIntestine","Neuroendocrine Tumors (NET)","C17.0",8240,8242
17,76,"NETSmallIntestine","Neuroendocrine Tumors (NET)","C17.0",8246,8246
17,76,"NETSmallIntestine","Neuroendocrine Tumors (NET)","C17.0",8249,8249
17,76,"NETSmallIntestine","Neuroendocrine Tumors (NET)","C17.1",8153,8153
17,76,"NETSmallIntestine","Neuroendocrine Tumors (NET)","C17.1",8240,8242
17,76,"NETSmallIntestine","Neuroendocrine Tumors (NET)","C17.1",8246,8246
17,76,"NETSmallIntestine","Neuroendocrine Tumors (NET)","C17.1",8249,8249
17,76,"NETSmallIntestine","Neuroendocrine Tumors (NET)","C17.2",8153,8153
17,76,"NETSmallIntestine","Neuroendocrine Tumors (NET)","C17.2",8240,8242
17,76,"NETSmallIntestine","Neuroendocrine Tumors (NET)","C17.2",8246,8246
17,76,"NETSmallIntestine","Neuroendocrine Tumors (NET)","C17.2",8249,8249
17,76,"NETSmallIntestine","Neuroendocrine Tumors (NET)","C17.8",8153,8153
17,76,"NETSmallIntestine","Neuroendocrine Tumors (NET)","C17.8",8240,8242
17,76,"NETSmallIntestine","Neuroendocrine Tumors (NET)","C17.8",8246,8246
17,76,"NETSmallIntestine","Neuroendocrine Tumors (NET)","C17.8",8249,8249
17,76,"NETSmallIntestine","Neuroendocrine Tumors (NET)","C17.9",8153,8153
17,76,"NETSmallIntestine","Neuroendocrine Tumors (NET)","C17.9",8240,8242
17,76,"NETSmallIntestine","Neuroendocrine Tumors (NET)","C17.9",8246,8246
17,76,"NETSmallIntestine","Neuroendocrine Tumors (NET)","C17.9",8249,8249
17,77,"NETColon","Neuroendocrine Tumors (NET)","C18.0",8153,8153
17,77,"NETColon","Neuroendocrine Tumors (NET)","C18.0",8240,8242
17,77,"NETColon","Neuroendocrine Tumors (NET)","C18.0",8246,8246
17,77,"NETColon","Neuroendocrine Tumors (NET)","C18.0",8249,8249
17,77,"NETColon","Neuroendocrine Tumors (NET)","C18.2",8153,8153
17,77,"NETColon","Neuroendocrine Tumors (NET)","C18.2",8240,8242
17,77,"NETColon","Neuroendocrine Tumors (NET)","C18.2",8246,8246
17,77,"NETColon","Neuroendocrine Tumors (NET)","C18.2",8249,8249
17,77,"NETColon","Neuroendocrine Tumors (NET)","C18.3",8153,8153
17,77,"NETColon","Neuroendocrine Tumors (NET)","C18.3",8240,8242
17,77,"NETColon","Neuroendocrine Tumors (NET)","C18.3",8246,8246
17,77,"NETColon","Neuroendocrine Tumors (NET)","C18.3",8249,8249
17,77,"NETColon","Neuroendocrine Tumors (NET)","C18.4",8153,8153
17,77,"NETColon","Neuroendocrine Tumors (NET)","C18.4",8240,8242
17,77,"NETColon","Neuroendocrine Tumors (NET)","C18.4",8246,8246
17,77,"NETColon","Neuroendocrine Tumors (NET)","C18.4",8249,8249
17,77,"NETColon","Neuroendocrine Tumors (NET)","C18.5",8153,8153
17,77,"NETColon","Neuroendocrine Tumors (NET)","C18.5",8240,8242
17,77,"NETColon","Neuroendocrine Tumors (NET)","C18.5",8246,8246
17,77,"NETColon","Neuroendocrine Tumors (NET)","C18.5",8249,8249
17,77,"NETColon","Neuroendocrine Tumors (NET)","C18.6",8153,8153
17,77,"NETColon","Neuroendocrine Tumors (NET)","C18.6",8240,8242
17,77,"NETColon","Neuroendocrine Tumors (NET)","C18.6",8246,8246
17,77,"NETColon","Neuroendocrine Tumors (NET)","C18.6",8249,8249
17,77,"NETColon","Neuroendocrine Tumors (NET)","C18.7",8153,8153
17,77,"NETColon","Neuroendocrine Tumors (NET)","C18.7",8240,8242
17,77,"NETColon","Neuroendocrine Tumors (NET)","C18.7",8246,8246
17,77,"NETColon","Neuroendocrine Tumors (NET)","C18.7",8249,8249
17,77,"NETColon","Neuroendocrine Tumors (NET)","C18.8",8153,8153
17,77,"NETColon","Neuroendocrine Tumors (NET)","C18.8",8240,8242
17,77,"NETColon","Neuroendocrine Tumors (NET)","C18.8",8246,8246
17,77,"NETColon","Neuroendocrine Tumors (NET)","C18.8",8249,8249
17,77,"NETColon","Neuroendocrine Tumors (NET)","C18.9",8153,8153
17,77,"NETColon","Neuroendocrine Tumors (NET)","C18.9",8240,8242
17,77,"NETColon","Neuroendocrine Tumors (NET)","C18.9",8246,8246
17,77,"NETColon","Neuroendocrine Tumors (NET)","C18.9",8249,8249
17,78,"NETRectum","Neuroendocrine Tumors (NET)","C19.9",8153,8153
17,78,"NETRectum","Neuroendocrine Tumors (NET)","C19.9",8240,8242
17,78,"NETRectum","Neuroendocrine Tumors (NET)","C19.9",8246,8246
17,78,"NETRectum","Neuroendocrine Tumors (NET)","C19.9",8249,8249
17,78,"NETRectum","Neuroendocrine Tumors (NET)","C20.9",8153,8153
17,78,"NETRectum","Neuroendocrine Tumors (NET)","C20.9",8240,8242
17,78,"NETRectum","Neuroendocrine Tumors (NET)","C20.9",8246,8246
17,78,"NETRectum","Neuroendocrine Tumors (NET)","C20.9",8249,8249
17,79,"NETAmpulla","Neuroendocrine Tumors (NET)","C24.1",8153,8153
17,79,"NETAmpulla","Neuroendocrine Tumors (NET)","C24.1",8240,8242
17,79,"NETAmpulla","Neuroendocrine Tumors (NET)","C24.1",8246,8246
17,79,"NETAmpulla","Neuroendocrine Tumors (NET)","C24.1",8249,8249
18,80,"Liver","Liver (excluding intrahepatic bile ducts)","C22.0",8170,8175
19,81,"BileDuctsIntraHepat","Intrahepatic Bile Ducts","C22.1",8160,8160
19,81,"BileDuctsIntraHepat","Intrahepatic Bile Ducts","C22.1",8161,8161
19,81,"BileDuctsIntraHepat","Intrahepatic Bile Ducts","C22.1",8180,8180
20,82,"Gallbladder","Gallbladder","C23.9",8000,8152
20,82,"Gallbladder","Gallbladder","C23.9",8154,8231
20,82,"Gallbladder","Gallbladder","C23.9",8243,8245
20,82,"Gallbladder","Gallbladder","C23.9",8250,8576
20,82,"Gallbladder","Gallbladder","C23.9",8940,8950
20,82,"Gallbladder","Gallbladder","C23.9",8980,8981
23,87,"AmpullaVater","Ampulla of Vater","C24.1",8000,8152
23,87,"AmpullaVater","Ampulla of Vater","C24.1",8154,8231
23,87,"AmpullaVater","Ampulla of Vater","C24.1",8243,8245
23,87,"AmpullaVater","Ampulla of Vater","C24.1",8250,8576
23,87,"AmpullaVater","Ampulla of Vater","C24.1",8940,8950
23,87,"AmpullaVater","Ampulla of Vater","C24.1",8980,8981
24,88,"PancreasHead","Exocrine and Endocrine Pancreas","C25.0",8000,8576
24,88,"PancreasHead","Exocrine and Endocrine Pancreas","C25.0",8940,8950
24,88,"PancreasHead","Exocrine and Endocrine Pancreas","C25.0",8971,8971
24,88,"PancreasHead","Exocrine and Endocrine Pancreas","C25.0",8980,8981
24,89,"PancreasBodyTail","Exocrine and Endocrine Pancreas","C25.1",8000,8576
24,89,"PancreasBodyTail","Exocrine and Endocrine Pancreas","C25.1",8940,8950
24,89,"PancreasBodyTail","Exocrine and Endocrine Pancreas","C25.1",8971,8971
24,89,"PancreasBodyTail","Exocrine and Endocrine Pancreas","C25.1",8980,8981
24,89,"PancreasBodyTail","Exocrine and Endocrine Pancreas","C25.2",8000,8576
24,89,"PancreasBodyTail","Exocrine and Endocrine Pancreas","C25.2",8940,8950
24,89,"PancreasBodyTail","Exocrine and Endocrine Pancreas","C25.2",8971,8971
24,89,"PancreasBodyTail","Exocrine and Endocrine Pancreas","C25.2",8980,8981
24,90,"PancreasOther","Exocrine and Endocrine Pancreas","C25.3",8000,8576
24,90,"PancreasOther","Exocrine and Endocrine Pancreas","C25.3",8940,8950
24,90,"PancreasOther","Exocrine and Endocrine Pancreas","C25.3",8971,8971
24,90,"PancreasOther","Exocrine and Endocrine Pancreas","C25.3",8980,8981
24,90,"PancreasOther","Exocrine and Endocrine Pancreas","C25.4",8000,8576
24,90,"PancreasOther","Exocrine and Endocrine Pancreas","C25.4",8940,8950
24,90,"PancreasOther","Exocrine and Endocrine Pancreas","C25.4",8971,8971
24,90,"PancreasOther","Exocrine and Endocrine Pancreas","C25.4",8980,8981
24,90,"PancreasOther","Exocrine and Endocrine Pancreas","C25.7",8000,8576
24,90,"PancreasOther","Exocrine and Endocrine Pancreas","C25.7",8940,8950
24,90,"PancreasOther","Exocrine and Endocrine Pancreas","C25.7",8971,8971
24,90,"PancreasOther","Exocrine and Endocrine Pancreas","C25.7",8980,8981
24,90,"PancreasOther","Exocrine and Endocrine Pancreas","C25.8",8000,8576
24,90,"PancreasOther","Exocrine and Endocrine Pancreas","C25.8",8940,8950
24,90,"PancreasOther","Exocrine and Endocrine Pancreas","C25.8",8971,8971
24,90,"PancreasOther","Exocrine and Endocrine Pancreas","C25.8",8980,8981
24,90,"PancreasOther","Exocrine and Endocrine Pancreas","C25.9",8000,8576
24,90,"PancreasOther","Exocrine and Endocrine Pancreas","C25.9",8940,8950
24,90,"PancreasOther","Exocrine and Endocrine Pancreas","C25.9",8971,8971
24,90,"PancreasOther","Exocrine and Endocrine Pancreas","C25.9",8980,8981
26,94,"Pleura","Pleural Mesothelioma","C38.4",9050,9053
27,96,"Bone","Bone","C40.0",8800,9136
27,96,"Bone","Bone","C40.0",9142,9582
27,96,"Bone","Bone","C40.1",8800,9136
27,96,"Bone","Bone","C40.1",9142,9582
27,96,"Bone","Bone","C40.2",8800,9136
27,96,"Bone","Bone","C40.2",9142,9582
27,96,"Bone","Bone","C40.3",8800,9136
27,96,"Bone","Bone","C40.3",9142,9582
27,96,"Bone","Bone","C40.8",8800,9136
27,96,"Bone","Bone","C40.8",9142,9582
27,96,"Bone","Bone","C40.9",8800,9136
27,96,"Bone","Bone","C40.9",9142,9582
27,96,"Bone","Bone","C41.0",8800,9136
27,96,"Bone","Bone","C41.0",9142,9582
27,96,"Bone","Bone","C41.1",8800,9136
27,96,"Bone","Bone","C41.1",9142,9582
27,96,"Bone","Bone","C41.2",8800,9136
27,96,"Bone","Bone","C41.2",9142,9582
27,96,"Bone","Bone","C41.3",8800,9136
27,96,"Bone","Bone","C41.3",9142,9582
27,96,"Bone","Bone","C41.4",8800,9136
27,96,"Bone","Bone","C41.4",9142,9582
27,96,"Bone","Bone","C41.8",8800,9136
27,96,"Bone","Bone","C41.8",9142,9582
27,96,"Bone","Bone","C41.9",8800,9136
27,96,"Bone","Bone","C41.9",9142,9582
28,97,"HeartMediastinum","Soft Tissue Sarcoma","C38.0",8800,8820
28,97,"HeartMediastinum","Soft Tissue Sarcoma","C38.0",8823,8935
28,97,"HeartMediastinum","Soft Tissue Sarcoma","C38.0",8940,9136
28,97,"HeartMediastinum","Soft Tissue Sarcoma","C38.0",9142,9582
28,97,"HeartMediastinum","Soft Tissue Sarcoma","C38.1",8800,8820
28,97,"HeartMediastinum","Soft Tissue Sarcoma","C38.1",8823,8935
28,97,"HeartMediastinum","Soft Tissue Sarcoma","C38.1",8940,9136
28,97,"HeartMediastinum","Soft Tissue Sarcoma","C38.1",9142,9582
28,97,"HeartMediastinum","Soft Tissue Sarcoma","C38.2",8800,8820
28,97,"HeartMediastinum","Soft Tissue Sarcoma","C38.2",8823,8935
28,97,"HeartMediastinum","Soft Tissue Sarcoma","C38.2",8940,9136
28,97,"HeartMediastinum","Soft Tissue Sarcoma","C38.2",9142,9582
28,97,"HeartMediastinum","Soft Tissue Sarcoma","C38.3",8800,8820
28,97,"HeartMediastinum","Soft Tissue Sarcoma","C38.3",8823,8935
28,97,"HeartMediastinum","Soft Tissue Sarcoma","C38.3",8940,9136
28,97,"HeartMediastinum","Soft Tissue Sarcoma","C38.3",9142,9582
28,97,"HeartMediastinum","Soft Tissue Sarcoma","C38.8",8800,8820
28,97,"HeartMediastinum","Soft Tissue Sarcoma","C38.8",8823,8935
28,97,"HeartMediastinum","Soft Tissue Sarcoma","C38.8",8940,9136
28,97,"HeartMediastinum","Soft Tissue Sarcoma","C38.8",9142,9582
28,98,"SoftTissue","Soft Tissue Sarcoma","C47.0",8800,8820
28,98,"SoftTissue","Soft Tissue Sarcoma","C47.0",8823,8935
28,98,"SoftTissue","Soft Tissue Sarcoma","C47.0",8940,9136
28,98,"SoftTissue","Soft Tissue Sarcoma","C47.0",9142,9582
28,98,"SoftTissue","Soft Tissue Sarcoma","C47.1",8800,8820
28,98,"SoftTissue","Soft Tissue Sarcoma","C47.1",8823,8935
28,98,"SoftTissue","Soft Tissue Sarcoma","C47.1",8940,9136
28,98,"SoftTissue","Soft Tissue Sarcoma","C47.1",9142,9582
28,98,"SoftTissue","Soft Tissue Sarcoma","C47.2",8800,8820
28,98,"SoftTissue","Soft Tissue Sarcoma","C47.2",8823,8935
28,98,"SoftTissue","Soft Tissue Sarcoma","C47.2",8940,9136
28,98,"SoftTissue","Soft Tissue Sarcoma","C47.2",9142,9582
28,98,"SoftTissue","Soft Tissue Sarcoma","C47.3",8800,8820
28,98,"SoftTissue","Soft Tissue Sarcoma","C47.3",8823,8935
28,98,"SoftTissue","Soft Tissue Sarcoma","C47.3",8940,9136
28,98,"SoftTissue","Soft Tissue Sarcoma","C47.3",9142,9582
28,98,"SoftTissue","Soft Tissue Sarcoma","C47.4",8800,8820
28,98,"SoftTissue","Soft Tissue Sarcoma","C47.4",8823,8935
28,98,"SoftTissue","Soft Tissue Sarcoma","C47.4",8940,9136
28,98,"SoftTissue","Soft Tissue Sarcoma","C47.4",9142,9582
28,98,"SoftTissue","Soft Tissue Sarcoma","C47.5",8800,8820
28,98,"SoftTissue","Soft Tissue Sarcoma","C47.5",8823,8935
28,98,"SoftTissue","Soft Tissue Sarcoma","C47.5",8940,9136
28,98,"SoftTissue","Soft Tissue Sarcoma","C47.5",9142,9582
28,98,"SoftTissue","Soft Tissue Sarcoma","C47.6",8800,8820
28,98,"SoftTissue","Soft Tissue Sarcoma","C47.6",8823,8935
28,98,"SoftTissue","Soft Tissue Sarcoma","C47.6",8940,9136
28,98,"SoftTissue","Soft Tissue Sarcoma","C47.6",9142,9582
28,98,"SoftTissue","Soft Tissue Sarcoma","C47.8",8800,8820
28,98,"SoftTissue","Soft Tissue Sarcoma","C47.8",8823,8935
28,98,"SoftTissue","Soft Tissue Sarcoma","C47.8",8940,9136
28,98,"SoftTissue","Soft Tissue Sarcoma","C47.8",9142,9582
28,98,"SoftTissue","Soft Tissue Sarcoma","C47.9",8800,8820
28,98,"SoftTissue","Soft Tissue Sarcoma","C47.9",8823,8935
28,98,"SoftTissue","Soft Tissue Sarcoma","C47.9",8940,9136
28,98,"SoftTissue","Soft Tissue Sarcoma","C47.9",9142,9582
28,98,"SoftTissue","Soft Tissue Sarcoma","C49.0",8800,8820
28,98,"SoftTissue","Soft Tissue Sarcoma","C49.0",8823,8935
28,98,"SoftTissue","Soft Tissue Sarcoma","C49.0",8940,9136
28,98,"SoftTissue","Soft Tissue Sarcoma","C49.0",9142,9582
28,98,"SoftTissue","Soft Tissue Sarcoma","C49.1",8800,8820
28,98,"SoftTissue","Soft Tissue Sarcoma","C49.1",8823,8935
28,98,"SoftTissue","Soft Tissue Sarcoma","C49.1",8940,9136
28,98,"SoftTissue","Soft Tissue Sarcoma","C49.1",9142,9582
28,98,"SoftTissue","Soft Tissue Sarcoma","C49.2",8800,8820
28,98,"SoftTissue","Soft Tissue Sarcoma","C49.2",8823,8935
28,98,"SoftTissue","Soft Tissue Sarcoma","C49.2",8940,9136
28,98,"SoftTissue","Soft Tissue Sarcoma","C49.2",9142,9582
28,98,"SoftTissue","Soft Tissue Sarcoma","C49.3",8800,8820
28,98,"SoftTissue","Soft Tissue Sarcoma","C49.3",8823,8935
28,98,"SoftTissue","Soft Tissue Sarcoma","C49.3",8940,9136
28,98,"SoftTissue","Soft Tissue Sarcoma","C49.3",9142,9582
28,98,"SoftTissue","Soft Tissue Sarcoma","C49.4",8800,8820
28,98,"SoftTissue","Soft Tissue Sarcoma","C49.4",8823,8935
28,98,"SoftTissue","Soft Tissue Sarcoma","C49.4",8940,9136
28,98,"SoftTissue","Soft Tissue Sarcoma","C49.4",9142,9582
28,98,"SoftTissue","Soft Tissue Sarcoma","C49.5",8800,8820
28,98,"SoftTissue","Soft Tissue Sarcoma","C49.5",8823,8935
28,98,"SoftTissue","Soft Tissue Sarcoma","C49.5",8940,9136
28,98,"SoftTissue","Soft Tissue Sarcoma","C49.5",9142,9582
28,98,"SoftTissue","Soft Tissue Sarcoma","C49.6",8800,8820
28,98,"SoftTissue","Soft Tissue Sarcoma","C49.6",8823,8935
28,98,"SoftTissue","Soft Tissue Sarcoma","C49.6",8940,9136
28,98,"SoftTissue","Soft Tissue Sarcoma","C49.6",9142,9582
28,98,"SoftTissue","Soft Tissue Sarcoma","C49.8",8800,8820
28,98,"SoftTissue","Soft Tissue Sarcoma","C49.8",8823,8935
28,98,"SoftTissue","Soft Tissue Sarcoma","C49.8",8940,9136
28,98,"SoftTissue","Soft Tissue Sarcoma","C49.8",9142,9582
28,98,"SoftTissue","Soft Tissue Sarcoma","C49.9",8800,8820
28,98,"SoftTissue","Soft Tissue Sarcoma","C49.9",8823,8935
28,98,"SoftTissue","Soft Tissue Sarcoma","C49.9",8940,9136
28,98,"SoftTissue","Soft Tissue Sarcoma","C49.9",9142,9582
28,100,"Retroperitoneum","Soft Tissue Sarcoma","C48.0",8800,8820
28,100,"Retroperitoneum","Soft Tissue Sarcoma","C48.0",8823,8935
28,100,"Retroperitoneum","Soft Tissue Sarcoma","C48.0",8940,9136
28,100,"Retroperitoneum","Soft Tissue Sarcoma","C48.0",9142,9582
29,101,"Skin","Cutaneous Squamous Cell Carcinoma and Other Cutaneous Carcinomas","C44.0",8000,8246
29,101,"Skin","Cutaneous Squamous Cell Carcinoma and Other Cutaneous Carcinomas","C44.0",8248,8576
29,101,"Skin","Cutaneous Squamous Cell Carcinoma and Other Cutaneous Carcinomas","C44.0",8940,8950
29,101,"Skin","Cutaneous Squamous Cell Carcinoma and Other Cutaneous Carcinomas","C44.0",8980,8981
29,101,"Skin","Cutaneous Squamous Cell Carcinoma and Other Cutaneous Carcinomas","C44.2",8000,8246
29,101,"Skin","Cutaneous Squamous Cell Carcinoma and Other Cutaneous Carcinomas","C44.2",8248,8576
29,101,"Skin","Cutaneous Squamous Cell Carcinoma and Other Cutaneous Carcinomas","C44.2",8940,8950
29,101,"Skin","Cutaneous Squamous Cell Carcinoma and Other Cutaneous Carcinomas","C44.2",8980,8981
29,101,"Skin","Cutaneous Squamous Cell Carcinoma and Other Cutaneous Carcinomas","C44.3",8000,8246
29,101,"Skin","Cutaneous Squamous Cell Carcinoma and Other Cutaneous Carcinomas","C44.3",8248,8576
29,101,"Skin","Cutaneous Squamous Cell Carcinoma and Other Cutaneous Carcinomas","C44.3",8940,8950
29,101,"Skin","Cutaneous Squamous Cell Carcinoma and Other Cutaneous Carcinomas","C44.3",8980,8981
29,101,"Skin","Cutaneous Squamous Cell Carcinoma and Other Cutaneous Carcinomas","C44.4",8000,8246
29,101,"Skin","Cutaneous Squamous Cell Carcinoma and Other Cutaneous Carcinomas","C44.4",8248,8576
29,101,"Skin","Cutaneous Squamous Cell Carcinoma and Other Cutaneous Carcinomas","C44.4",8940,8950
29,101,"Skin","Cutaneous Squamous Cell Carcinoma and Other Cutaneous Carcinomas","C44.4",8980,8981
29,101,"Skin","Cutaneous Squamous Cell Carcinoma and Other Cutaneous Carcinomas","C44.5",8000,8246
29,101,"Skin","Cutaneous Squamous Cell Carcinoma and Other Cutaneous Carcinomas","C44.5",8248,8576
29,101,"Skin","Cutaneous Squamous Cell Carcinoma and Other Cutaneous Carcinomas","C44.5",8940,8950
29,101,"Skin","Cutaneous Squamous Cell Carcinoma and Other Cutaneous Carcinomas","C44.5",8980,8981
29,101,"Skin","Cutaneous Squamous Cell Carcinoma and Other Cutaneous Carcinomas","C44.6",8000,8246
29,101,"Skin","Cutaneous Squamous Cell Carcinoma and Other Cutaneous Carcinomas","C44.6",8248,8576
29,101,"Skin","Cutaneous Squamous Cell Carcinoma and Other Cutaneous Carcinomas","C44.6",8940,8950
29,101,"Skin","Cutaneous Squamous Cell Carcinoma and Other Cutaneous Carcinomas","C44.6",8980,8981
29,101,"Skin","Cutaneous Squamous Cell Carcinoma and Other Cutaneous Carcinomas","C44.7",8000,8246
29,101,"Skin","Cutaneous Squamous Cell Carcinoma and Other Cutaneous Carcinomas","C44.7",8248,8576
29,101,"Skin","Cutaneous Squamous Cell Carcinoma and Other Cutaneous Carcinomas","C44.7",8940,8950
29,101,"Skin","Cutaneous Squamous Cell Carcinoma and Other Cutaneous Carcinomas","C44.7",8980,8981
29,101,"Skin","Cutaneous Squamous Cell Carcinoma and Other Cutaneous Carcinomas","C44.8",8000,8246
29,101,"Skin","Cutaneous Squamous Cell Carcinoma and Other Cutaneous Carcinomas","C44.8",8248,8576
29,101,"Skin","Cutaneous Squamous Cell Carcinoma and Other Cutaneous Carcinomas","C44.8",8940,8950
29,101,"Skin","Cutaneous Squamous Cell Carcinoma and Other Cutaneous Carcinomas","C44.8",8980,8981
29,101,"Skin","Cutaneous Squamous Cell Carcinoma and Other Cutaneous Carcinomas","C44.9",8000,8246
29,101,"Skin","Cutaneous Squamous Cell Carcinoma and Other Cutaneous Carcinomas","C44.9",8248,8576
29,101,"Skin","Cutaneous Squamous Cell Carcinoma and Other Cutaneous Carcinomas","C44.9",8940,8950
29,101,"Skin","Cutaneous Squamous Cell Carcinoma and Other Cutaneous Carcinomas","C44.9",8980,8981
29,102,"Scrotum","Cutaneous Squamous Cell Carcinoma and Other Cutaneous Carcinomas","C63.2",8000,8246
29,102,"Scrotum","Cutaneous Squamous Cell Carcinoma and Other Cutaneous Carcinomas","C63.2",8248,8576
29,102,"Scrotum","Cutaneous Squamous Cell Carcinoma and Other Cutaneous Carcinomas","C63.2",8940,8950
29,102,"Scrotum","Cutaneous Squamous Cell Carcinoma and Other Cutaneous Carcinomas","C63.2",8980,8981
30,103,"MerkelCellSkin","Merkel Cell Carcinoma","C44.0",8247,8247
30,103,"MerkelCellSkin","Merkel Cell Carcinoma","C44.2",8247,8247
30,103,"MerkelCellSkin","Merkel Cell Carcinoma","C44.3",8247,8247
30,103,"MerkelCellSkin","Merkel Cell Carcinoma","C44.4",8247,8247
30,103,"MerkelCellSkin","Merkel Cell Carcinoma","C44.5",8247,8247
30,103,"MerkelCellSkin","Merkel Cell Carcinoma","C44.6",8247,8247
30,103,"MerkelCellSkin","Merkel Cell Carcinoma","C44.7",8247,8247
30,103,"MerkelCellSkin","Merkel Cell Carcinoma","C44.8",8247,8247
30,103,"MerkelCellSkin","Merkel Cell Carcinoma","C44.9",8247,8247
30,104,"MerkelCellVulva","Merkel Cell Carcinoma","C51.0",8247,8247
30,104,"MerkelCellVulva","Merkel Cell Carcinoma","C51.1",8247,8247
30,104,"MerkelCellVulva","Merkel Cell Carcinoma","C51.2",8247,8247
30,104,"MerkelCellVulva","Merkel Cell Carcinoma","C51.8",8247,8247
30,104,"MerkelCellVulva","Merkel Cell Carcinoma","C51.9",8247,8247
30,105,"MerkelCellPenis","Merkel Cell Carcinoma","C60.0",8247,8247
30,105,"MerkelCellPenis","Merkel Cell Carcinoma","C60.1",8247,8247
30,105,"MerkelCellPenis","Merkel Cell Carcinoma","C60.2",8247,8247
30,105,"MerkelCellPenis","Merkel Cell Carcinoma","C60.8",8247,8247
30,105,"MerkelCellPenis","Merkel Cell Carcinoma","C60.9",8247,8247
30,106,"MerkelCellScrotum","Merkel Cell Carcinoma","C63.2",8247,8247
31,107,"MelanomaSkin","Melanoma of the Skin","C44.0",8720,8790
31,107,"MelanomaSkin","Melanoma of the Skin","C44.1",8720,8790
31,107,"MelanomaSkin","Melanoma of the Skin","C44.2",8720,8790
31,107,"MelanomaSkin","Melanoma of the Skin","C44.3",8720,8790
31,107,"MelanomaSkin","Melanoma of the Skin","C44.4",8720,8790
31,107,"MelanomaSkin","Melanoma of the Skin","C44.5",8720,8790
31,107,"MelanomaSkin","Melanoma of the Skin","C44.6",8720,8790
31,107,"MelanomaSkin","Melanoma of the Skin","C44.7",8720,8790
31,107,"MelanomaSkin","Melanoma of the Skin","C44.8",8720,8790
31,107,"MelanomaSkin","Melanoma of the Skin","C44.9",8720,8790
31,107,"MelanomaSkin","Melanoma of the Skin","C51.0",8720,8790
31,107,"MelanomaSkin","Melanoma of the Skin","C51.1",8720,8790
31,107,"MelanomaSkin","Melanoma of the Skin","C51.2",8720,8790
31,107,"MelanomaSkin","Melanoma of the Skin","C51.8",8720,8790
31,107,"MelanomaSkin","Melanoma of the Skin","C51.9",8720,8790
31,107,"MelanomaSkin","Melanoma of the Skin","C60.0",8720,8790
31,107,"MelanomaSkin","Melanoma of the Skin","C60.1",8720,8790
31,107,"MelanomaSkin","Melanoma of the Skin","C60.2",8720,8790
31,107,"MelanomaSkin","Melanoma of the Skin","C60.8",8720,8790
31,107,"MelanomaSkin","Melanoma of the Skin","C60.9",8720,8790
31,107,"MelanomaSkin","Melanoma of the Skin","C63.2",8720,8790
32,108,"Breast","Breast","C50.0",8000,8576
32,108,"Breast","Breast","C50.0",8940,8950
32,108,"Breast","Breast","C50.0",8980,8981
32,108,"Breast","Breast","C50.0",9020,9020
32,108,"Breast","Breast","C50.1",8000,8576
32,108,"Breast","Breast","C50.1",8940,8950
32,108,"Breast","Breast","C50.1",8980,8981
32,108,"Breast","Breast","C50.1",9020,9020
32,108,"Breast","Breast","C50.2",8000,8576
32,108,"Breast","Breast","C50.2",8940,8950
32,108,"Breast","Breast","C50.2",8980,8981
32,108,"Breast","Breast","C50.2",9020,9020
32,108,"Breast","Breast","C50.3",8000,8576
32,108,"Breast","Breast","C50.3",8940,8950
32,108,"Breast","Breast","C50.3",8980,8981
32,108,"Breast","Breast","C50.3",9020,9020
32,108,"Breast","Breast","C50.4",8000,8576
32,108,"Breast","Breast","C50.4",8940,8950
32,108,"Breast","Breast","C50.4",8980,8981
32,108,"Breast","Breast","C50.4",9020,9020
32,108,"Breast","Breast","C50.5",8000,8576
32,108,"Breast","Breast","C50.5",8940,8950
32,108,"Breast","Breast","C50.5",8980,8981
32,108,"Breast","Breast","C50.5",9020,9020
32,108,"Breast","Breast","C50.6",8000,8576
32,108,"Breast","Breast","C50.6",8940,8950
32,108,"Breast","Breast","C50.6",8980,8981
32,108,"Breast","Breast","C50.6",9020,9020
32,108,"Breast","Breast","C50.8",8000,8576
32,108,"Breast","Breast","C50.8",8940,8950
32,108,"Breast","Breast","C50.8",8980,8981
32,108,"Breast","Breast","C50.8",9020,9020
32,108,"Breast","Breast","C50.9",8000,8576
32,108,"Breast","Breast","C50.9",8940,8950
32,108,"Breast","Breast","C50.9",8980,8981
32,108,"Breast","Breast","C50.9",9020,9020
33,109,"Vulva","Vulva","C51.0",8000,8246
33,109,"Vulva","Vulva","C51.0",8248,8576
33,109,"Vulva","Vulva","C51.0",8940,8950
33,109,"Vulva","Vulva","C51.0",8980,8981
33,109,"Vulva","Vulva","C51.1",8000,8246
33,109,"Vulva","Vulva","C51.1",8248,8576
33,109,"Vulva","Vulva","C51.1",8940,8950
33,109,"Vulva","Vulva","C51.1",8980,8981
33,109,"Vulva","Vulva","C51.2",8000,8246
33,109,"Vulva","Vulva","C51.2",8248,8576
33,109,"Vulva","Vulva","C51.2",8940,8950
33,109,"Vulva","Vulva","C51.2",8980,8981
33,109,"Vulva","Vulva","C51.8",8000,8246
33,109,"Vulva","Vulva","C51.8",8248,8576
33,109,"Vulva","Vulva","C51.8",8940,8950
33,109,"Vulva","Vulva","C51.8",8980,8981
33,109,"Vulva","Vulva","C51.9",8000,8246
33,109,"Vulva","Vulva","C51.9",8248,8576
33,109,"Vulva","Vulva","C51.9",8940,8950
33,109,"Vulva","Vulva","C51.9",8980,8981
34,110,"Vagina","Vagina","C52.9",8000,8576
34,110,"Vagina","Vagina","C52.9",8800,8801
34,110,"Vagina","Vagina","C52.9",8940,8950
34,110,"Vagina","Vagina","C52.9",8980,8981
35,111,"Cervix","Cervix Uteri","C53.0",8000,8576
35,111,"Cervix","Cervix Uteri","C53.0",8940,8950
35,111,"Cervix","Cervix Uteri","C53.0",8980,8981
35,111,"Cervix","Cervix Uteri","C53.1",8000,8576
35,111,"Cervix","Cervix Uteri","C53.1",8940,8950
35,111,"Cervix","Cervix Uteri","C53.1",8980,8981
35,111,"Cervix","Cervix Uteri","C53.8",8000,8576
35,111,"Cervix","Cervix Uteri","C53.8",8940,8950
35,111,"Cervix","Cervix Uteri","C53.8",8980,8981
35,111,"Cervix","Cervix Uteri","C53.9",8000,8576
35,111,"Cervix","Cervix Uteri","C53.9",8940,8950
35,111,"Cervix","Cervix Uteri","C53.9",8980,8981
36,112,"CorpusCarcinomas","Corpus Uteri","C54.0",8000,8790
36,112,"CorpusCarcinomas","Corpus Uteri","C54.1",8000,8790
36,112,"CorpusCarcinomas","Corpus Uteri","C54.2",8000,8790
36,112,"CorpusCarcinomas","Corpus Uteri","C54.3",8000,8790
36,112,"CorpusCarcinomas","Corpus Uteri","C54.8",8000,8790
36,112,"CorpusCarcinomas","Corpus Uteri","C54.9",8000,8790
36,112,"CorpusCarcinomas","Corpus Uteri","C55.9",8000,8790
36,112,"CorpusCarcinomas","Corpus Uteri","C54.0",8950,8951
36,112,"CorpusCarcinomas","Corpus Uteri","C54.1",8950,8951
36,112,"CorpusCarcinomas","Corpus Uteri","C54.2",8950,8951
36,112,"CorpusCarcinomas","Corpus Uteri","C54.3",8950,8951
36,112,"CorpusCarcinomas","Corpus Uteri","C54.8",8950,8951
36,112,"CorpusCarcinomas","Corpus Uteri","C54.9",8950,8951
36,112,"CorpusCarcinomas","Corpus Uteri","C55.9",8950,8951
36,112,"CorpusCarcinomas","Corpus Uteri","C54.0",8980,8981
36,112,"CorpusCarcinomas","Corpus Uteri","C54.1",8980,8981
36,112,"CorpusCarcinomas","Corpus Uteri","C54.2",8980,8981
36,112,"CorpusCarcinomas","Corpus Uteri","C54.3",8980,8981
36,112,"CorpusCarcinomas","Corpus Uteri","C54.8",8980,8981
36,112,"CorpusCarcinomas","Corpus Uteri","C54.9",8980,8981
36,112,"CorpusCarcinomas","Corpus Uteri","C55.9",8980,8981
36,113,"CorpusSarcoma","Corpus Uteri","C54.0",8800,8800
36,113,"CorpusSarcoma","Corpus Uteri","C54.1",8800,8800
36,113,"CorpusSarcoma","Corpus Uteri","C54.2",8800,8800
36,113,"CorpusSarcoma","Corpus Uteri","C54.3",8800,8800
36,113,"CorpusSarcoma","Corpus Uteri","C54.8",8800,8800
36,113,"CorpusSarcoma","Corpus Uteri","C54.9",8800,8800
36,113,"CorpusSarcoma","Corpus Uteri","C55.9",8800,8800
36,113,"CorpusSarcoma","Corpus Uteri","C54.0",8890,8898
36,113,"CorpusSarcoma","Corpus Uteri","C54.1",8890,8898
36,113,"CorpusSarcoma","Corpus Uteri","C54.2",8890,8898
36,113,"CorpusSarcoma","Corpus Uteri","C54.3",8890,8898
36,113,"CorpusSarcoma","Corpus Uteri","C54.8",8890,8898
36,113,"CorpusSarcoma","Corpus Uteri","C54.9",8890,8898
36,113,"CorpusSarcoma","Corpus Uteri","C55.9",8890,8898
36,113,"CorpusSarcoma","Corpus Uteri","C54.0",8900,8921
36,113,"CorpusSarcoma","Corpus Uteri","C54.1",8900,8921
36,113,"CorpusSarcoma","Corpus Uteri","C54.2",8900,8921
36,113,"CorpusSarcoma","Corpus Uteri","C54.3",8900,8921
36,113,"CorpusSarcoma","Corpus Uteri","C54.8",8900,8921
36,113,"CorpusSarcoma","Corpus Uteri","C54.9",8900,8921
36,113,"CorpusSarcoma","Corpus Uteri","C55.9",8900,8921
36,113,"CorpusSarcoma","Corpus Uteri","C54.0",8930,8931
36,113,"CorpusSarcoma","Corpus Uteri","C54.1",8930,8931
36,113,"CorpusSarcoma","Corpus Uteri","C54.2",8930,8931
36,113,"CorpusSarcoma","Corpus Uteri","C54.3",8930,8931
36,113,"CorpusSarcoma","Corpus Uteri","C54.8",8930,8931
36,113,"CorpusSarcoma","Corpus Uteri","C54.9",8930,8931
36,113,"CorpusSarcoma","Corpus Uteri","C55.9",8930,8931
36,113,"CorpusSarcoma","Corpus Uteri","C54.0",8935,8935
36,113,"CorpusSarcoma","Corpus Uteri","C54.1",8935,8935
36,113,"CorpusSarcoma","Corpus Uteri","C54.2",8935,8935
36,113,"CorpusSarcoma","Corpus Uteri","C54.3",8935,8935
36,113,"CorpusSarcoma","Corpus Uteri","C54.8",8935,8935
36,113,"CorpusSarcoma","Corpus Uteri","C54.9",8935,8935
36,113,"CorpusSarcoma","Corpus Uteri","C55.9",8935,8935
36,114,"CorpusAdenosarcoma","Corpus Uteri","C54.0",8933,8933
36,114,"CorpusAdenosarcoma","Corpus Uteri","C54.1",8933,8933
36,114,"CorpusAdenosarcoma","Corpus Uteri","C54.2",8933,8933
36,114,"CorpusAdenosarcoma","Corpus Uteri","C54.3",8933,8933
36,114,"CorpusAdenosarcoma","Corpus Uteri","C54.8",8933,8933
36,114,"CorpusAdenosarcoma","Corpus Uteri","C54.9",8933,8933
36,114,"CorpusAdenosarcoma","Corpus Uteri","C55.9",8933,8933
37,115,"Ovary","Ovary and Primary Peritoneal Carcinoma","C56.9",8000,8576
37,115,"Ovary","Ovary and Primary Peritoneal Carcinoma","C56.9",8590,8671
37,115,"Ovary","Ovary and Primary Peritoneal Carcinoma","C56.9",8930,9110
38,117,"FallopianTube","Fallopian Tube","C57.0",8000,8576
38,117,"FallopianTube","Fallopian Tube","C57.0",8940,8950
38,117,"FallopianTube","Fallopian Tube","C57.0",8980,8981
39,120,"Placenta","Gestational Trophoblastic Tumors","C58.9",9100,9105
40,121,"Penis","Penis","C60.0",8000,8246
40,121,"Penis","Penis","C60.0",8248,8576
40,121,"Penis","Penis","C60.0",8940,8950
40,121,"Penis","Penis","C60.0",8980,8981
40,121,"Penis","Penis","C60.1",8000,8246
40,121,"Penis","Penis","C60.1",8248,8576
40,121,"Penis","Penis","C60.1",8940,8950
40,121,"Penis","Penis","C60.1",8980,8981
40,121,"Penis","Penis","C60.2",8000,8246
40,121,"Penis","Penis","C60.2",8248,8576
40,121,"Penis","Penis","C60.2",8940,8950
40,121,"Penis","Penis","C60.2",8980,8981
40,121,"Penis","Penis","C60.8",8000,8246
40,121,"Penis","Penis","C60.8",8248,8576
40,121,"Penis","Penis","C60.8",8940,8950
40,121,"Penis","Penis","C60.8",8980,8981
40,121,"Penis","Penis","C60.9",8000,8246
40,121,"Penis","Penis","C60.9",8248,8576
40,121,"Penis","Penis","C60.9",8940,8950
40,121,"Penis","Penis","C60.9",8980,8981
41,122,"Prostate","Prostate","C61.9",8000,8110
41,122,"Prostate","Prostate","C61.9",8140,8576
41,122,"Prostate","Prostate","C61.9",8940,8950
41,122,"Prostate","Prostate","C61.9",8980,8981
42,123,"Testis","Testis","C62.0",8000,8576
42,123,"Testis","Testis","C62.0",8590,8670
42,123,"Testis","Testis","C62.0",8940,8950
42,123,"Testis","Testis","C62.0",8980,8981
42,123,"Testis","Testis","C62.0",9060,9090
42,123,"Testis","Testis","C62.0",9100,9105
42,123,"Testis","Testis","C62.1",8000,8576
42,123,"Testis","Testis","C62.1",8590,8670
42,123,"Testis","Testis","C62.1",8940,8950
42,123,"Testis","Testis","C62.1",8980,8981
42,123,"Testis","Testis","C62.1",9060,9090
42,123,"Testis","Testis","C62.1",9100,9105
42,123,"Testis","Testis","C62.9",8000,8576
42,123,"Testis","Testis","C62.9",8590,8670
42,123,"Testis","Testis","C62.9",8940,8950
42,123,"Testis","Testis","C62.9",8980,8981
42,123,"Testis","Testis","C62.9",9060,9090
42,123,"Testis","Testis","C62.9",9100,9105
43,125,"KidneyParenchyma","Kidney","C64.9",8000,8576
43,125,"KidneyParenchyma","Kidney","C64.9",8940,8950
43,125,"KidneyParenchyma","Kidney","C64.9",8980,8981
44,126,"KidneyRenalPelvis","Renal Pelvis and Ureter","C65.9",8000,8576
44,126,"KidneyRenalPelvis","Renal Pelvis and Ureter","C65.9",8940,8950
44,126,"KidneyRenalPelvis","Renal Pelvis and Ureter","C65.9",8980,8981
44,126,"KidneyRenalPelvis","Renal Pelvis and Ureter","C66.9",8000,8576
44,126,"KidneyRenalPelvis","Renal Pelvis and Ureter","C66.9",8940,8950
44,126,"KidneyRenalPelvis","Renal Pelvis and Ureter","C66.9",8980,8981
45,127,"Bladder","Urinary Bladder","C67.0",8000,8576
45,127,"Bladder","Urinary Bladder","C67.0",8940,8950
45,127,"Bladder","Urinary Bladder","C67.0",8980,8981
45,127,"Bladder","Urinary Bladder","C67.1",8000,8576
45,127,"Bladder","Urinary Bladder","C67.1",8940,8950
45,127,"Bladder","Urinary Bladder","C67.1",8980,8981
45,127,"Bladder","Urinary Bladder","C67.2",8000,8576
45,127,"Bladder","Urinary Bladder","C67.2",8940,8950
45,127,"Bladder","Urinary Bladder","C67.2",8980,8981
45,127,"Bladder","Urinary Bladder","C67.3",8000,8576
45,127,"Bladder","Urinary Bladder","C67.3",8940,8950
45,127,"Bladder","Urinary Bladder","C67.3",8980,8981
45,127,"Bladder","Urinary Bladder","C67.4",8000,8576
45,127,"Bladder","Urinary Bladder","C67.4",8940,8950
45,127,"Bladder","Urinary Bladder","C67.4",8980,8981
45,127,"Bladder","Urinary Bladder","C67.5",8000,8576
45,127,"Bladder","Urinary Bladder","C67.5",8940,8950
45,127,"Bladder","Urinary Bladder","C67.5",8980,8981
45,127,"Bladder","Urinary Bladder","C67.6",8000,8576
45,127,"Bladder","Urinary Bladder","C67.6",8940,8950
45,127,"Bladder","Urinary Bladder","C67.6",8980,8981
45,127,"Bladder","Urinary Bladder","C67.7",8000,8576
45,127,"Bladder","Urinary Bladder","C67.7",8940,8950
45,127,"Bladder","Urinary Bladder","C67.7",8980,8981
45,127,"Bladder","Urinary Bladder","C67.8",8000,8576
45,127,"Bladder","Urinary Bladder","C67.8",8940,8950
45,127,"Bladder","Urinary Bladder","C67.8",8980,8981
45,127,"Bladder","Urinary Bladder","C67.9",8000,8576
45,127,"Bladder","Urinary Bladder","C67.9",8940,8950
45,127,"Bladder","Urinary Bladder","C67.9",8980,8981
46,128,"Urethra","Urethra","C68.0",8000,8576
46,128,"Urethra","Urethra","C68.0",8940,8950
46,128,"Urethra","Urethra","C68.0",8980,8981
47,129,"AdrenalGland","Adrenal","C74.0",8010,8010
47,129,"AdrenalGland","Adrenal","C74.0",8140,8140
47,129,"AdrenalGland","Adrenal","C74.0",8370,8370
47,129,"AdrenalGland","Adrenal","C74.9",8370,8370
48,131,"SkinEyelid","Carcinoma of the Eyelid","C44.1",8000,8576
48,131,"SkinEyelid","Carcinoma of the Eyelid","C44.1",8940,8950
48,131,"SkinEyelid","Carcinoma of the Eyelid","C44.1",8980,8981
49,132,"Conjunctiva","Carcinoma of the Conjunctiva","C69.0",8000,8576
49,132,"Conjunctiva","Carcinoma of the Conjunctiva","C69.0",8940,8950
49,132,"Conjunctiva","Carcinoma of the Conjunctiva","C69.0",8980,8981
50,133,"MelanomaConjunctiva","Malignant Melanoma of the Conjunctiva","C69.0",8720,8790
51,134,"MelanomaChoroid","Malignant Melanoma of the Uvea","C69.3",8720,8790
52,137,"Retinoblastoma","Retinoblastoma","C69.2",9510,9514
53,138,"LacrimalGland","Carcinoma of the Lacrimal Gland","C69.5",8000,8576
53,138,"LacrimalGland","Carcinoma of the Lacrimal Gland","C69.5",8940,8950
53,138,"LacrimalGland","Carcinoma of the Lacrimal Gland","C69.5",8980,8981
54,140,"Orbit","Sarcoma of the Orbit","C69.6",8800,8936
54,140,"Orbit","Sarcoma of the Orbit","C69.6",8940,9136
54,140,"Orbit","Sarcoma of the Orbit","C69.6",9141,9508
54,140,"Orbit","Sarcoma of the Orbit","C69.6",9520,9582
56,144,"Brain","Brain and Spinal Cord (No AJCC Staging)","C70.0",8000,8000
56,144,"Brain","Brain and Spinal Cord (No AJCC Staging)","C70.0",8680,9136
56,144,"Brain","Brain and Spinal Cord (No AJCC Staging)","C70.0",9141,9582
56,144,"Brain","Brain and Spinal Cord (No AJCC Staging)","C71.0",8000,8000
56,144,"Brain","Brain and Spinal Cord (No AJCC Staging)","C71.0",8680,9136
56,144,"Brain","Brain and Spinal Cord (No AJCC Staging)","C71.0",9141,9582
56,144,"Brain","Brain and Spinal Cord (No AJCC Staging)","C71.1",8000,8000
56,144,"Brain","Brain and Spinal Cord (No AJCC Staging)","C71.1",8680,9136
56,144,"Brain","Brain and Spinal Cord (No AJCC Staging)","C71.1",9141,9582
56,144,"Brain","Brain and Spinal Cord (No AJCC Staging)","C71.2",8000,8000
56,144,"Brain","Brain and Spinal Cord (No AJCC Staging)","C71.2",8680,9136
56,144,"Brain","Brain and Spinal Cord (No AJCC Staging)","C71.2",9141,9582
56,144,"Brain","Brain and Spinal Cord (No AJCC Staging)","C71.3",8000,8000
56,144,"Brain","Brain and Spinal Cord (No AJCC Staging)","C71.3",8680,9136
56,144,"Brain","Brain and Spinal Cord (No AJCC Staging)","C71.3",9141,9582
56,144,"Brain","Brain and Spinal Cord (No AJCC Staging)","C71.4",8000,8000
56,144,"Brain","Brain and Spinal Cord (No AJCC Staging)","C71.4",8680,9136
56,144,"Brain","Brain and Spinal Cord (No AJCC Staging)","C71.4",9141,9582
56,144,"Brain","Brain and Spinal Cord (No AJCC Staging)","C71.5",8000,8000
56,144,"Brain","Brain and Spinal Cord (No AJCC Staging)","C71.5",8680,9136
56,144,"Brain","Brain and Spinal Cord (No AJCC Staging)","C71.5",9141,9582
56,144,"Brain","Brain and Spinal Cord (No AJCC Staging)","C71.6",8000,8000
56,144,"Brain","Brain and Spinal Cord (No AJCC Staging)","C71.6",8680,9136
56,144,"Brain","Brain and Spinal Cord (No AJCC Staging)","C71.6",9141,9582
56,144,"Brain","Brain and Spinal Cord (No AJCC Staging)","C71.7",8000,8000
56,144,"Brain","Brain and Spinal Cord (No AJCC Staging)","C71.7",8680,9136
56,144,"Brain","Brain and Spinal Cord (No AJCC Staging)","C71.7",9141,9582
56,144,"Brain","Brain and Spinal Cord (No AJCC Staging)","C71.8",8000,8000
56,144,"Brain","Brain and Spinal Cord (No AJCC Staging)","C71.8",8680,9136
56,144,"Brain","Brain and Spinal Cord (No AJCC Staging)","C71.8",9141,9582
56,144,"Brain","Brain and Spinal Cord (No AJCC Staging)","C71.9",8000,8000
56,144,"Brain","Brain and Spinal Cord (No AJCC Staging)","C71.9",8680,9136
56,144,"Brain","Brain and Spinal Cord (No AJCC Staging)","C71.9",9141,9582
56,145,"CNSOther","Brain and Spinal Cord (No AJCC Staging)","C70.1",8000,8000
56,145,"CNSOther","Brain and Spinal Cord (No AJCC Staging)","C70.1",8680,9136
56,145,"CNSOther","Brain and Spinal Cord (No AJCC Staging)","C70.1",9141,9582
56,145,"CNSOther","Brain and Spinal Cord (No AJCC Staging)","C70.9",8000,8000
56,145,"CNSOther","Brain and Spinal Cord (No AJCC Staging)","C70.9",8680,9136
56,145,"CNSOther","Brain and Spinal Cord (No AJCC Staging)","C70.9",9141,9582
56,145,"CNSOther","Brain and Spinal Cord (No AJCC Staging)","C72.0",8000,8000
56,145,"CNSOther","Brain and Spinal Cord (No AJCC Staging)","C72.0",8680,9136
56,145,"CNSOther","Brain and Spinal Cord (No AJCC Staging)","C72.0",9141,9582
56,145,"CNSOther","Brain and Spinal Cord (No AJCC Staging)","C72.1",8000,8000
56,145,"CNSOther","Brain and Spinal Cord (No AJCC Staging)","C72.1",8680,9136
56,145,"CNSOther","Brain and Spinal Cord (No AJCC Staging)","C72.1",9141,9582
56,145,"CNSOther","Brain and Spinal Cord (No AJCC Staging)","C72.2",8000,8000
56,145,"CNSOther","Brain and Spinal Cord (No AJCC Staging)","C72.2",8680,9136
56,145,"CNSOther","Brain and Spinal Cord (No AJCC Staging)","C72.2",9141,9582
56,145,"CNSOther","Brain and Spinal Cord (No AJCC Staging)","C72.3",8000,8000
56,145,"CNSOther","Brain and Spinal Cord (No AJCC Staging)","C72.3",8680,9136
56,145,"CNSOther","Brain and Spinal Cord (No AJCC Staging)","C72.3",9141,9582
56,145,"CNSOther","Brain and Spinal Cord (No AJCC Staging)","C72.4",8000,8000
56,145,"CNSOther","Brain and Spinal Cord (No AJCC Staging)","C72.4",8680,9136
56,145,"CNSOther","Brain and Spinal Cord (No AJCC Staging)","C72.4",9141,9582
56,145,"CNSOther","Brain and Spinal Cord (No AJCC Staging)","C72.5",8000,8000
56,145,"CNSOther","Brain and Spinal Cord (No AJCC Staging)","C72.5",8680,9136
56,145,"CNSOther","Brain and Spinal Cord (No AJCC Staging)","C72.5",9141,9582
56,145,"CNSOther","Brain and Spinal Cord (No AJCC Staging)","C72.8",8000,8000
56,145,"CNSOther","Brain and Spinal Cord (No AJCC Staging)","C72.8",8680,9136
56,145,"CNSOther","Brain and Spinal Cord (No AJCC Staging)","C72.8",9141,9582
56,145,"CNSOther","Brain and Spinal Cord (No AJCC Staging)","C72.9",8000,8000
56,145,"CNSOther","Brain and Spinal Cord (No AJCC Staging)","C72.9",8680,9136
56,145,"CNSOther","Brain and Spinal Cord (No AJCC Staging)","C72.9",9141,9582
56,146,"Intracranial gland","Brain and Spinal Cord (No AJCC Staging)","C75.1",8000,8000
56,146,"Intracranial gland","Brain and Spinal Cord (No AJCC Staging)","C75.1",8680,9136
56,146,"Intracranial gland","Brain and Spinal Cord (No AJCC Staging)","C75.1",9141,9582
56,146,"Intracranial gland","Brain and Spinal Cord (No AJCC Staging)","C75.2",8000,8000
56,146,"Intracranial gland","Brain and Spinal Cord (No AJCC Staging)","C75.2",8680,9136
56,146,"Intracranial gland","Brain and Spinal Cord (No AJCC Staging)","C75.2",9141,9582
56,146,"Intracranial gland","Brain and Spinal Cord (No AJCC Staging)","C75.3",8000,8000
56,146,"Intracranial gland","Brain and Spinal Cord (No AJCC Staging)","C75.3",8680,9136
56,146,"Intracranial gland","Brain and Spinal Cord (No AJCC Staging)","C75.3",9141,9582
25,157,"Lung","Lung_Others","C34.0",8000,8012
25,154,"Lung","NET_others","C34.0",8013,8013
25,157,"Lung","Lung_Others","C34.0",8014,8040
25,153,"Lung","NET_SCLC","C34.0",8041,8045
25,157,"Lung","Lung_Others","C34.0",8046,8050
25,155,"Lung","SqCC","C34.0",8051,8081
25,157,"Lung","Lung_Others","C34.0",8082,8082
25,155,"Lung","SqCC","C34.0",8083,8084
25,157,"Lung","Lung_Others","C34.0",8085,8139
25,156,"Lung","AdenoCa","C34.0",8140,8240
25,157,"Lung","Lung_Others","C34.0",8240,8240
25,156,"Lung","AdenoCa","C34.0",8241,8248
25,157,"Lung","Lung_Others","C34.0",8249,8249
25,156,"Lung","AdenoCa","C34.0",8250,8551
25,157,"Lung","Lung_Others","C34.0",8552,8576
25,157,"Lung","Lung_Others","C34.0",8940,8950
25,157,"Lung","Lung_Others","C34.0",8980,8981
25,157,"Lung","Lung_Others","C34.1",8000,8012
25,154,"Lung","NET_others","C34.1",8013,8013
25,157,"Lung","Lung_Others","C34.1",8014,8040
25,153,"Lung","NET_SCLC","C34.1",8041,8045
25,157,"Lung","Lung_Others","C34.1",8046,8050
25,155,"Lung","SqCC","C34.1",8051,8081
25,157,"Lung","Lung_Others","C34.1",8082,8082
25,155,"Lung","SqCC","C34.1",8083,8084
25,157,"Lung","Lung_Others","C34.1",8085,8139
25,156,"Lung","AdenoCa","C34.1",8140,8240
25,157,"Lung","Lung_Others","C34.1",8240,8240
25,156,"Lung","AdenoCa","C34.1",8241,8248
25,157,"Lung","Lung_Others","C34.1",8249,8249
25,156,"Lung","AdenoCa","C34.1",8250,8551
25,157,"Lung","Lung_Others","C34.1",8552,8576
25,157,"Lung","Lung_Others","C34.1",8940,8950
25,157,"Lung","Lung_Others","C34.1",8980,8981
25,157,"Lung","Lung_Others","C34.2",8000,8012
25,154,"Lung","NET_others","C34.2",8013,8013
25,157,"Lung","Lung_Others","C34.2",8014,8040
25,153,"Lung","NET_SCLC","C34.2",8041,8045
25,157,"Lung","Lung_Others","C34.2",8046,8050
25,155,"Lung","SqCC","C34.2",8051,8081
25,157,"Lung","Lung_Others","C34.2",8082,8082
25,155,"Lung","SqCC","C34.2",8083,8084
25,157,"Lung","Lung_Others","C34.2",8085,8139
25,156,"Lung","AdenoCa","C34.2",8140,8240
25,157,"Lung","Lung_Others","C34.2",8240,8240
25,156,"Lung","AdenoCa","C34.2",8241,8248
25,157,"Lung","Lung_Others","C34.2",8249,8249
25,156,"Lung","AdenoCa","C34.2",8250,8551
25,157,"Lung","Lung_Others","C34.2",8552,8576
25,157,"Lung","Lung_Others","C34.2",8940,8950
25,157,"Lung","Lung_Others","C34.2",8980,8981
25,157,"Lung","Lung_Others","C34.3",8000,8012
25,154,"Lung","NET_others","C34.3",8013,8013
25,157,"Lung","Lung_Others","C34.3",8014,8040
25,153,"Lung","NET_SCLC","C34.3",8041,8045
25,157,"Lung","Lung_Others","C34.3",8046,8050
25,155,"Lung","SqCC","C34.3",8051,8081
25,157,"Lung","Lung_Others","C34.3",8082,8082
25,155,"Lung","SqCC","C34.3",8083,8084
25,157,"Lung","Lung_Others","C34.3",8085,8139
25,156,"Lung","AdenoCa","C34.3",8140,8240
25,157,"Lung","Lung_Others","C34.3",8240,8240
25,156,"Lung","AdenoCa","C34.3",8241,8248
25,157,"Lung","Lung_Others","C34.3",8249,8249
25,156,"Lung","AdenoCa","C34.3",8250,8551
25,157,"Lung","Lung_Others","C34.3",8552,8576
25,157,"Lung","Lung_Others","C34.3",8940,8950
25,157,"Lung","Lung_Others","C34.3",8980,8981
25,157,"Lung","Lung_Others","C34.8",8000,8012
25,154,"Lung","NET_others","C34.8",8013,8013
25,157,"Lung","Lung_Others","C34.8",8014,8040
25,153,"Lung","NET_SCLC","C34.8",8041,8045
25,157,"Lung","Lung_Others","C34.8",8046,8050
25,155,"Lung","SqCC","C34.8",8051,8081
25,157,"Lung","Lung_Others","C34.8",8082,8082
25,155,"Lung","SqCC","C34.8",8083,8084
25,157,"Lung","Lung_Others","C34.8",8085,8139
25,156,"Lung","AdenoCa","C34.8",8140,8240
25,157,"Lung","Lung_Others","C34.8",8240,8240
25,156,"Lung","AdenoCa","C34.8",8241,8248
25,157,"Lung","Lung_Others","C34.8",8249,8249
25,156,"Lung","AdenoCa","C34.8",8250,8551
25,157,"Lung","Lung_Others","C34.8",8552,8576
25,157,"Lung","Lung_Others","C34.8",8940,8950
25,157,"Lung","Lung_Others","C34.8",8980,8981
25,157,"Lung","Lung_Others","C34.9",8000,8012
25,154,"Lung","NET_others","C34.9",8013,8013
25,157,"Lung","Lung_Others","C34.9",8014,8040
25,153,"Lung","NET_SCLC","C34.9",8041,8045
25,157,"Lung","Lung_Others","C34.9",8046,8050
25,155,"Lung","SqCC","C34.9",8051,8081
25,157,"Lung","Lung_Others","C34.9",8082,8082
25,155,"Lung","SqCC","C34.9",8083,8084
25,157,"Lung","Lung_Others","C34.9",8085,8139
25,156,"Lung","AdenoCa","C34.9",8140,8240
25,157,"Lung","Lung_Others","C34.9",8240,8240
25,156,"Lung","AdenoCa","C34.9",8241,8248
25,157,"Lung","Lung_Others","C34.9",8249,8249
25,156,"Lung","AdenoCa","C34.9",8250,8551
25,157,"Lung","Lung_Others","C34.9",8552,8576
25,157,"Lung","Lung_Others","C34.9",8940,8950
25,157,"Lung","Lung_Others","C34.9",8980,8981
57,158,"Lymphoma","DLBCL (Diffuse Large B-cell Lymphomas) not brain","LymphomaNotBrain",9680,9680
57,158,"Lymphoma","DLBCL (Diffuse Large B-cell Lymphomas) not brain","LymphomaNotBrain",9684,9684
57,159,"Lymphoma","DLBCL (Diffuse Large B-cell Lymphomas) brain","C71.0",9680,9680
57,159,"Lymphoma","DLBCL (Diffuse Large B-cell Lymphomas) brain","C71.0",9684,9684
57,159,"Lymphoma","DLBCL (Diffuse Large B-cell Lymphomas) brain","C71.1",9680,9680
57,159,"Lymphoma","DLBCL (Diffuse Large B-cell Lymphomas) brain","C71.1",9684,9684
57,159,"Lymphoma","DLBCL (Diffuse Large B-cell Lymphomas) brain","C71.2",9680,9680
57,159,"Lymphoma","DLBCL (Diffuse Large B-cell Lymphomas) brain","C71.2",9684,9684
57,159,"Lymphoma","DLBCL (Diffuse Large B-cell Lymphomas) brain","C71.3",9680,9680
57,159,"Lymphoma","DLBCL (Diffuse Large B-cell Lymphomas) brain","C71.3",9684,9684
57,159,"Lymphoma","DLBCL (Diffuse Large B-cell Lymphomas) brain","C71.4",9680,9680
57,159,"Lymphoma","DLBCL (Diffuse Large B-cell Lymphomas) brain","C71.4",9684,9684
57,159,"Lymphoma","DLBCL (Diffuse Large B-cell Lymphomas) brain","C71.5",9680,9680
57,159,"Lymphoma","DLBCL (Diffuse Large B-cell Lymphomas) brain","C71.5",9684,9684
57,159,"Lymphoma","DLBCL (Diffuse Large B-cell Lymphomas) brain","C71.6",9680,9680
57,159,"Lymphoma","DLBCL (Diffuse Large B-cell Lymphomas) brain","C71.6",9684,9684
57,159,"Lymphoma","DLBCL (Diffuse Large B-cell Lymphomas) brain","C71.7",9680,9680
57,159,"Lymphoma","DLBCL (Diffuse Large B-cell Lymphomas) brain","C71.7",9684,9684
57,159,"Lymphoma","DLBCL (Diffuse Large B-cell Lymphomas) brain","C71.8",9680,9680
57,159,"Lymphoma","DLBCL (Diffuse Large B-cell Lymphomas) brain","C71.8",9684,9684
57,159,"Lymphoma","DLBCL (Diffuse Large B-cell Lymphomas) brain","C71.9",9680,9680
57,159,"Lymphoma","DLBCL (Diffuse Large B-cell Lymphomas) brain","C71.9",9684,9684
57,160,"Lymphoma","FL (Follicular Lymphomas)","Lymphoma",9690,9698
57,161,"Lymphoma","PTCL (Peripheral T-cell Lymphomas)","Lymphoma",9702,9702
57,162,"Lymphoma","HL (Hodgkin Lymphoma)","Lymphoma",9650,9667
57,163,"Lymphoma","Other Lymphomas","Lymphoma",9590,9649
57,163,"Lymphoma","Other Lymphomas","Lymphoma",9668,9679
57,163,"Lymphoma","Other Lymphomas","Lymphoma",9681,9683
57,163,"Lymphoma","Other Lymphomas","Lymphoma",9685,9689
57,163,"Lymphoma","Other Lymphomas","Lymphoma",9699,9699
57,163,"Lymphoma","Other Lymphomas","Lymphoma",9703,9729
57,163,"Lymphoma","Other Lymphomas","Lymphoma",9737,9738
57,163,"Lymphoma","Other Lymphomas","Lymphoma",9823,9823
57,163,"Lymphoma","Other Lymphomas","Lymphoma",9827,9827
57,163,"Lymphoma","Other Lymphomas","Lymphoma",9837,9837