Variable / Field Name	Form Name	Section Header	Field Type	Field Label	Choices	 Calculations	 OR Slider Labels	Field Note	Text Validation Type OR Show Slider Number	Text Validation Min	Text Validation Max	Identifier?	Branching Logic (Show field only if...)	Required Field?	Custom Alignment	Question Number (surveys only)	Matrix Group Name	Matrix Ranking?	Field Annotation
cdid	cd_template		text	CDID															
trasid	cd_template		text	TRASID															
hosp_id	cd_template		text	HOSP_ID															
appl_type	cd_template		text	APPL_TYPE															
case_type	cd_template		text	CASE_TYPE															
seq_no	cd_template		text	SEQ_NO															
cure_item_no1	cd_template		text	CURE_ITEM_NO1															
cure_item_no2	cd_template		text	CURE_ITEM_NO2															
cure_item_no3	cd_template		text	CURE_ITEM_NO3															
cure_item_no4	cd_template		text	CURE_ITEM_NO4															
func_type	cd_template		text	FUNC_TYPE															
id	cd_template		text	ID															
arnhisno	cd_template		text	ARNHISNO															
gave_kind	cd_template		text	GAVE_KIND															
part_no	cd_template		text	PART_NO															
tran_in_hosp_id	cd_template		text	TRAN_IN_HOSP_ID															
pat_tran_out	cd_template		text	PAT_TRAN_OUT															
drug_day	cd_template		text	DRUG_DAY															
med_type	cd_template		text	MED_TYPE															
card_seq_no	cd_template		text	CARD_SEQ_NO															
arnhblk2	cd_template		text	ARNHBLK2															
drug_amt	cd_template		text	DRUG_AMT															
treat_amt	cd_template		text	TREAT_AMT															
treat_code	cd_template		text	TREAT_CODE															
diag_amt	cd_template		text	DIAG_AMT															
dsvc_no	cd_template		text	DSVC_NO															
dsvc_amt	cd_template		text	DSVC_AMT															
t_amt	cd_template		text	T_AMT															
part_amt	cd_template		text	PART_AMT															
t_appl_amt	cd_template		text	T_APPL_AMT															
reservc2	cd_template		text	RESERVC2															
reservp6	cd_template		text	RESERVP6															
arnhstot	cd_template		text	ARNHSTOT															
arnhist	cd_template		text	ARNHIST															
arnsect	cd_template		text	ARNSECT															
acode_icd9_1	cd_template		text	ACODE_ICD9_1															
acode_icd9_2	cd_template		text	ACODE_ICD9_2															
acode_icd9_3	cd_template		text	ACODE_ICD9_3															
arnhic94	cd_template		text	ARNHIC94															
arnhic95	cd_template		text	ARNHIC95															
arnhor	cd_template		text	ARNHOR															
arnhor2	cd_template		text	ARNHOR2															
arnhspcd	cd_template		text	ARNHSPCD															
pbnseqx1	cd_template		text	PBNSEQX1															
fee_ym	cd_template		text	FEE_YM															
func_date	cd_template		text	FUNC_DATE															
treat_end_date	cd_template		text	TREAT_END_DATE															
id_birthday	cd_template		text	ID_BIRTHDAY															
