Variable / Field Name	Form Name	Section Header	Field Type	Field Label	Choices	 Calculations	 OR Slider Labels	Field Note	Text Validation Type OR Show Slider Number	Text Validation Min	Text Validation Max	Identifier?	Branching Logic (Show field only if...)	Required Field?	Custom Alignment	Question Number (surveys only)	Matrix Group Name	Matrix Ranking?	Field Annotation
ddid	dd_template		text	DDID															
appl_type	dd_template		text	APPL_TYPE															
seq_no	dd_template		text	SEQ_NO															
part_mark	dd_template		text	PART_MARK															
id	dd_template		text	ID															
gave_kind	dd_template		text	GAVE_KIND															
trac_even	dd_template		text	TRAC_EVEN															
case_type	dd_template		text	CASE_TYPE															
func_type	dd_template		text	FUNC_TYPE															
e_bed_day	dd_template		text	E_BED_DAY															
s_bed_day	dd_template		text	S_BED_DAY															
bgin	dd_template		text	BGIN															
card_seq_no	dd_template		text	CARD_SEQ_NO															
drgtyp	dd_template		text	DRGTYP															
drg_code	dd_template		text	DRG_CODE															
ext_code_1	dd_template		text	EXT_CODE_1															
ext_code_2	dd_template		text	EXT_CODE_2															
tran_code	dd_template		text	TRAN_CODE															
icd9cm_code	dd_template		text	ICD9CM_CODE															
icd9cm_code_1	dd_template		text	ICD9CM_CODE_1															
icd9cm_code_2	dd_template		text	ICD9CM_CODE_2															
icd9cm_code_3	dd_template		text	ICD9CM_CODE_3															
icd9cm_code_4	dd_template		text	ICD9CM_CODE_4															
icd_op_code	dd_template		text	ICD_OP_CODE															
icd_op_code_1	dd_template		text	ICD_OP_CODE_1															
icd_op_code_2	dd_template		text	ICD_OP_CODE_2															
icd_op_code_3	dd_template		text	ICD_OP_CODE_3															
icd_op_code_4	dd_template		text	ICD_OP_CODE_4															
oeseqno	dd_template		text	OESEQNO															
diag_amt	dd_template		text	DIAG_AMT															
room_amt	dd_template		text	ROOM_AMT															
meal_amt	dd_template		text	MEAL_AMT															
amin_amt	dd_template		text	AMIN_AMT															
rado_amt	dd_template		text	RADO_AMT															
thrp_amt	dd_template		text	THRP_AMT															
sgry_amt	dd_template		text	SGRY_AMT															
phsc_amt	dd_template		text	PHSC_AMT															
blod_amt	dd_template		text	BLOD_AMT															
hd_amt	dd_template		text	HD_AMT															
ane_amt	dd_template		text	ANE_AMT															
metr_amt	dd_template		text	METR_AMT															
drug_amt	dd_template		text	DRUG_AMT															
dsvc_amt	dd_template		text	DSVC_AMT															
nrtp_amt	dd_template		text	NRTP_AMT															
injt_amt	dd_template		text	INJT_AMT															
baby_amt	dd_template		text	BABY_AMT															
med_amt	dd_template		text	MED_AMT															
part_amt	dd_template		text	PART_AMT															
appl_amt	dd_template		text	APPL_AMT															
eb_appl30_amt	dd_template		text	EB_APPL30_AMT															
eb_part30_amt	dd_template		text	EB_PART30_AMT															
eb_appl60_amt	dd_template		text	EB_APPL60_AMT															
eb_part60_amt	dd_template		text	EB_PART60_AMT															
eb_appl61_amt	dd_template		text	EB_APPL61_AMT															
eb_part61_amt	dd_template		text	EB_PART61_AMT															
sb_appl30_amt	dd_template		text	SB_APPL30_AMT															
sb_part30_amt	dd_template		text	SB_PART30_AMT															
sb_appl90_amt	dd_template		text	SB_APPL90_AMT															
sb_part90_amt	dd_template		text	SB_PART90_AMT															
sb_appl180_amt	dd_template		text	SB_APPL180_AMT															
sb_part180_amt	dd_template		text	SB_PART180_AMT															
sb_appl181_amt	dd_template		text	SB_APPL181_AMT															
babybird	dd_template		text	BABYBIRD															
tw_drgs_suit_mark	dd_template		text	TW_DRGS_SUIT_MARK															
icd6	dd_template		text	ICD6															
icd7	dd_template		text	ICD7															
icd8	dd_template		text	ICD8															
icd9	dd_template		text	ICD9															
icd10	dd_template		text	ICD10															
icd11	dd_template		text	ICD11															
icd12	dd_template		text	ICD12															
icd13	dd_template		text	ICD13															
icd14	dd_template		text	ICD14															
icd15	dd_template		text	ICD15															
icd16	dd_template		text	ICD16															
icd17	dd_template		text	ICD17															
icd18	dd_template		text	ICD18															
icd19	dd_template		text	ICD19															
icd20	dd_template		text	ICD20															
opd6	dd_template		text	OPD6															
opd7	dd_template		text	OPD7															
opd8	dd_template		text	OPD8															
opd9	dd_template		text	OPD9															
opd10	dd_template		text	OPD10															
opd11	dd_template		text	OPD11															
opd12	dd_template		text	OPD12															
opd13	dd_template		text	OPD13															
opd14	dd_template		text	OPD14															
opd15	dd_template		text	OPD15															
opd16	dd_template		text	OPD16															
opd17	dd_template		text	OPD17															
opd18	dd_template		text	OPD18															
opd19	dd_template		text	OPD19															
opd20	dd_template		text	OPD20															
finkey	dd_template		text	FINKEY															
bhistno	dd_template		text	BHISTNO															
bcaseno	dd_template		text	BCASENO															
bpsect	dd_template		text	BPSECT															
fil01	dd_template		text	FIL01															
fil02	dd_template		text	FIL02															
fee_ym	dd_template		text	FEE_YM															
appl_beg_date	dd_template		text	APPL_BEG_DATE															
appl_end_date	dd_template		text	APPL_END_DATE															
id_birthday	dd_template		text	ID_BIRTHDAY															
in_date	dd_template		text	IN_DATE															
out_date	dd_template		text	OUT_DATE															
