Variable / Field Name	Form Name	Section Header	Field Type	Field Label	Choices	 Calculations	 OR Slider Labels	Field Note	Text Validation Type OR Show Slider Number	Text Validation Min	Text Validation Max	Identifier?	Branching Logic (Show field only if...)	Required Field?	Custom Alignment	Question Number (surveys only)	Matrix Group Name	Matrix Ranking?	Field Annotation
doid	do_template		text	DOID															
case_type	do_template		text	CASE_TYPE															
appl_type	do_template		text	APPL_TYPE															
seq_no	do_template		text	SEQ_NO															
bidno	do_template		text	BIDNO															
oeseqno	do_template		text	OESEQNO															
order_type	do_template		text	ORDER_TYPE															
order_code	do_template		text	ORDER_CODE															
pay_rate	do_template		text	PAY_RATE															
bdgdos	do_template		text	BDGDOS															
drug_path	do_template		text	DRUG_PATH															
boroptmb	do_template		text	BOROPTMB															
boroptme	do_template		text	BOROPTME															
order_qty	do_template		text	ORDER_QTY															
aa0	do_template		text	AA0															
order_price	do_template		text	ORDER_PRICE															
order_amt	do_template		text	ORDER_AMT															
pfkey	do_template		text	PFKEY															
bxlparno	do_template		text	BXLPARNO															
fee_ym	do_template		text	FEE_YM															
exe_s_date	do_template		text	EXE_S_DATE															
exe_e_date	do_template		text	EXE_E_DATE															
