Variable / Field Name	Form Name	Section Header	Field Type	Field Label	Choices	 Calculations	 OR Slider Labels	Field Note	Text Validation Type OR Show Slider Number	Text Validation Min	Text Validation Max	Identifier?	Branching Logic (Show field only if...)	Required Field?	Custom Alignment	Question Number (surveys only)	Matrix Group Name	Matrix Ranking?	Field Annotation
ooid	oo_template		text	OOID															
appl_type	oo_template		text	APPL_TYPE															
case_type	oo_template		text	CASE_TYPE															
seq_no	oo_template		text	SEQ_NO															
oeseqno	oo_template		text	OESEQNO															
arnhpaid	oo_template		text	ARNHPAID															
reserve	oo_template		text	RESERVE															
drugdays	oo_template		text	DRUGDAYS															
rel_mode	oo_template		text	REL_MODE															
arnyesno	oo_template		text	ARNYESNO															
order_type	oo_template		text	ORDER_TYPE															
drug_no	oo_template		text	DRUG_NO															
drug_use	oo_template		text	DRUG_USE															
drug_fre	oo_template		text	DRUG_FRE															
arnhrout	oo_template		text	ARNHROUT															
cure_path	oo_template		text	CURE_PATH															
pay_rate	oo_template		text	PAY_RATE															
total_qty	oo_template		text	TOTAL_QTY															
unit_price	oo_template		text	UNIT_PRICE															
total_amt	oo_template		text	TOTAL_AMT															
arddflag	oo_template		text	ARDDFLAG															
pfcatg2	oo_template		text	PFCATG2															
arnhipcd	oo_template		text	ARNHIPCD															
arnhpnam	oo_template		text	ARNHPNAM															
arnhireq	oo_template		text	ARNHIREQ															
fee_ym	oo_template		text	FEE_YM															
