ChapterId,ChapterTitle
#0,No AJCC Staging
3,ch3 Lip & Oral Cavity
4,ch4 Pharynx
5,ch5 Larynx
6,ch6 Nasal Cavity and Paranasal Sinuses
7,ch7 Major Salivary Glands
8,ch8 Thyroid
9,ch9 Mucosal Melanoma of Head and Neck
10,ch10 Esophagus and Esophagogastric Junction
11,ch11 Stomach
12,ch12 Small Intestine
13,ch13 Appendix
14,ch14 Colon and Rectum
15,ch15 Anus
16,ch16 Gastrointestinal Stromal Tumor (GIST)
17,ch17 Neuroendocrine Tumors (NET)
18,ch18 Liver (excluding intrahepatic bile ducts)
19,ch19 Intrahepatic Bile Ducts
20,ch20 Gallbladder
21,ch21 Perihilar Bile Ducts
22,ch22 Distal Bile Duct
23,ch23 Ampulla of Vater
24,ch24 Exocrine and Endocrine Pancreas
25,ch25 Lung
26,ch26 Pleural Mesothelioma
27,ch27 Bone
28,ch28 Soft Tissue Sarcoma
29,ch29 Cutaneous Squamous Cell Carcinoma and Other Cutaneous Carcinomas
30,ch30 Merkel Cell Carcinoma
31,ch31 Melanoma of the Skin
32,ch32 Breast
33,ch33 Vulva
34,ch34 Vagina
35,ch35 Cervix Uteri
36,ch36 Corpus Uteri
37,ch37 Ovary and Primary Peritoneal Carcinoma
38,ch38 Fallopian Tube
39,ch39 Gestational Trophoblastic Tumors
40,ch40 Penis
41,ch41 Prostate
42,ch42 Testis
43,ch43 Kidney
44,ch44 Renal Pelvis and Ureter
45,ch45 Urinary Bladder
46,ch46 Urethra
47,ch47 Adrenal
48,ch48 Carcinoma of the Eyelid
49,ch49 Carcinoma of the Conjunctiva
50,ch50 Malignant Melanoma of the Conjunctiva
51,ch51 Malignant Melanoma of the Uvea
52,ch52 Retinoblastoma
53,ch53 Carcinoma of the Lacrimal Gland
54,ch54 Sarcoma of the Orbit
55,ch55 Ocular Adnexal Lymphoma
56,ch56 Brain and Spinal Cord (No AJCC Staging)
57,ch57 Lymphoma
