1	DD	健保-住院醫療費用清單明細檔（適用 101 年以後資料）	FEE_YM	費用年月	C	6	VGHTPE_DD	北榮健保申報-住院醫療費用清單明細	DISYYMM	費用年月	文字	5
2	DD	健保-住院醫療費用清單明細檔（適用 101 年以後資料）	APPL_TYPE	申報類別	C	1	VGHTPE_DD	北榮健保申報-住院醫療費用清單明細	BRELAY	申報類別	文字	1
3	DD	健保-住院醫療費用清單明細檔（適用 101 年以後資料）	HOSP_ID	醫事機構代號	C	34	VGHTPE_DD	北榮健保申報-住院醫療費用清單明細	""	""	""	""
4	DD	健保-住院醫療費用清單明細檔（適用 101 年以後資料）	APPL_DATE	申報日期	C	8	VGHTPE_DD	北榮健保申報-住院醫療費用清單明細	""	""	""	""
5	DD	健保-住院醫療費用清單明細檔（適用 101 年以後資料）	CASE_TYPE	案件分類	C	2	VGHTPE_DD	北榮健保申報-住院醫療費用清單明細	BCASEFLG	案件分類	文字	2
6	DD	健保-住院醫療費用清單明細檔（適用 101 年以後資料）	SEQ_NO	流水號	N	6	VGHTPE_DD	北榮健保申報-住院醫療費用清單明細	SEQNO	流水編號	文字	6
7	DD	健保-住院醫療費用清單明細檔（適用 101 年以後資料）	ID	身分證統一編號	C	32	VGHTPE_DD	北榮健保申報-住院醫療費用清單明細	BIDNO	身份證字號	文字	10
8	DD	健保-住院醫療費用清單明細檔（適用 101 年以後資料）	""	""	""	""	VGHTPE_DD	北榮健保申報-住院醫療費用清單明細	BHISTNO	病歷號	文字	10
9	DD	健保-住院醫療費用清單明細檔（適用 101 年以後資料）	""	""	""	""	VGHTPE_DD	北榮健保申報-住院醫療費用清單明細	BCASENO	住院號	文字	8
10	DD	健保-住院醫療費用清單明細檔（適用 101 年以後資料）	APPL_BEG_DATE	申報期間-起	C	8	VGHTPE_DD	北榮健保申報-住院醫療費用清單明細	COEBGN	申報起日	文字	7
11	DD	健保-住院醫療費用清單明細檔（適用 101 年以後資料）	APPL_END_DATE	申報期間-迄	C	8	VGHTPE_DD	北榮健保申報-住院醫療費用清單明細	COEEND	申報迄日	文字	7
12	DD	健保-住院醫療費用清單明細檔（適用 101 年以後資料）	ID_BIRTHDAY	出生年月	C	8	VGHTPE_DD	北榮健保申報-住院醫療費用清單明細	BIRTHDAY	出生年月日	文字	7
13	DD	健保-住院醫療費用清單明細檔（適用 101 年以後資料）	GAVE_KIND	給付類別	C	1	VGHTPE_DD	北榮健保申報-住院醫療費用清單明細	BSICK	給付類別	文字	1
14	DD	健保-住院醫療費用清單明細檔（適用 101 年以後資料）	TRAC_EVEN	汽車交通事故	C	1	VGHTPE_DD	北榮健保申報-住院醫療費用清單明細	BCARACDT	汽車交通事故	文字	1
15	DD	健保-住院醫療費用清單明細檔（適用 101 年以後資料）	CARD_SEQ_NO	就醫序號	C	4	VGHTPE_DD	北榮健保申報-住院醫療費用清單明細	BNHISEQ	就醫序號	文字	4
16	DD	健保-住院醫療費用清單明細檔（適用 101 年以後資料）	FUNC_TYPE	就醫科別	C	2	VGHTPE_DD	北榮健保申報-住院醫療費用清單明細	NHISECT	就醫科別	文字	2
17	DD	健保-住院醫療費用清單明細檔（適用 101 年以後資料）	IN_DATE	入院年月日	C	8	VGHTPE_DD	北榮健保申報-住院醫療費用清單明細	BREGDT	入院日期	文字	7
18	DD	健保-住院醫療費用清單明細檔（適用 101 年以後資料）	OUT_DATE	出院年月日	C	8	VGHTPE_DD	北榮健保申報-住院醫療費用清單明細	TDISDATE	離院日期	文字	7
19	DD	健保-住院醫療費用清單明細檔（適用 101 年以後資料）	E_BED_DAY	急性病床天數	N	3	VGHTPE_DD	北榮健保申報-住院醫療費用清單明細	EDAYTOT	急性床日數	數字	""
20	DD	健保-住院醫療費用清單明細檔（適用 101 年以後資料）	S_BED_DAY	慢性病床天數	N	3	VGHTPE_DD	北榮健保申報-住院醫療費用清單明細	LDAYTOT	慢性床日數	數字	""
22	DD	健保-住院醫療費用清單明細檔（適用 101 年以後資料）	DRG_CODE	DRG參考碼	C	5	VGHTPE_DD	北榮健保申報-住院醫療費用清單明細	BDRGCOD	ＤＲＧ碼	文字	5
24	DD	健保-住院醫療費用清單明細檔（適用 101 年以後資料）	""	""	""	""	VGHTPE_DD	北榮健保申報-住院醫療費用清單明細	DRGTYP	TWDRG 支付型態	文字	1
25	DD	健保-住院醫療費用清單明細檔（適用 101 年以後資料）	EXT_CODE_1	外因分類一	C	15	VGHTPE_DD	北榮健保申報-住院醫療費用清單明細	ECOD1	意外代碼一	文字	6
26	DD	健保-住院醫療費用清單明細檔（適用 101 年以後資料）	EXT_CODE_2	外因分類二	C	15	VGHTPE_DD	北榮健保申報-住院醫療費用清單明細	ECOD2	意外代碼二	文字	6
27	DD	健保-住院醫療費用清單明細檔（適用 101 年以後資料）	TRAN_CODE	轉歸代碼	C	1	VGHTPE_DD	北榮健保申報-住院醫療費用清單明細	BGO	轉歸代碼	文字	1
28	DD	健保-住院醫療費用清單明細檔（適用 101 年以後資料）	ICD9CM_CODE	主診斷代碼	C	15	VGHTPE_DD	北榮健保申報-住院醫療費用清單明細	ICD1	主診斷	文字	8
29	DD	健保-住院醫療費用清單明細檔（適用 101 年以後資料）	ICD9CM_CODE_1	次診斷代碼一	C	15	VGHTPE_DD	北榮健保申報-住院醫療費用清單明細	ICD2	次診斷１	文字	8
30	DD	健保-住院醫療費用清單明細檔（適用 101 年以後資料）	ICD9CM_CODE_2	次診斷代碼二	C	15	VGHTPE_DD	北榮健保申報-住院醫療費用清單明細	ICD3	次診斷２	文字	8
31	DD	健保-住院醫療費用清單明細檔（適用 101 年以後資料）	ICD9CM_CODE_3	次診斷代碼三	C	15	VGHTPE_DD	北榮健保申報-住院醫療費用清單明細	ICD4	次診斷３	文字	8
32	DD	健保-住院醫療費用清單明細檔（適用 101 年以後資料）	ICD9CM_CODE_4	次診斷代碼四	C	15	VGHTPE_DD	北榮健保申報-住院醫療費用清單明細	ICD5	次診斷４	文字	8
33	DD	健保-住院醫療費用清單明細檔（適用 101 年以後資料）	""	""	""	""	VGHTPE_DD	北榮健保申報-住院醫療費用清單明細	ICD6	次診斷６	文字	8
34	DD	健保-住院醫療費用清單明細檔（適用 101 年以後資料）	""	""	""	""	VGHTPE_DD	北榮健保申報-住院醫療費用清單明細	ICD7	次診斷７	文字	8
35	DD	健保-住院醫療費用清單明細檔（適用 101 年以後資料）	""	""	""	""	VGHTPE_DD	北榮健保申報-住院醫療費用清單明細	ICD8	次診斷８	文字	8
36	DD	健保-住院醫療費用清單明細檔（適用 101 年以後資料）	""	""	""	""	VGHTPE_DD	北榮健保申報-住院醫療費用清單明細	ICD9	次診斷９	文字	8
37	DD	健保-住院醫療費用清單明細檔（適用 101 年以後資料）	""	""	""	""	VGHTPE_DD	北榮健保申報-住院醫療費用清單明細	ICD10	次診斷１０	文字	8
38	DD	健保-住院醫療費用清單明細檔（適用 101 年以後資料）	""	""	""	""	VGHTPE_DD	北榮健保申報-住院醫療費用清單明細	ICD11	次診斷１１	文字	8
39	DD	健保-住院醫療費用清單明細檔（適用 101 年以後資料）	""	""	""	""	VGHTPE_DD	北榮健保申報-住院醫療費用清單明細	ICD12	次診斷１２	文字	8
40	DD	健保-住院醫療費用清單明細檔（適用 101 年以後資料）	""	""	""	""	VGHTPE_DD	北榮健保申報-住院醫療費用清單明細	ICD13	次診斷１３	文字	8
41	DD	健保-住院醫療費用清單明細檔（適用 101 年以後資料）	""	""	""	""	VGHTPE_DD	北榮健保申報-住院醫療費用清單明細	ICD14	次診斷１４	文字	8
42	DD	健保-住院醫療費用清單明細檔（適用 101 年以後資料）	""	""	""	""	VGHTPE_DD	北榮健保申報-住院醫療費用清單明細	ICD15	次診斷１５	文字	8
43	DD	健保-住院醫療費用清單明細檔（適用 101 年以後資料）	""	""	""	""	VGHTPE_DD	北榮健保申報-住院醫療費用清單明細	ICD16	次診斷１６	文字	8
44	DD	健保-住院醫療費用清單明細檔（適用 101 年以後資料）	""	""	""	""	VGHTPE_DD	北榮健保申報-住院醫療費用清單明細	ICD17	次診斷１７	文字	8
45	DD	健保-住院醫療費用清單明細檔（適用 101 年以後資料）	""	""	""	""	VGHTPE_DD	北榮健保申報-住院醫療費用清單明細	ICD18	次診斷１８	文字	8
46	DD	健保-住院醫療費用清單明細檔（適用 101 年以後資料）	""	""	""	""	VGHTPE_DD	北榮健保申報-住院醫療費用清單明細	ICD19	次診斷１９	文字	8
47	DD	健保-住院醫療費用清單明細檔（適用 101 年以後資料）	""	""	""	""	VGHTPE_DD	北榮健保申報-住院醫療費用清單明細	ICD20	次診斷２０	文字	8
48	DD	健保-住院醫療費用清單明細檔（適用 101 年以後資料）	ICD_OP_CODE	主手術（處置）	C	15	VGHTPE_DD	北榮健保申報-住院醫療費用清單明細	OPD1	主手術	文字	8
49	DD	健保-住院醫療費用清單明細檔（適用 101 年以後資料）	ICD_OP_CODE_1	主手術（處置）一	C	15	VGHTPE_DD	北榮健保申報-住院醫療費用清單明細	OPD2	次手術１	文字	8
50	DD	健保-住院醫療費用清單明細檔（適用 101 年以後資料）	ICD_OP_CODE_2	主手術（處置）二	C	15	VGHTPE_DD	北榮健保申報-住院醫療費用清單明細	OPD3	次手術２	文字	8
51	DD	健保-住院醫療費用清單明細檔（適用 101 年以後資料）	ICD_OP_CODE_3	主手術（處置）三	C	15	VGHTPE_DD	北榮健保申報-住院醫療費用清單明細	OPD4	次手術３	文字	8
52	DD	健保-住院醫療費用清單明細檔（適用 101 年以後資料）	ICD_OP_CODE_4	主手術（處置）四	C	15	VGHTPE_DD	北榮健保申報-住院醫療費用清單明細	OPD5	次手術４	文字	8
53	DD	健保-住院醫療費用清單明細檔（適用 101 年以後資料）	""	""	""	""	VGHTPE_DD	北榮健保申報-住院醫療費用清單明細	OPD6	次手術６	文字	8
54	DD	健保-住院醫療費用清單明細檔（適用 101 年以後資料）	""	""	""	""	VGHTPE_DD	北榮健保申報-住院醫療費用清單明細	OPD7	次手術７	文字	8
55	DD	健保-住院醫療費用清單明細檔（適用 101 年以後資料）	""	""	""	""	VGHTPE_DD	北榮健保申報-住院醫療費用清單明細	OPD8	次手術８	文字	8
56	DD	健保-住院醫療費用清單明細檔（適用 101 年以後資料）	""	""	""	""	VGHTPE_DD	北榮健保申報-住院醫療費用清單明細	OPD9	次手術９	文字	8
57	DD	健保-住院醫療費用清單明細檔（適用 101 年以後資料）	""	""	""	""	VGHTPE_DD	北榮健保申報-住院醫療費用清單明細	OPD10	次手術１０	文字	8
58	DD	健保-住院醫療費用清單明細檔（適用 101 年以後資料）	""	""	""	""	VGHTPE_DD	北榮健保申報-住院醫療費用清單明細	OPD11	次手術１１	文字	8
59	DD	健保-住院醫療費用清單明細檔（適用 101 年以後資料）	""	""	""	""	VGHTPE_DD	北榮健保申報-住院醫療費用清單明細	OPD12	次手術１２	文字	8
60	DD	健保-住院醫療費用清單明細檔（適用 101 年以後資料）	""	""	""	""	VGHTPE_DD	北榮健保申報-住院醫療費用清單明細	OPD13	次手術１３	文字	8
61	DD	健保-住院醫療費用清單明細檔（適用 101 年以後資料）	""	""	""	""	VGHTPE_DD	北榮健保申報-住院醫療費用清單明細	OPD14	次手術１４	文字	8
62	DD	健保-住院醫療費用清單明細檔（適用 101 年以後資料）	""	""	""	""	VGHTPE_DD	北榮健保申報-住院醫療費用清單明細	OPD15	次手術１５	文字	8
63	DD	健保-住院醫療費用清單明細檔（適用 101 年以後資料）	""	""	""	""	VGHTPE_DD	北榮健保申報-住院醫療費用清單明細	OPD16	次手術１６	文字	8
64	DD	健保-住院醫療費用清單明細檔（適用 101 年以後資料）	""	""	""	""	VGHTPE_DD	北榮健保申報-住院醫療費用清單明細	OPD17	次手術１７	文字	8
65	DD	健保-住院醫療費用清單明細檔（適用 101 年以後資料）	""	""	""	""	VGHTPE_DD	北榮健保申報-住院醫療費用清單明細	OPD18	次手術１８	文字	8
66	DD	健保-住院醫療費用清單明細檔（適用 101 年以後資料）	""	""	""	""	VGHTPE_DD	北榮健保申報-住院醫療費用清單明細	OPD19	次手術１９	文字	8
67	DD	健保-住院醫療費用清單明細檔（適用 101 年以後資料）	""	""	""	""	VGHTPE_DD	北榮健保申報-住院醫療費用清單明細	OPD20	次手術２０	文字	8
68	DD	健保-住院醫療費用清單明細檔（適用 101 年以後資料）	DIAG_AMT	診察費	N	7	VGHTPE_DD	北榮健保申報-住院醫療費用清單明細	SUBDIAG	診察費	數字	""
69	DD	健保-住院醫療費用清單明細檔（適用 101 年以後資料）	ROOM_AMT	病房費	N	7	VGHTPE_DD	北榮健保申報-住院醫療費用清單明細	SUBWARD	病房費	數字	""
70	DD	健保-住院醫療費用清單明細檔（適用 101 年以後資料）	MEAL_AMT	管灌膳食費	N	7	VGHTPE_DD	北榮健保申報-住院醫療費用清單明細	SUBDIET	管灌膳食費	數字	""
71	DD	健保-住院醫療費用清單明細檔（適用 101 年以後資料）	AMIN_AMT	檢查費	N	7	VGHTPE_DD	北榮健保申報-住院醫療費用清單明細	SUBEXAM	檢查費	數字	""
72	DD	健保-住院醫療費用清單明細檔（適用 101 年以後資料）	RADO_AMT	放射線診療費	N	7	VGHTPE_DD	北榮健保申報-住院醫療費用清單明細	SUBXRAY	放射診療費	數字	""
73	DD	健保-住院醫療費用清單明細檔（適用 101 年以後資料）	THRP_AMT	治療處置費	N	7	VGHTPE_DD	北榮健保申報-住院醫療費用清單明細	SUBTRET	治療處置費	數字	""
74	DD	健保-住院醫療費用清單明細檔（適用 101 年以後資料）	SGRY_AMT	手術費	N	7	VGHTPE_DD	北榮健保申報-住院醫療費用清單明細	SUBOPER	手術費	數字	""
75	DD	健保-住院醫療費用清單明細檔（適用 101 年以後資料）	PHSC_AMT	復健治療費	N	7	VGHTPE_DD	北榮健保申報-住院醫療費用清單明細	SUBPHSY	復健治療費	數字	""
76	DD	健保-住院醫療費用清單明細檔（適用 101 年以後資料）	HD_AMT	血液透析費	N	7	VGHTPE_DD	北榮健保申報-住院醫療費用清單明細	SUBKIDN	血液透析費	數字	""
77	DD	健保-住院醫療費用清單明細檔（適用 101 年以後資料）	BLOD_AMT	血液血漿費	N	7	VGHTPE_DD	北榮健保申報-住院醫療費用清單明細	SUBBLOD	血液血漿費	數字	""
78	DD	健保-住院醫療費用清單明細檔（適用 101 年以後資料）	ANE_AMT	麻醉費	N	7	VGHTPE_DD	北榮健保申報-住院醫療費用清單明細	SUBANES	麻醉費	數字	""
79	DD	健保-住院醫療費用清單明細檔（適用 101 年以後資料）	METR_AMT	特殊材料費	N	7	VGHTPE_DD	北榮健保申報-住院醫療費用清單明細	SUBMATE	特材費	數字	""
80	DD	健保-住院醫療費用清單明細檔（適用 101 年以後資料）	DRUG_AMT	葯費	N	7	VGHTPE_DD	北榮健保申報-住院醫療費用清單明細	SUBDRUG	藥費	數字	""
81	DD	健保-住院醫療費用清單明細檔（適用 101 年以後資料）	DSVC_AMT	葯事服務費	N	7	VGHTPE_DD	北榮健保申報-住院醫療費用清單明細	SUBDRGS	藥事服務費	數字	""
82	DD	健保-住院醫療費用清單明細檔（適用 101 年以後資料）	NRTP_AMT	精神科治療費	N	7	VGHTPE_DD	北榮健保申報-住院醫療費用清單明細	SUBPSY	精神治療費	數字	""
83	DD	健保-住院醫療費用清單明細檔（適用 101 年以後資料）	INJT_AMT	注射技術費	N	7	VGHTPE_DD	北榮健保申報-住院醫療費用清單明細	SUBSHUT	注射技術費	數字	""
84	DD	健保-住院醫療費用清單明細檔（適用 101 年以後資料）	BABY_AMT	嬰兒費	N	7	VGHTPE_DD	北榮健保申報-住院醫療費用清單明細	SUBINFT	嬰兒費	數字	""
85	DD	健保-住院醫療費用清單明細檔（適用 101 年以後資料）	CHARG_AMT	代辦費	N	7	VGHTPE_DD	北榮健保申報-住院醫療費用清單明細	""	""	""	""
86	DD	健保-住院醫療費用清單明細檔（適用 101 年以後資料）	MED_AMT	醫療費用	N	8	VGHTPE_DD	北榮健保申報-住院醫療費用清單明細	PATTOTAL	醫療費用合計	數字	""
87	DD	健保-住院醫療費用清單明細檔（適用 101 年以後資料）	PART_AMT	部份負擔點數	N	7	VGHTPE_DD	北榮健保申報-住院醫療費用清單明細	SELTOTAL	部份負擔總額	數字	""
88	DD	健保-住院醫療費用清單明細檔（適用 101 年以後資料）	APPL_AMT	申請費用點數	N	8	VGHTPE_DD	北榮健保申報-住院醫療費用清單明細	APPTOTAL	申請費用總額	數字	""
89	DD	健保-住院醫療費用清單明細檔（適用 101 年以後資料）	EB_APPL30_AMT	醫療費用點數(急性病床1至30天)	N	8	VGHTPE_DD	北榮健保申報-住院醫療費用清單明細	E30PATOT	急性床３０天內費用	數字	""
90	DD	健保-住院醫療費用清單明細檔（適用 101 年以後資料）	EB_PART30_AMT	部份負擔點數(急性病床1至30天)	N	7	VGHTPE_DD	北榮健保申報-住院醫療費用清單明細	E30SETOT	急性床３０天內部份負擔	數字	""
91	DD	健保-住院醫療費用清單明細檔（適用 101 年以後資料）	EB_APPL60_AMT	醫療費用點數(急性病床31至60天)	N	8	VGHTPE_DD	北榮健保申報-住院醫療費用清單明細	E60PATOT	急性床６０天內費用	數字	""
92	DD	健保-住院醫療費用清單明細檔（適用 101 年以後資料）	EB_PART60_AMT	部份負擔點數(急性病床31至60天)	N	7	VGHTPE_DD	北榮健保申報-住院醫療費用清單明細	E60SETOT	急性床６０天內部份負擔	數字	""
93	DD	健保-住院醫療費用清單明細檔（適用 101 年以後資料）	EB_APPL61_AMT	醫療費用點數(急性病床61天以上)	N	8	VGHTPE_DD	北榮健保申報-住院醫療費用清單明細	EOTPATOT	急性床６１天上費用	數字	""
94	DD	健保-住院醫療費用清單明細檔（適用 101 年以後資料）	EB_PART61_AMT	部份負擔點數(急性病床61天以上)	N	7	VGHTPE_DD	北榮健保申報-住院醫療費用清單明細	EOTSETOT	急性床６１天上部份負擔	數字	""
95	DD	健保-住院醫療費用清單明細檔（適用 101 年以後資料）	SB_APPL30_AMT	醫療費用點數(慢性病床1至30天)	N	8	VGHTPE_DD	北榮健保申報-住院醫療費用清單明細	L30PATOT	慢性床３０天內費用	數字	""
96	DD	健保-住院醫療費用清單明細檔（適用 101 年以後資料）	SB_PART30_AMT	部份負擔點數(慢性病床1至30天)	N	7	VGHTPE_DD	北榮健保申報-住院醫療費用清單明細	L30SETOT	慢性床３０天內部份負擔	數字	""
97	DD	健保-住院醫療費用清單明細檔（適用 101 年以後資料）	SB_APPL90_AMT	醫療費用點數(慢性病床31至90天)	N	8	VGHTPE_DD	北榮健保申報-住院醫療費用清單明細	L90PATOT	慢性床９０天內費用	數字	""
98	DD	健保-住院醫療費用清單明細檔（適用 101 年以後資料）	SB_PART90_AMT	部份負擔點數(慢性病床31至90天)	N	7	VGHTPE_DD	北榮健保申報-住院醫療費用清單明細	L90SETOT	慢性床９０天內部份負擔	數字	""
99	DD	健保-住院醫療費用清單明細檔（適用 101 年以後資料）	SB_APPL180_AMT	醫療費用點數(慢性病床91至180天)	N	8	VGHTPE_DD	北榮健保申報-住院醫療費用清單明細	L180PTOT	慢性床１８０內費用	數字	""
10	DD	健保-住院醫療費用清單明細檔（適用 101 年以後資料）	SB_PART180_AMT	部份負擔點數(慢性病床91至180天)	N	7	VGHTPE_DD	北榮健保申報-住院醫療費用清單明細	L180STOT	慢性床１８０內部份負擔	數字	""
10	DD	健保-住院醫療費用清單明細檔（適用 101 年以後資料）	SB_APPL181_AMT	醫療費用點數(慢性病床181天以上)	N	8	VGHTPE_DD	北榮健保申報-住院醫療費用清單明細	LOTPATOT	慢性床１８０上費用	數字	""
10	DD	健保-住院醫療費用清單明細檔（適用 101 年以後資料）	PART_MARK	部份負擔註記	C	3	VGHTPE_DD	北榮健保申報-住院醫療費用清單明細	BNHSLFG1	部份負擔代號	文字	3
10	DD	健保-住院醫療費用清單明細檔（適用 101 年以後資料）	ID_SEX	性別	C	1	VGHTPE_DD	北榮健保申報-住院醫療費用清單明細	""	""	""	""
10	DD	健保-住院醫療費用清單明細檔（適用 101 年以後資料）	EXM_RESULT_DRG_1	審核結果DRG	C	5	VGHTPE_DD	北榮健保申報-住院醫療費用清單明細	""	""	""	""
10	DD	健保-住院醫療費用清單明細檔（適用 101 年以後資料）	EXM_RESULT_MDC_1	審核結果MDC	C	2	VGHTPE_DD	北榮健保申報-住院醫療費用清單明細	""	""	""	""
10	DD	健保-住院醫療費用清單明細檔（適用 101 年以後資料）	TW_DRGS	TW_DRGS碼	C	5	VGHTPE_DD	北榮健保申報-住院醫療費用清單明細	""	""	""	""
10	DD	健保-住院醫療費用清單明細檔（適用 101 年以後資料）	APPL_CAUSE_MARK	補報原因註記	C	1	VGHTPE_DD	北榮健保申報-住院醫療費用清單明細	""	""	""	""
10	DD	健保-住院醫療費用清單明細檔（適用 101 年以後資料）	TW_DRGS_SUIT_MARK	不適用Tw-DRGs案件特殊註記	C	1	VGHTPE_DD	北榮健保申報-住院醫療費用清單明細	NFITDRG	不適用註記	文字	1
11	DD	健保-住院醫療費用清單明細檔（適用 101 年以後資料）	""	""	""	""	VGHTPE_DD	北榮健保申報-住院醫療費用清單明細	BGIN	病患來源	文字	1
11	DD	健保-住院醫療費用清單明細檔（適用 101 年以後資料）	""	""	""	""	VGHTPE_DD	北榮健保申報-住院醫療費用清單明細	OESEQNO	醫令總數	數字	""
11	DD	健保-住院醫療費用清單明細檔（適用 101 年以後資料）	""	""	""	""	VGHTPE_DD	北榮健保申報-住院醫療費用清單明細	FINKEY	本院身份	文字	4
11	DD	健保-住院醫療費用清單明細檔（適用 101 年以後資料）	""	""	""	""	VGHTPE_DD	北榮健保申報-住院醫療費用清單明細	BPSECT	本院科別	文字	4
11	DD	健保-住院醫療費用清單明細檔（適用 101 年以後資料）	""	""	""	""	VGHTPE_DD	北榮健保申報-住院醫療費用清單明細	BABYBIRD	新生兒生日	文字	7
11	DD	健保-住院醫療費用清單明細檔（適用 101 年以後資料）	""	""	""	""	VGHTPE_DD	北榮健保申報-住院醫療費用清單明細	NAMEC	姓名	文字	12
11	DD	健保-住院醫療費用清單明細檔（適用 101 年以後資料）	ICD9CM_CODE	主診斷代碼	C	15	VGHTPE_DD	北榮健保申報-住院醫療費用清單明細	ICD1	主診斷	文字	5
11	DD	健保-住院醫療費用清單明細檔（適用 101 年以後資料）	ICD9CM_CODE_1	次診斷代碼一	C	15	VGHTPE_DD	北榮健保申報-住院醫療費用清單明細	ICD2	次診斷１	文字	5
11	DD	健保-住院醫療費用清單明細檔（適用 101 年以後資料）	ICD9CM_CODE_2	次診斷代碼二	C	15	VGHTPE_DD	北榮健保申報-住院醫療費用清單明細	ICD3	次診斷２	文字	5
11	DD	健保-住院醫療費用清單明細檔（適用 101 年以後資料）	ICD9CM_CODE_3	次診斷代碼三	C	15	VGHTPE_DD	北榮健保申報-住院醫療費用清單明細	ICD4	次診斷３	文字	5
12	DD	健保-住院醫療費用清單明細檔（適用 101 年以後資料）	ICD9CM_CODE_4	次診斷代碼四	C	15	VGHTPE_DD	北榮健保申報-住院醫療費用清單明細	ICD5	次診斷４	文字	5
12	DD	健保-住院醫療費用清單明細檔（適用 101 年以後資料）	ICD_OP_CODE	主手術（處置）	C	15	VGHTPE_DD	北榮健保申報-住院醫療費用清單明細	OPD1	主手術	文字	4
12	DD	健保-住院醫療費用清單明細檔（適用 101 年以後資料）	ICD_OP_CODE_1	主手術（處置）一	C	15	VGHTPE_DD	北榮健保申報-住院醫療費用清單明細	OPD2	次手術１	文字	4
12	DD	健保-住院醫療費用清單明細檔（適用 101 年以後資料）	ICD_OP_CODE_2	主手術（處置）二	C	15	VGHTPE_DD	北榮健保申報-住院醫療費用清單明細	OPD3	次手術２	文字	4
12	DD	健保-住院醫療費用清單明細檔（適用 101 年以後資料）	ICD_OP_CODE_3	主手術（處置）三	C	15	VGHTPE_DD	北榮健保申報-住院醫療費用清單明細	OPD4	次手術３	文字	4
12	DD	健保-住院醫療費用清單明細檔（適用 101 年以後資料）	ICD_OP_CODE_4	主手術（處置）四	C	15	VGHTPE_DD	北榮健保申報-住院醫療費用清單明細	OPD5	次手術４	文字	4
12	DD	健保-住院醫療費用清單明細檔（適用 101 年以後資料）	""	""	""	""	VGHTPE_DD	北榮健保申報-住院醫療費用清單明細	FIL01	保留１	文字	9
12	DD	健保-住院醫療費用清單明細檔（適用 101 年以後資料）	""	""	""	""	VGHTPE_DD	北榮健保申報-住院醫療費用清單明細	FIL02	保留２	文字	33
12	DD	健保-住院醫療費用清單明細檔（適用 96~100 年資料）	FEE_YM	費用年月	C	6	VGHTPE_DD	北榮健保申報-住院醫療費用清單明細	DISYYMM	費用年月	文字	5
12	DD	健保-住院醫療費用清單明細檔（適用 96~100 年資料）	APPL_TYPE	申報類別	C	1	VGHTPE_DD	北榮健保申報-住院醫療費用清單明細	BRELAY	申報類別	文字	1
13	DD	健保-住院醫療費用清單明細檔（適用 96~100 年資料）	HOSP_ID	醫事機構代號	C	34	VGHTPE_DD	北榮健保申報-住院醫療費用清單明細	""	""	""	""
13	DD	健保-住院醫療費用清單明細檔（適用 96~100 年資料）	APPL_DATE	申報日期	C	8	VGHTPE_DD	北榮健保申報-住院醫療費用清單明細	""	""	""	""
13	DD	健保-住院醫療費用清單明細檔（適用 96~100 年資料）	CASE_TYPE	案件分類	C	2	VGHTPE_DD	北榮健保申報-住院醫療費用清單明細	BCASEFLG	案件分類	文字	2
13	DD	健保-住院醫療費用清單明細檔（適用 96~100 年資料）	SEQ_NO	流水號	N	6	VGHTPE_DD	北榮健保申報-住院醫療費用清單明細	SEQNO	流水編號	文字	6
13	DD	健保-住院醫療費用清單明細檔（適用 96~100 年資料）	ID	身分證統一編號	C	32	VGHTPE_DD	北榮健保申報-住院醫療費用清單明細	BIDNO	身份證字號	文字	10
13	DD	健保-住院醫療費用清單明細檔（適用 96~100 年資料）	""	""	""	""	VGHTPE_DD	北榮健保申報-住院醫療費用清單明細	BHISTNO	病歷號	文字	10
13	DD	健保-住院醫療費用清單明細檔（適用 96~100 年資料）	APPL_BEG_DATE	申報期間-起	C	8	VGHTPE_DD	北榮健保申報-住院醫療費用清單明細	COEBGN	申報起日	文字	7
13	DD	健保-住院醫療費用清單明細檔（適用 96~100 年資料）	APPL_END_DATE	申報期間-迄	C	8	VGHTPE_DD	北榮健保申報-住院醫療費用清單明細	COEEND	申報迄日	文字	7
13	DD	健保-住院醫療費用清單明細檔（適用 96~100 年資料）	ID_BIRTHDAY	出生年月	C	8	VGHTPE_DD	北榮健保申報-住院醫療費用清單明細	BIRTHDAY	出生年月日	文字	7
13	DD	健保-住院醫療費用清單明細檔（適用 96~100 年資料）	GAVE_KIND	給付類別	C	1	VGHTPE_DD	北榮健保申報-住院醫療費用清單明細	BSICK	給付類別	文字	1
14	DD	健保-住院醫療費用清單明細檔（適用 96~100 年資料）	TRAC_EVEN	汽車交通事故	C	1	VGHTPE_DD	北榮健保申報-住院醫療費用清單明細	BCARACDT	汽車交通事故	文字	1
14	DD	健保-住院醫療費用清單明細檔（適用 96~100 年資料）	CARD_SEQ_NO	就醫序號	C	4	VGHTPE_DD	北榮健保申報-住院醫療費用清單明細	BNHISEQ	就醫序號	文字	4
14	DD	健保-住院醫療費用清單明細檔（適用 96~100 年資料）	FUNC_TYPE	就醫科別	C	2	VGHTPE_DD	北榮健保申報-住院醫療費用清單明細	NHISECT	就醫科別	文字	2
14	DD	健保-住院醫療費用清單明細檔（適用 96~100 年資料）	IN_DATE	入院年月日	C	8	VGHTPE_DD	北榮健保申報-住院醫療費用清單明細	BREGDT	入院日期	文字	7
14	DD	健保-住院醫療費用清單明細檔（適用 96~100 年資料）	OUT_DATE	出院年月日	C	8	VGHTPE_DD	北榮健保申報-住院醫療費用清單明細	TDISDATE	離院日期	文字	7
14	DD	健保-住院醫療費用清單明細檔（適用 96~100 年資料）	E_BED_DAY	急性病床天數	N	3	VGHTPE_DD	北榮健保申報-住院醫療費用清單明細	EDAYTOT	急性床日數	數字	""
14	DD	健保-住院醫療費用清單明細檔（適用 96~100 年資料）	S_BED_DAY	慢性病床天數	N	3	VGHTPE_DD	北榮健保申報-住院醫療費用清單明細	LDAYTOT	慢性床日數	數字	""
14	DD	健保-住院醫療費用清單明細檔（適用 96~100 年資料）	DRG_CODE	DRG參考碼	C	5	VGHTPE_DD	北榮健保申報-住院醫療費用清單明細	BDRGCOD	ＤＲＧ碼	文字	5
15	DD	健保-住院醫療費用清單明細檔（適用 96~100 年資料）	""	""	""	""	VGHTPE_DD	北榮健保申報-住院醫療費用清單明細	DRGTYP	TWDRG 支付型態	文字	1
15	DD	健保-住院醫療費用清單明細檔（適用 96~100 年資料）	EXT_CODE_1	外因分類一	C	5	VGHTPE_DD	北榮健保申報-住院醫療費用清單明細	ECOD1	意外代碼一	文字	6
15	DD	健保-住院醫療費用清單明細檔（適用 96~100 年資料）	EXT_CODE_2	外因分類二	C	5	VGHTPE_DD	北榮健保申報-住院醫療費用清單明細	ECOD2	意外代碼二	文字	6
15	DD	健保-住院醫療費用清單明細檔（適用 96~100 年資料）	TRAN_CODE	轉歸代碼	C	1	VGHTPE_DD	北榮健保申報-住院醫療費用清單明細	BGO	轉歸代碼	文字	1
15	DD	健保-住院醫療費用清單明細檔（適用 96~100 年資料）	ICD9CM_CODE	主診斷代碼	C	5	VGHTPE_DD	北榮健保申報-住院醫療費用清單明細	ICD1	主診斷	文字	5
15	DD	健保-住院醫療費用清單明細檔（適用 96~100 年資料）	ICD9CM_CODE_1	次診斷代碼一	C	5	VGHTPE_DD	北榮健保申報-住院醫療費用清單明細	ICD2	次診斷１	文字	5
15	DD	健保-住院醫療費用清單明細檔（適用 96~100 年資料）	ICD9CM_CODE_2	次診斷代碼二	C	5	VGHTPE_DD	北榮健保申報-住院醫療費用清單明細	ICD3	次診斷２	文字	5
15	DD	健保-住院醫療費用清單明細檔（適用 96~100 年資料）	ICD9CM_CODE_3	次診斷代碼三	C	5	VGHTPE_DD	北榮健保申報-住院醫療費用清單明細	ICD4	次診斷３	文字	5
15	DD	健保-住院醫療費用清單明細檔（適用 96~100 年資料）	ICD9CM_CODE_4	次診斷代碼四	C	5	VGHTPE_DD	北榮健保申報-住院醫療費用清單明細	ICD5	次診斷４	文字	5
15	DD	健保-住院醫療費用清單明細檔（適用 96~100 年資料）	ICD_OP_CODE	主手術（處置）	C	4	VGHTPE_DD	北榮健保申報-住院醫療費用清單明細	OPD1	主手術	文字	4
16	DD	健保-住院醫療費用清單明細檔（適用 96~100 年資料）	ICD_OP_CODE_1	主手術（處置）一	C	4	VGHTPE_DD	北榮健保申報-住院醫療費用清單明細	OPD2	次手術１	文字	4
16	DD	健保-住院醫療費用清單明細檔（適用 96~100 年資料）	ICD_OP_CODE_2	主手術（處置）二	C	4	VGHTPE_DD	北榮健保申報-住院醫療費用清單明細	OPD3	次手術２	文字	4
16	DD	健保-住院醫療費用清單明細檔（適用 96~100 年資料）	ICD_OP_CODE_3	主手術（處置）三	C	4	VGHTPE_DD	北榮健保申報-住院醫療費用清單明細	OPD4	次手術３	文字	4
16	DD	健保-住院醫療費用清單明細檔（適用 96~100 年資料）	ICD_OP_CODE_4	主手術（處置）四	C	4	VGHTPE_DD	北榮健保申報-住院醫療費用清單明細	OPD5	次手術４	文字	4
16	DD	健保-住院醫療費用清單明細檔（適用 96~100 年資料）	DIAG_AMT	診察費	N	7	VGHTPE_DD	北榮健保申報-住院醫療費用清單明細	SUBDIAG	診察費	數字	""
16	DD	健保-住院醫療費用清單明細檔（適用 96~100 年資料）	ROOM_AMT	病房費	N	7	VGHTPE_DD	北榮健保申報-住院醫療費用清單明細	SUBWARD	病房費	數字	""
16	DD	健保-住院醫療費用清單明細檔（適用 96~100 年資料）	MEAL_AMT	管灌膳食費	N	7	VGHTPE_DD	北榮健保申報-住院醫療費用清單明細	SUBDIET	管灌膳食費	數字	""
16	DD	健保-住院醫療費用清單明細檔（適用 96~100 年資料）	AMIN_AMT	檢查費	N	7	VGHTPE_DD	北榮健保申報-住院醫療費用清單明細	SUBEXAM	檢查費	數字	""
16	DD	健保-住院醫療費用清單明細檔（適用 96~100 年資料）	RADO_AMT	放射線診療費	N	7	VGHTPE_DD	北榮健保申報-住院醫療費用清單明細	SUBXRAY	放射診療費	數字	""
16	DD	健保-住院醫療費用清單明細檔（適用 96~100 年資料）	THRP_AMT	治療處置費	N	7	VGHTPE_DD	北榮健保申報-住院醫療費用清單明細	SUBTRET	治療處置費	數字	""
17	DD	健保-住院醫療費用清單明細檔（適用 96~100 年資料）	SGRY_AMT	手術費	N	7	VGHTPE_DD	北榮健保申報-住院醫療費用清單明細	SUBOPER	手術費	數字	""
17	DD	健保-住院醫療費用清單明細檔（適用 96~100 年資料）	PHSC_AMT	復健治療費	N	7	VGHTPE_DD	北榮健保申報-住院醫療費用清單明細	SUBPHSY	復健治療費	數字	""
17	DD	健保-住院醫療費用清單明細檔（適用 96~100 年資料）	HD_AMT	血液透析費	N	7	VGHTPE_DD	北榮健保申報-住院醫療費用清單明細	SUBKIDN	血液透析費	數字	""
17	DD	健保-住院醫療費用清單明細檔（適用 96~100 年資料）	BLOD_AMT	血液血漿費	N	7	VGHTPE_DD	北榮健保申報-住院醫療費用清單明細	SUBBLOD	血液血漿費	數字	""
17	DD	健保-住院醫療費用清單明細檔（適用 96~100 年資料）	ANE_AMT	麻醉費	N	7	VGHTPE_DD	北榮健保申報-住院醫療費用清單明細	SUBANES	麻醉費	數字	""
17	DD	健保-住院醫療費用清單明細檔（適用 96~100 年資料）	METR_AMT	特殊材料費	N	7	VGHTPE_DD	北榮健保申報-住院醫療費用清單明細	SUBMATE	特材費	數字	""
17	DD	健保-住院醫療費用清單明細檔（適用 96~100 年資料）	DRUG_AMT	葯費	N	7	VGHTPE_DD	北榮健保申報-住院醫療費用清單明細	SUBDRUG	藥費	數字	""
17	DD	健保-住院醫療費用清單明細檔（適用 96~100 年資料）	DSVC_AMT	葯事服務費	N	7	VGHTPE_DD	北榮健保申報-住院醫療費用清單明細	SUBDRGS	藥事服務費	數字	""
17	DD	健保-住院醫療費用清單明細檔（適用 96~100 年資料）	NRTP_AMT	精神科治療費	N	7	VGHTPE_DD	北榮健保申報-住院醫療費用清單明細	SUBPSY	精神治療費	數字	""
17	DD	健保-住院醫療費用清單明細檔（適用 96~100 年資料）	INJT_AMT	注射技術費	N	7	VGHTPE_DD	北榮健保申報-住院醫療費用清單明細	SUBSHUT	注射技術費	數字	""
18	DD	健保-住院醫療費用清單明細檔（適用 96~100 年資料）	BABY_AMT	嬰兒費	N	7	VGHTPE_DD	北榮健保申報-住院醫療費用清單明細	SUBINFT	嬰兒費	數字	""
18	DD	健保-住院醫療費用清單明細檔（適用 96~100 年資料）	CHARG_AMT	代辦費	N	7	VGHTPE_DD	北榮健保申報-住院醫療費用清單明細	""	""	""	""
18	DD	健保-住院醫療費用清單明細檔（適用 96~100 年資料）	MED_AMT	醫療費用	N	8	VGHTPE_DD	北榮健保申報-住院醫療費用清單明細	PATTOTAL	醫療費用合計	數字	""
18	DD	健保-住院醫療費用清單明細檔（適用 96~100 年資料）	PART_AMT	部份負擔點數	N	7	VGHTPE_DD	北榮健保申報-住院醫療費用清單明細	SELTOTAL	部份負擔總額	數字	""
18	DD	健保-住院醫療費用清單明細檔（適用 96~100 年資料）	APPL_AMT	申請費用點數	N	8	VGHTPE_DD	北榮健保申報-住院醫療費用清單明細	APPTOTAL	申請費用總額	數字	""
18	DD	健保-住院醫療費用清單明細檔（適用 96~100 年資料）	EB_APPL30_AMT	醫療費用點數(急性病床1至30天)	N	8	VGHTPE_DD	北榮健保申報-住院醫療費用清單明細	E30PATOT	急性床３０天內費用	數字	""
18	DD	健保-住院醫療費用清單明細檔（適用 96~100 年資料）	EB_PART30_AMT	部份負擔點數(急性病床1至30天)	N	7	VGHTPE_DD	北榮健保申報-住院醫療費用清單明細	E30SETOT	急性床３０天內部份負擔	數字	""
18	DD	健保-住院醫療費用清單明細檔（適用 96~100 年資料）	EB_APPL60_AMT	醫療費用點數(急性病床31至60天)	N	8	VGHTPE_DD	北榮健保申報-住院醫療費用清單明細	E60PATOT	急性床６０天內費用	數字	""
18	DD	健保-住院醫療費用清單明細檔（適用 96~100 年資料）	EB_PART60_AMT	部份負擔點數(急性病床31至60天)	N	7	VGHTPE_DD	北榮健保申報-住院醫療費用清單明細	E60SETOT	急性床６０天內部份負擔	數字	""
18	DD	健保-住院醫療費用清單明細檔（適用 96~100 年資料）	EB_APPL61_AMT	醫療費用點數(急性病床61天以上)	N	8	VGHTPE_DD	北榮健保申報-住院醫療費用清單明細	EOTPATOT	急性床６１天上費用	數字	""
19	DD	健保-住院醫療費用清單明細檔（適用 96~100 年資料）	EB_PART61_AMT	部份負擔點數(急性病床61天以上)	N	7	VGHTPE_DD	北榮健保申報-住院醫療費用清單明細	EOTSETOT	急性床６１天上部份負擔	數字	""
19	DD	健保-住院醫療費用清單明細檔（適用 96~100 年資料）	SB_APPL30_AMT	醫療費用點數(慢性病床1至30天)	N	8	VGHTPE_DD	北榮健保申報-住院醫療費用清單明細	L30PATOT	慢性床３０天內費用	數字	""
19	DD	健保-住院醫療費用清單明細檔（適用 96~100 年資料）	SB_PART30_AMT	部份負擔點數(慢性病床1至30天)	N	7	VGHTPE_DD	北榮健保申報-住院醫療費用清單明細	L30SETOT	慢性床３０天內部份負擔	數字	""
19	DD	健保-住院醫療費用清單明細檔（適用 96~100 年資料）	SB_APPL90_AMT	醫療費用點數(慢性病床31至90天)	N	8	VGHTPE_DD	北榮健保申報-住院醫療費用清單明細	L90PATOT	慢性床９０天內費用	數字	""
19	DD	健保-住院醫療費用清單明細檔（適用 96~100 年資料）	SB_PART90_AMT	部份負擔點數(慢性病床31至90天)	N	7	VGHTPE_DD	北榮健保申報-住院醫療費用清單明細	L90SETOT	慢性床９０天內部份負擔	數字	""
19	DD	健保-住院醫療費用清單明細檔（適用 96~100 年資料）	SB_APPL180_AMT	醫療費用點數(慢性病床91至180天)	N	8	VGHTPE_DD	北榮健保申報-住院醫療費用清單明細	L180PTOT	慢性床１８０內費用	數字	""
19	DD	健保-住院醫療費用清單明細檔（適用 96~100 年資料）	SB_PART180_AMT	部份負擔點數(慢性病床91至180天)	N	7	VGHTPE_DD	北榮健保申報-住院醫療費用清單明細	L180STOT	慢性床１８０內部份負擔	數字	""
19	DD	健保-住院醫療費用清單明細檔（適用 96~100 年資料）	SB_APPL181_AMT	醫療費用點數(慢性病床181天以上)	N	8	VGHTPE_DD	北榮健保申報-住院醫療費用清單明細	LOTPATOT	慢性床１８０上費用	數字	""
19	DD	健保-住院醫療費用清單明細檔（適用 96~100 年資料）	PART_MARK	部份負擔註記	C	3	VGHTPE_DD	北榮健保申報-住院醫療費用清單明細	BNHSLFG1	部份負擔代號	文字	3
20	DD	健保-住院醫療費用清單明細檔（適用 96~100 年資料）	ID_SEX	性別	C	1	VGHTPE_DD	北榮健保申報-住院醫療費用清單明細	""	""	""	""
20	DD	健保-住院醫療費用清單明細檔（適用 96~100 年資料）	""	""	""	""	VGHTPE_DD	北榮健保申報-住院醫療費用清單明細	NFITDRG	不適用註記	文字	1
20	DD	健保-住院醫療費用清單明細檔（適用 96~100 年資料）	""	""	""	""	VGHTPE_DD	北榮健保申報-住院醫療費用清單明細	BGIN	病患來源	文字	1
20	DD	健保-住院醫療費用清單明細檔（適用 96~100 年資料）	""	""	""	""	VGHTPE_DD	北榮健保申報-住院醫療費用清單明細	OESEQNO	醫令總數	數字	""
20	DD	健保-住院醫療費用清單明細檔（適用 96~100 年資料）	""	""	""	""	VGHTPE_DD	北榮健保申報-住院醫療費用清單明細	FINKEY	本院身份	文字	4
20	DD	健保-住院醫療費用清單明細檔（適用 96~100 年資料）	""	""	""	""	VGHTPE_DD	北榮健保申報-住院醫療費用清單明細	BPSECT	本院科別	文字	4
20	DD	健保-住院醫療費用清單明細檔（適用 96~100 年資料）	""	""	""	""	VGHTPE_DD	北榮健保申報-住院醫療費用清單明細	BABYBIRD	新生兒生日	文字	7
20	DD	健保-住院醫療費用清單明細檔（適用 96~100 年資料）	""	""	""	""	VGHTPE_DD	北榮健保申報-住院醫療費用清單明細	NAMEC	姓名	文字	12
20	DD	健保-住院醫療費用清單明細檔（適用 96~100 年資料）	""	""	""	""	VGHTPE_DD	北榮健保申報-住院醫療費用清單明細	FIL01	保留１	文字	9
20	DD	健保-住院醫療費用清單明細檔（適用 96~100 年資料）	""	""	""	""	VGHTPE_DD	北榮健保申報-住院醫療費用清單明細	FIL02	保留２	文字	33
21	DD	健保-住院醫療費用清單明細檔（適用 96~100 年資料）	CASE_TYPE	案件分類	C	2	VGHTPE_DD	北榮健保申報-住院醫療費用清單明細	BCASEFLG	案件分類	文字	1
21	DD	健保-住院醫療費用清單明細檔（適用 96~100 年資料）	CARD_SEQ_NO	就醫序號	C	4	VGHTPE_DD	北榮健保申報-住院醫療費用清單明細	BNHISEQ	就醫序號	文字	2
21	DO	健保-住院醫療費用醫令清單明細檔（適用 101 年以後資料）	FEE_YM	費用年月	C	6	VGHTPE_DO	北榮健保申報-住院醫療費用醫令清單明細檔	DISYYMM	費用年月	文字	5
21	DO	健保-住院醫療費用醫令清單明細檔（適用 101 年以後資料）	APPL_TYPE	申報類別	C	1	VGHTPE_DO	北榮健保申報-住院醫療費用醫令清單明細檔	BRELAY	申報類別	文字	1
21	DO	健保-住院醫療費用醫令清單明細檔（適用 101 年以後資料）	HOSP_ID	醫事機構代號	C	34	VGHTPE_DO	北榮健保申報-住院醫療費用醫令清單明細檔	""	""	""	""
21	DO	健保-住院醫療費用醫令清單明細檔（適用 101 年以後資料）	APPL_DATE	申報日期	C	8	VGHTPE_DO	北榮健保申報-住院醫療費用醫令清單明細檔	""	""	""	""
21	DO	健保-住院醫療費用醫令清單明細檔（適用 101 年以後資料）	CASE_TYPE	案件分類	C	2	VGHTPE_DO	北榮健保申報-住院醫療費用醫令清單明細檔	BCASEFLG	案件分類	文字	2
21	DO	健保-住院醫療費用醫令清單明細檔（適用 101 年以後資料）	SEQ_NO	流水號	N	6	VGHTPE_DO	北榮健保申報-住院醫療費用醫令清單明細檔	SEQNO	流水編號	文字	6
21	DO	健保-住院醫療費用醫令清單明細檔（適用 101 年以後資料）	""	""	""	""	VGHTPE_DO	北榮健保申報-住院醫療費用醫令清單明細檔	BIDNO	身分證字號	文字	10
21	DO	健保-住院醫療費用醫令清單明細檔（適用 101 年以後資料）	""	""	""	""	VGHTPE_DO	北榮健保申報-住院醫療費用醫令清單明細檔	OESEQNO	醫令序	文字	5
22	DO	健保-住院醫療費用醫令清單明細檔（適用 101 年以後資料）	ORDER_TYPE	醫令類別	C	1	VGHTPE_DO	北榮健保申報-住院醫療費用醫令清單明細檔	OETYP	醫令類別	文字	1
22	DO	健保-住院醫療費用醫令清單明細檔（適用 101 年以後資料）	ORDER_CODE	醫令代碼	C	12	VGHTPE_DO	北榮健保申報-住院醫療費用醫令清單明細檔	BORNHICD	醫令代碼（健保碼）	文字	12
22	DO	健保-住院醫療費用醫令清單明細檔（適用 101 年以後資料）	""	""	""	""	VGHTPE_DO	北榮健保申報-住院醫療費用醫令清單明細檔	PFKEY	收費碼（本院碼）	文字	8
22	DO	健保-住院醫療費用醫令清單明細檔（適用 101 年以後資料）	EXE_S_DATE	執行起日	C	16	VGHTPE_DO	北榮健保申報-住院醫療費用醫令清單明細檔	CORDATE1	執行起日	文字	7
22	DO	健保-住院醫療費用醫令清單明細檔（適用 101 年以後資料）	""	""	""	""	VGHTPE_DO	北榮健保申報-住院醫療費用醫令清單明細檔	BOROPTMB	執行起時	文字	4
22	DO	健保-住院醫療費用醫令清單明細檔（適用 101 年以後資料）	EXE_E_DATE	執行迄日	C	16	VGHTPE_DO	北榮健保申報-住院醫療費用醫令清單明細檔	CORDATE2	執行迄日	文字	7
22	DO	健保-住院醫療費用醫令清單明細檔（適用 101 年以後資料）	""	""	""	""	VGHTPE_DO	北榮健保申報-住院醫療費用醫令清單明細檔	BOROPTME	執行迄時	文字	4
22	DO	健保-住院醫療費用醫令清單明細檔（適用 101 年以後資料）	PAY_RATE	支付成數	N	10	VGHTPE_DO	北榮健保申報-住院醫療費用醫令清單明細檔	BORPERT	支付成數	數字	""
22	DO	健保-住院醫療費用醫令清單明細檔（適用 101 年以後資料）	ORDER_QTY	醫令數量	N	7	VGHTPE_DO	北榮健保申報-住院醫療費用醫令清單明細檔	APPLYUSE	總量	數字	""
22	DO	健保-住院醫療費用醫令清單明細檔（適用 101 年以後資料）	ORDER_PRICE	醫令單價	N	10	VGHTPE_DO	北榮健保申報-住院醫療費用醫令清單明細檔	CORNHPUN	單價（含兩位小數）	數字	""
23	DO	健保-住院醫療費用醫令清單明細檔（適用 101 年以後資料）	ORDER_AMT	醫令點數	N	8	VGHTPE_DO	北榮健保申報-住院醫療費用醫令清單明細檔	APPLYAMT	金額（不含小數）	數字	""
23	DO	健保-住院醫療費用醫令清單明細檔（適用 101 年以後資料）	""	""	""	""	VGHTPE_DO	北榮健保申報-住院醫療費用醫令清單明細檔	BDGDOS	藥使用劑量	文字	6
23	DO	健保-住院醫療費用醫令清單明細檔（適用 101 年以後資料）	DRUG_FRE	藥品使用頻率	C	18	VGHTPE_DO	北榮健保申報-住院醫療費用醫令清單明細檔	""	""	""	""
23	DO	健保-住院醫療費用醫令清單明細檔（適用 101 年以後資料）	DRUG_PATH	給藥途徑/作用部位	C	4	VGHTPE_DO	北榮健保申報-住院醫療費用醫令清單明細檔	NHIFREQ	給藥途徑∕會診科別	文字	22
23	DO	健保-住院醫療費用醫令清單明細檔（適用 101 年以後資料）	TW_DRGS_CALCU	Tw-DRGs計算	N	18	VGHTPE_DO	北榮健保申報-住院醫療費用醫令清單明細檔	""	""	""	""
23	DO	健保-住院醫療費用醫令清單明細檔（適用 101 年以後資料）	CURE_PATH	診療之部位	C	47	VGHTPE_DO	北榮健保申報-住院醫療費用醫令清單明細檔	""	""	""	""
23	DO	健保-住院醫療費用醫令清單明細檔（適用 101 年以後資料）	""	""	""	""	VGHTPE_DO	北榮健保申報-住院醫療費用醫令清單明細檔	AA0	保留１	文字	1
23	DO	健保-住院醫療費用醫令清單明細檔（適用 101 年以後資料）	""	""	""	""	VGHTPE_DO	北榮健保申報-住院醫療費用醫令清單明細檔	BXLPARNO	分月代碼	文字	2
23	DO	健保-住院醫療費用醫令清單明細檔（適用 101 年以後資料）	""	""	""	""	VGHTPE_DO	北榮健保申報-住院醫療費用醫令清單明細檔	BOROPTME	支付成數	文字	4
23	DO	健保-住院醫療費用醫令清單明細檔（適用 101 年以後資料）	PAY_RATE	支付成數	N	10	VGHTPE_DO	北榮健保申報-住院醫療費用醫令清單明細檔	BORPERT	""	數字	""
24	DO	健保-住院醫療費用醫令清單明細檔（適用 99~100 年資料）	FEE_YM	費用年月	C	6	VGHTPE_DO	北榮健保申報-住院醫療費用醫令清單明細檔	DISYYMM	費用年月	文字	5
24	DO	健保-住院醫療費用醫令清單明細檔（適用 99~100 年資料）	APPL_TYPE	申報類別	C	1	VGHTPE_DO	北榮健保申報-住院醫療費用醫令清單明細檔	BRELAY	申報類別	文字	1
24	DO	健保-住院醫療費用醫令清單明細檔（適用 99~100 年資料）	HOSP_ID	醫事機構代號	C	34	VGHTPE_DO	北榮健保申報-住院醫療費用醫令清單明細檔	""	""	""	""
24	DO	健保-住院醫療費用醫令清單明細檔（適用 99~100 年資料）	APPL_DATE	申報日期	C	8	VGHTPE_DO	北榮健保申報-住院醫療費用醫令清單明細檔	""	""	""	""
24	DO	健保-住院醫療費用醫令清單明細檔（適用 99~100 年資料）	CASE_TYPE	案件分類	C	2	VGHTPE_DO	北榮健保申報-住院醫療費用醫令清單明細檔	BCASEFLG	案件分類	文字	2
24	DO	健保-住院醫療費用醫令清單明細檔（適用 99~100 年資料）	SEQ_NO	流水號	N	6	VGHTPE_DO	北榮健保申報-住院醫療費用醫令清單明細檔	SEQNO	流水編號	文字	6
24	DO	健保-住院醫療費用醫令清單明細檔（適用 99~100 年資料）	""	""	""	""	VGHTPE_DO	北榮健保申報-住院醫療費用醫令清單明細檔	BIDNO	身分證字號	文字	10
24	DO	健保-住院醫療費用醫令清單明細檔（適用 99~100 年資料）	ORDER_SEQ_NO	醫令序號	N	5	VGHTPE_DO	北榮健保申報-住院醫療費用醫令清單明細檔	OESEQNO	醫令序	文字	5
24	DO	健保-住院醫療費用醫令清單明細檔（適用 99~100 年資料）	ORDER_TYPE	醫令類別	C	1	VGHTPE_DO	北榮健保申報-住院醫療費用醫令清單明細檔	OETYP	醫令類別	文字	1
24	DO	健保-住院醫療費用醫令清單明細檔（適用 99~100 年資料）	ORDER_CODE	醫令代碼	C	12	VGHTPE_DO	北榮健保申報-住院醫療費用醫令清單明細檔	BORNHICD	醫令代碼（健保碼）	文字	12
25	DO	健保-住院醫療費用醫令清單明細檔（適用 99~100 年資料）	""	""	""	""	VGHTPE_DO	北榮健保申報-住院醫療費用醫令清單明細檔	PFKEY	收費碼（本院碼）	文字	8
25	DO	健保-住院醫療費用醫令清單明細檔（適用 99~100 年資料）	""	""	""	""	VGHTPE_DO	北榮健保申報-住院醫療費用醫令清單明細檔	CORDATE1	執行起日	文字	7
25	DO	健保-住院醫療費用醫令清單明細檔（適用 99~100 年資料）	""	""	""	""	VGHTPE_DO	北榮健保申報-住院醫療費用醫令清單明細檔	BOROPTMB	執行起時	文字	4
25	DO	健保-住院醫療費用醫令清單明細檔（適用 99~100 年資料）	""	""	""	""	VGHTPE_DO	北榮健保申報-住院醫療費用醫令清單明細檔	CORDATE2	執行迄日	文字	7
25	DO	健保-住院醫療費用醫令清單明細檔（適用 99~100 年資料）	""	""	""	""	VGHTPE_DO	北榮健保申報-住院醫療費用醫令清單明細檔	BOROPTME	執行迄時	文字	4
25	DO	健保-住院醫療費用醫令清單明細檔（適用 99~100 年資料）	RATE_TYPE	支付成數	N	4	VGHTPE_DO	北榮健保申報-住院醫療費用醫令清單明細檔	BORPERT	支付成數	數字	""
25	DO	健保-住院醫療費用醫令清單明細檔（適用 99~100 年資料）	ORDER_QTY	醫令數量	N	7	VGHTPE_DO	北榮健保申報-住院醫療費用醫令清單明細檔	APPLYUSE	總量	數字	""
25	DO	健保-住院醫療費用醫令清單明細檔（適用 99~100 年資料）	ORDER_PRICE	醫令單價	N	10	VGHTPE_DO	北榮健保申報-住院醫療費用醫令清單明細檔	CORNHPUN	單價（含兩位小數）	數字	""
25	DO	健保-住院醫療費用醫令清單明細檔（適用 99~100 年資料）	ORDER_AMT	醫令點數	N	8	VGHTPE_DO	北榮健保申報-住院醫療費用醫令清單明細檔	APPLYAMT	金額（不含小數）	數字	""
25	DO	健保-住院醫療費用醫令清單明細檔（適用 99~100 年資料）	""	""	""	""	VGHTPE_DO	北榮健保申報-住院醫療費用醫令清單明細檔	BDGDOS	藥使用劑量	文字	6
26	DO	健保-住院醫療費用醫令清單明細檔（適用 99~100 年資料）	""	""	""	""	VGHTPE_DO	北榮健保申報-住院醫療費用醫令清單明細檔	""	""	""	""
26	DO	健保-住院醫療費用醫令清單明細檔（適用 99~100 年資料）	""	""	""	""	VGHTPE_DO	北榮健保申報-住院醫療費用醫令清單明細檔	NHIFREQ	給藥途徑∕會診科別	文字	22
26	DO	健保-住院醫療費用醫令清單明細檔（適用 99~100 年資料）	""	""	""	""	VGHTPE_DO	北榮健保申報-住院醫療費用醫令清單明細檔	AA0	保留１	文字	1
26	DO	健保-住院醫療費用醫令清單明細檔（適用 99~100 年資料）	""	""	""	""	VGHTPE_DO	北榮健保申報-住院醫療費用醫令清單明細檔	BXLPARNO	分月代碼	文字	2
26	DO	健保-住院醫療費用醫令清單明細檔（適用 96~98 年資料）	FEE_YM	費用年月	C	6	VGHTPE_DO	北榮健保申報-住院醫療費用醫令清單明細檔	DISYYMM	費用年月	文字	5
26	DO	健保-住院醫療費用醫令清單明細檔（適用 96~98 年資料）	APPL_TYPE	申報類別	C	1	VGHTPE_DO	北榮健保申報-住院醫療費用醫令清單明細檔	BRELAY	申報類別	文字	1
26	DO	健保-住院醫療費用醫令清單明細檔（適用 96~98 年資料）	HOSP_ID	醫事機構代號	C	34	VGHTPE_DO	北榮健保申報-住院醫療費用醫令清單明細檔	""	""	""	""
26	DO	健保-住院醫療費用醫令清單明細檔（適用 96~98 年資料）	APPL_DATE	申報日期	C	8	VGHTPE_DO	北榮健保申報-住院醫療費用醫令清單明細檔	""	""	""	""
26	DO	健保-住院醫療費用醫令清單明細檔（適用 96~98 年資料）	CASE_TYPE	案件分類	C	2	VGHTPE_DO	北榮健保申報-住院醫療費用醫令清單明細檔	BCASEFLG	案件分類	文字	2
26	DO	健保-住院醫療費用醫令清單明細檔（適用 96~98 年資料）	SEQ_NO	流水號	N	6	VGHTPE_DO	北榮健保申報-住院醫療費用醫令清單明細檔	SEQNO	流水編號	文字	6
27	DO	健保-住院醫療費用醫令清單明細檔（適用 96~98 年資料）	""	""	""	""	VGHTPE_DO	北榮健保申報-住院醫療費用醫令清單明細檔	BIDNO	身分證字號	文字	10
27	DO	健保-住院醫療費用醫令清單明細檔（適用 96~98 年資料）	ORDER_SEQ_NO	醫令序號	N	5	VGHTPE_DO	北榮健保申報-住院醫療費用醫令清單明細檔	OESEQNO	醫令序	文字	5
27	DO	健保-住院醫療費用醫令清單明細檔（適用 96~98 年資料）	ORDER_TYPE	醫令類別	C	1	VGHTPE_DO	北榮健保申報-住院醫療費用醫令清單明細檔	OETYP	醫令類別	文字	1
27	DO	健保-住院醫療費用醫令清單明細檔（適用 96~98 年資料）	ORDER_CODE	醫令代碼	C	12	VGHTPE_DO	北榮健保申報-住院醫療費用醫令清單明細檔	BORNHICD	醫令代碼（健保碼）	文字	12
27	DO	健保-住院醫療費用醫令清單明細檔（適用 96~98 年資料）	""	""	""	""	VGHTPE_DO	北榮健保申報-住院醫療費用醫令清單明細檔	PFKEY	收費碼（本院碼）	文字	8
27	DO	健保-住院醫療費用醫令清單明細檔（適用 96~98 年資料）	""	""	""	""	VGHTPE_DO	北榮健保申報-住院醫療費用醫令清單明細檔	CORDATE1	執行起日	文字	7
27	DO	健保-住院醫療費用醫令清單明細檔（適用 96~98 年資料）	""	""	""	""	VGHTPE_DO	北榮健保申報-住院醫療費用醫令清單明細檔	BOROPTMB	執行起時	文字	4
27	DO	健保-住院醫療費用醫令清單明細檔（適用 96~98 年資料）	""	""	""	""	VGHTPE_DO	北榮健保申報-住院醫療費用醫令清單明細檔	CORDATE2	執行迄日	文字	7
27	DO	健保-住院醫療費用醫令清單明細檔（適用 96~98 年資料）	""	""	""	""	VGHTPE_DO	北榮健保申報-住院醫療費用醫令清單明細檔	BOROPTME	執行迄時	文字	4
27	DO	健保-住院醫療費用醫令清單明細檔（適用 96~98 年資料）	RATE_TYPE	支付成數	N	4	VGHTPE_DO	北榮健保申報-住院醫療費用醫令清單明細檔	BORPERT	支付成數	數字	""
28	DO	健保-住院醫療費用醫令清單明細檔（適用 96~98 年資料）	ORDER_QTY	醫令數量	N	7	VGHTPE_DO	北榮健保申報-住院醫療費用醫令清單明細檔	APPLYUSE	總量	數字	""
28	DO	健保-住院醫療費用醫令清單明細檔（適用 96~98 年資料）	ORDER_PRICE	醫令單價	N	10	VGHTPE_DO	北榮健保申報-住院醫療費用醫令清單明細檔	CORNHPUN	單價（含兩位小數）	數字	""
28	DO	健保-住院醫療費用醫令清單明細檔（適用 96~98 年資料）	ORDER_AMT	醫令點數	N	8	VGHTPE_DO	北榮健保申報-住院醫療費用醫令清單明細檔	APPLYAMT	金額（不含小數）	數字	""
28	DO	健保-住院醫療費用醫令清單明細檔（適用 96~98 年資料）	""	""	""	""	VGHTPE_DO	北榮健保申報-住院醫療費用醫令清單明細檔	BDGDOS	藥使用劑量	文字	6
28	DO	健保-住院醫療費用醫令清單明細檔（適用 96~98 年資料）	""	""	""	""	VGHTPE_DO	北榮健保申報-住院醫療費用醫令清單明細檔	""	""	""	""
28	DO	健保-住院醫療費用醫令清單明細檔（適用 96~98 年資料）	""	""	""	""	VGHTPE_DO	北榮健保申報-住院醫療費用醫令清單明細檔	NHIFREQ	給藥途徑∕會診科別	文字	22
28	DO	健保-住院醫療費用醫令清單明細檔（適用 96~98 年資料）	""	""	""	""	VGHTPE_DO	北榮健保申報-住院醫療費用醫令清單明細檔	AA0	保留１	文字	1
28	DO	健保-住院醫療費用醫令清單明細檔（適用 96~98 年資料）	""	""	""	""	VGHTPE_DO	北榮健保申報-住院醫療費用醫令清單明細檔	BXLPARNO	分月代碼	文字	2
28	OO	門診處方醫令明細檔	FEE_YM	費用年月	C	6	VGHTPE_OO	北榮健保申報-門診處方及治療醫令明細檔	YYYMM	申報年月（民國） YYYMM	文字	5
28	OO	門診處方醫令明細檔	APPL_TYPE	申報類別	C	1	VGHTPE_OO	北榮健保申報-門診處方及治療醫令明細檔	APPLTYP	報帳方式	文字	1
29	OO	門診處方醫令明細檔	HOSP_ID	醫事機構代號	C	34	VGHTPE_OO	北榮健保申報-門診處方及治療醫令明細檔	""	""	""	""
29	OO	門診處方醫令明細檔	APPL_DATE	申報日期	C	8	VGHTPE_OO	北榮健保申報-門診處方及治療醫令明細檔	""	""	""	""
29	OO	門診處方醫令明細檔	CASE_TYPE	案件分類	C	2	VGHTPE_OO	北榮健保申報-門診處方及治療醫令明細檔	ARNHMANO	案件分類	文字	2
29	OO	門診處方醫令明細檔	SEQ_NO	流水號	N	6	VGHTPE_OO	北榮健保申報-門診處方及治療醫令明細檔	ARNICNO1	報帳序號	文字	6
29	OO	門診處方醫令明細檔	ORDER_TYPE	醫令類別	C	1	VGHTPE_OO	北榮健保申報-門診處方及治療醫令明細檔	DDDFLAG	醫令類別	文字	1
29	OO	門診處方醫令明細檔	DRUG_NO	葯品(項目)代號	C	12	VGHTPE_OO	北榮健保申報-門診處方及治療醫令明細檔	ARNHICD	健保碼∕藥品碼∕特材	文字	12
29	OO	門診處方醫令明細檔	DRUG_USE	葯品用量(診療部位)	C	6	VGHTPE_OO	北榮健保申報-門診處方及治療醫令明細檔	ARNHDOSE	藥品用量	數字	7
29	OO	門診處方醫令明細檔	DRUG_FRE	葯品使用頻率(支付成數)	C	18	VGHTPE_OO	北榮健保申報-門診處方及治療醫令明細檔	ARNHFQCY	藥品使用頻次	文字	18
29	OO	門診處方醫令明細檔	UNIT_PRICE	單價	N	10	VGHTPE_OO	北榮健保申報-門診處方及治療醫令明細檔	ARNHIFE	單價	數字	10
29	OO	門診處方醫令明細檔	TOTAL_QTY	總量	N	7	VGHTPE_OO	北榮健保申報-門診處方及治療醫令明細檔	ARNHIQTY	總量	數字	7
30	OO	門診處方醫令明細檔	TOTAL_AMT	點數	N	8	VGHTPE_OO	北榮健保申報-門診處方及治療醫令明細檔	ARNHIPF1	點數	數字	9
30	OO	門診處方醫令明細檔	ORDER_SEQ_NO	醫令序號	N	5	VGHTPE_OO	北榮健保申報-門診處方及治療醫令明細檔	OESEQNO	醫令序	文字	5
30	OO	門診處方醫令明細檔	ARNHPAID	身份證號	c	10	VGHTPE_OO	北榮健保申報-門診處方及治療醫令明細檔	ARNHPAID	身份證號	文字	10
31	OO	門診處方醫令明細檔	DRUG_USE	葯品用量	C	9	VGHTPE_OO	北榮健保申報-門診處方及治療醫令明細檔	ARNHDOSE	藥品用量	數字	7
31	OO	門診處方醫令明細檔	DRUG_FRE	葯品使用頻率	C	18	VGHTPE_OO	北榮健保申報-門診處方及治療醫令明細檔	ARNHFQCY	藥品使用頻次	文字	18
31	OO	門診處方醫令明細檔	REL_MODE	調劑方式	C	1	VGHTPE_OO	北榮健保申報-門診處方及治療醫令明細檔	ARNHRX	０自１交調劑２	文字	1
31	OO	門診處方醫令明細檔	EXE_S_DATE	執行時間-起	C	16	VGHTPE_OO	北榮健保申報-門診處方及治療醫令明細檔	""	""	""	""
31	OO	門診處方醫令明細檔	EXE_E_DATE	執行時間-迄	C	16	VGHTPE_OO	北榮健保申報-門診處方及治療醫令明細檔	""	""	""	""
32	OO	門診處方醫令明細檔	PAY_RATE	支付成數	N	10	VGHTPE_OO	北榮健保申報-門診處方及治療醫令明細檔	ARNHADD	加成	文字	1
32	OO	門診處方醫令明細檔	CURE_PATH	診療之部位	C	30	VGHTPE_OO	北榮健保申報-門診處方及治療醫令明細檔	ARNHDENT	部位	文字	6
32	OO	門診處方醫令明細檔	ARNHPAID	身份證號	c	10	VGHTPE_OO	北榮健保申報-門診處方及治療醫令明細檔	ARNHPAID	身份證號	文字	10
33	CD	門診處方及治療明細檔	FEE_YM	費用年月	C	6	VGHTPE_CD	北榮健保申報-門診處方及治療明細檔	YYYMM	申報年月（民國） YYYMM	文字	5
33	CD	門診處方及治療明細檔	APPL_TYPE	申報類別	C	1	VGHTPE_CD	北榮健保申報-門診處方及治療明細檔	APPLTYP	1: 送核 2: 補報	文字	1
33	CD	門診處方及治療明細檔	HOSP_ID	醫事機構代號	C	34	VGHTPE_CD	北榮健保申報-門診處方及治療明細檔	HOSID2	醫院代號	文字	10
33	CD	門診處方及治療明細檔	APPL_DATE	申報日期	C	8	VGHTPE_CD	北榮健保申報-門診處方及治療明細檔	""	""	""	""
33	CD	門診處方及治療明細檔	CASE_TYPE	案件分類	C	2	VGHTPE_CD	北榮健保申報-門診處方及治療明細檔	ARNHMANO	案件分類	文字	2
33	CD	門診處方及治療明細檔	SEQ_NO	流水號	N	6	VGHTPE_CD	北榮健保申報-門診處方及治療明細檔	""	""	""	""
33	CD	門診處方及治療明細檔	CURE_ITEM_NO1	特定治療項目代號（一）	C	2	VGHTPE_CD	北榮健保申報-門診處方及治療明細檔	ARNHSUB1	特定治療項目代號（一）	文字	2
34	CD	門診處方及治療明細檔	CURE_ITEM_NO2	特定治療項目代號（二）	C	2	VGHTPE_CD	北榮健保申報-門診處方及治療明細檔	ARNHSUB2	特定治療項目代號（二）	文字	2
34	CD	門診處方及治療明細檔	CURE_ITEM_NO3	特定治療項目代號（三）	C	2	VGHTPE_CD	北榮健保申報-門診處方及治療明細檔	ARNHSUB3	特定治療項目代號（三）	文字	2
34	CD	門診處方及治療明細檔	CURE_ITEM_NO4	特定治療項目代號（四）	C	2	VGHTPE_CD	北榮健保申報-門診處方及治療明細檔	ARNHSUB4	特定治療項目代號（四）	文字	2
34	CD	門診處方及治療明細檔	FUNC_TYPE	就醫科別	C	2	VGHTPE_CD	北榮健保申報-門診處方及治療明細檔	ARSEC	健保科別	文字	2
34	CD	門診處方及治療明細檔	FUNC_DATE	就醫日期	C	8	VGHTPE_CD	北榮健保申報-門診處方及治療明細檔	ARNDATE	看診日期（民國）	文字	7
34	CD	門診處方及治療明細檔	TREAT_END_DATE	治療結束日期	C	8	VGHTPE_CD	北榮健保申報-門診處方及治療明細檔	ARNHENDY	結束日期	文字	7
34	CD	門診處方及治療明細檔	ID_BIRTHDAY	出生年月	C	8	VGHTPE_CD	北榮健保申報-門診處方及治療明細檔	ARNHBIDT	出生日期	文字	7
34	CD	門診處方及治療明細檔	ID	身份證統一編號	C	32	VGHTPE_CD	北榮健保申報-門診處方及治療明細檔	ARNHPAID	病患身份証號	文字	10
34	CD	門診處方及治療明細檔	CARD_SEQ_NO	健保卡就醫序號	C	4	VGHTPE_CD	北榮健保申報-門診處方及治療明細檔	ARNHICNO	ＩＣ卡號 93/01 起	文字	4
34	CD	門診處方及治療明細檔	GAVE_KIND	給付類別	C	1	VGHTPE_CD	北榮健保申報-門診處方及治療明細檔	ARNHSICK	給付類別（傷病類別）	文字	1
35	CD	門診處方及治療明細檔	PART_NO	部分負擔代號	C	3	VGHTPE_CD	北榮健保申報-門診處方及治療明細檔	ARNHOPD	部分負擔代號	文字	3
35	CD	門診處方及治療明細檔	ACODE_ICD9_1	國際疾病分類號一	C	5	VGHTPE_CD	北榮健保申報-門診處方及治療明細檔	ARNHIC9	主診斷	文字	5
35	CD	門診處方及治療明細檔	ACODE_ICD9_2	國際疾病分類號二	C	5	VGHTPE_CD	北榮健保申報-門診處方及治療明細檔	ARNHIC92	副診斷一	文字	5
35	CD	門診處方及治療明細檔	ACODE_ICD9_3	國際疾病分類號三	C	5	VGHTPE_CD	北榮健保申報-門診處方及治療明細檔	ARNHIC93	副診斷二	文字	5
35	CD	門診處方及治療明細檔	ICD_OP_CODE	主手術代碼	C	4	VGHTPE_CD	北榮健保申報-門診處方及治療明細檔	""	""	""	""
35	CD	門診處方及治療明細檔	DRUG_DAY	給藥日份	N	2	VGHTPE_CD	北榮健保申報-門診處方及治療明細檔	ARNHDUR	給藥日份	數字	4
35	CD	門診處方及治療明細檔	MED_TYPE	處方調劑方式	C	1	VGHTPE_CD	北榮健保申報-門診處方及治療明細檔	ARNHRX	處方調劑方式	文字	1
35	CD	門診處方及治療明細檔	DRUG_AMT	用藥明細點數小計	N	8	VGHTPE_CD	北榮健保申報-門診處方及治療明細檔	DRUG	用藥金額小計	數字	8
36	CD	門診處方及治療明細檔	TREAT_AMT	診療明細點數小計	N	8	VGHTPE_CD	北榮健保申報-門診處方及治療明細檔	EXEC	診療金額小計	數字	8
36	CD	門診處方及治療明細檔	TREAT_CODE	診察費項目代號	C	12	VGHTPE_CD	北榮健保申報-門診處方及治療明細檔	ARNHICD	診察費項目代號	文字	12
36	CD	門診處方及治療明細檔	DIAG_AMT	診察費	N	8	VGHTPE_CD	北榮健保申報-門診處方及治療明細檔	DIAGSFE	診察費	數字	8
36	CD	門診處方及治療明細檔	DSVC_NO	藥事服務費項目代號	C	12	VGHTPE_CD	北榮健保申報-門診處方及治療明細檔	ARNHUICD	藥事費項目代號	文字	12
36	CD	門診處方及治療明細檔	DSVC_AMT	藥事服務費	N	8	VGHTPE_CD	北榮健保申報-門診處方及治療明細檔	DRUGSFE	藥事費	數字	8
36	CD	門診處方及治療明細檔	BY_PASS_CODE	DRG參考碼	C	2	VGHTPE_CD	北榮健保申報-門診處方及治療明細檔	""	""	""	""
36	CD	門診處方及治療明細檔	T_AMT	合計點數	N	8	VGHTPE_CD	北榮健保申報-門診處方及治療明細檔	TOTAL	總申報額	數字	8
36	CD	門診處方及治療明細檔	PART_AMT	部分負擔點數	N	8	VGHTPE_CD	北榮健保申報-門診處方及治療明細檔	SELPAY	自付額	數字	8
36	CD	門診處方及治療明細檔	T_APPL_AMT	申請點數	N	8	VGHTPE_CD	北榮健保申報-門診處方及治療明細檔	APPTOT	申請額	數字	8
36	CD	門診處方及治療明細檔	ID_SEX	性別	C	1	VGHTPE_CD	北榮健保申報-門診處方及治療明細檔	""	""	""	""
38	CD	門診處方及治療明細檔	ACODE_ICD9_1	國際疾病分類號一	C	15	VGHTPE_CD	北榮健保申報-門診處方及治療明細檔	ARNHIC9	主診斷	文字	5
38	CD	門診處方及治療明細檔	ACODE_ICD9_2	國際疾病分類號二	C	15	VGHTPE_CD	北榮健保申報-門診處方及治療明細檔	ARNHIC92	副診斷一	文字	5
38	CD	門診處方及治療明細檔	ACODE_ICD9_3	國際疾病分類號三	C	15	VGHTPE_CD	北榮健保申報-門診處方及治療明細檔	ARNHIC93	副診斷二	文字	5
38	CD	門診處方及治療明細檔	ICD_OP_CODE	主手術代碼	C	15	VGHTPE_CD	北榮健保申報-門診處方及治療明細檔	""	""	""	""
38	CD	門診處方及治療明細檔	CASE_PAY_CODE	論病例計酬代碼	C	2	VGHTPE_CD	北榮健保申報-門診處方及治療明細檔	""	""	""	""
38	CD	門診處方及治療明細檔	TRAN_IN_HOSP_ID	轉入院所代碼	C	34	VGHTPE_CD	北榮健保申報-門診處方及治療明細檔	ARNHTRID	轉入機構代號	文字	10
39	CD	門診處方及治療明細檔	PAT_TRAN_OUT	病患是否轉出	C	1	VGHTPE_CD	北榮健保申報-門診處方及治療明細檔	ARNHOUT	病患是四否轉出	文字	1
39	CD	門診處方及治療明細檔	APPL_CAUSE_MARK	補報原因註記	C	1	VGHTPE_CD	北榮健保申報-門診處方及治療明細檔	""	""	""	""
