資料庫代碼	資料庫名稱	周期	資料年度起	資料年度迄	 負責人	資料筆數	備註
ACADOC	A咖醫師資料	年				231	
ACAHIST	A咖病歷資料	年				1,352	
ACUPDRUG	中醫門診每日處方資料檔	年				7,766	
ADIHEAD	住院病歷基本資料檔	年				1,041,103	
ADISECT	各科代碼及對照中文名稱檔	年				67	
ADITAIL	住院病歷明細資料檔	年				121,587,555	
ADOIMAIF	電子病歷成圖資料檔	年				92,637	
ADRASSIG	案件審核分配表	年				161	
ADRCOMMI	醫師委員名單及聯絡方式	年				22	
ADRCTCAE	CTCAE 4	年				790	
ADRDATA	相關檢查驗數據	年				13,905	
ADRDDATC	懷疑藥ATC碼	年				1,149	
ADRFORM	藥物不良反應通報表	年				883	
ADRMEDIC	懷疑藥品及併用藥品	年				10,650	
ADRPROC	通報表流程記錄	年				3,842	
ADRREAC	藥物不良反應症狀部位及處置	年				940	
ADRSCORE	NARANJO SCORE	年				1,151	
ARCTC	化療藥品門診資料檔	年				100	
ARFQCY	藥品頻次基本檔	年				174	
ARPARE	門診散藥分包機資料檔	年				2,985	
ARPCNO	門診每日領藥號病患檔	年				19,270,734	
ARPHID	門診每日配方藥師姓名檔	年				714,297	
ARPVAC	門診例假日班表	年				23	
ARPWIN	ARPWIN TABLE 門診領藥號配藥檯控制檔	年				69	
ARROUT	藥品途徑基本檔	年				86	
ARSBCA00	門診每日現金收入檔	年				18,508,442	
ARSBCHR	門診病患收據檔	年				10,509,488	
ARSBDET	門診檢驗明細表	年				93,770,826	
ARSBDRG	門診藥品明細表	年				30,088,366	
ARSBICD	門診ICD明細表	年				22,229,110	
ARSBMAJ	紙卡重大傷病病患基本檔	年				13,715	
ARSBOW00	門診病患欠繳檔	年				344,795	
ARSBROOT	門診病患計價收費基本檔	年				1,861,971	
ARSBROOTW	門診病患計價收費基本檔	年				17,804,621	
ARSBSIX	門診六次療程資料檔	年				61,805	
ARSBSLOV	門診慢性卡檢驗項目檔	年				8,616	
ARSBSLOW	門診慢性卡藥品項目檔	年				938,325	
ARSBSPAT	門診慢性卡基本資料檔	年				306,097	
ARSBTEXT	門診病患延伸資料檔	年				2,099,562	
ARSCALE	電子秤臨時存值表	年				2	
ARTPCHVD	北市兒童醫療補助認証碼資料檔	年				1	
ASBASIC	基本資料	年				103	
ASCLOSE	銷案註記	年				1	
ASECTION	住院科別代碼表	年				94	
ASTHQUS3	問卷調查三	年				-	
AVSBROOT	藥袋處方摘要	年				5,649,007	
AVSCONFG	門診判讀設定檔	年				6	
AVSRXLOG	重複重疊記錄	年				1,412,860	
AVSSCHDL	發藥窗口排班表	年				45,087	
AVSSCHHD	排班歷史記錄明細	年				30,143	
AVSSCHHM	排班歷史記錄表頭	年				263	
AVSSCHIG	排班設定	年				259	
BASIMAGE	電子病歷底圖影像檔	年				95	
BASIMAIF	電子病歷底圖資料檔	年				95	
BBKBCST	輸血醫學科病人輸血反應記錄檔	年				1,099,612	
BBKHISTY	病人輸血記錄及病史主檔	年				245,732	
BBKPTPE	病患自述血型檔	年				5,229	
BBKREAC	輸血不良反應記錄檔	年				2,355	
BBKVSIGN	輸血醫學科病人輸血反應對應檔	年				1,076,674	
BILDRGSC	每月住院健保申報資料	年				1,187,510	
BILDRGSN	每月住院健保申報資料	年				520,911	
BILNH92X	每月住院健保申報醫囑資料	年				5,740,515	
BILNH93X	每月住院健保申報醫囑資料	年				7,388,915	
BILNH94X	每月住院健保申報醫囑資料	年				7,247,415	
BILNH95X	每月住院健保申報醫囑資料	年				7,180,014	
BILNH96X	每月住院健保申報醫囑資料	年				7,185,940	
BILNH97X	每月住院健保申報醫囑資料	年				8,172,826	
BILNH98X	每月住院健保申報醫囑資料	年				7,853,097	
BILNHD9X	每月住院健保申報醫囑資料	年				635,637	
BILNHDRG		年				16,642	
BILNHI0X	每月住院健保申報醫囑資料	年				7,916,461	
BILNHI1X	每月住院健保申報醫囑資料	年				7,896,075	
BILNHI2X	每月住院健保申報醫囑資料	年				7,017,528	
BILNHI3X	每月住院健保申報醫囑資料	年				8,048,822	
BILNHI4X	每月住院健保申報醫囑資料	年				26,224,004	
BILNHI7X	每月住院健保申報醫囑資料	年				2,694,387	
BILNHI9X	每月住院健保申報醫囑資料	年				7,772,447	
BILNHISE	健保提供自費醫材之被替代健保特材品項對照檔	年				21,530	
BILNHIT1	每月住院健保申報資料	年				1,212,565	
BILNHIT2	每月住院健保申報資料	年				183,340	
BILNHIT9	每月住院健保申報資料	年				225,124	
BILNHITX	每月住院健保申報資料	年				552,283	
BILNHT93	每月住院健保申報資料	年				22,027	
BILNHTP0	每月住院健保申報資料	年				44	
CISATCCM	化學藥品基本 ATC 資料檔_PRO	年				472	
CISCTP	治療計畫書	年				106,198	
CISTCRM	癌症登記摘錄記錄表	年				128,723	
CISTKB	個案多專科會議	年				18,185	
DTADRUG	門診記錄處方資料表	年				74,168,790	
DTAORDER	門診記錄醫囑資料表	年				76,284,935	
DTAROOT	門診記錄基本資料表	年				32,312,782	
DTLFAM00	門診處方及治療醫令明細檔（非牙科）	年				2,914,794	
DTLFAM01	門診處方及治療醫令明細檔（非牙科）	年				3,043,947	
DTLFAM02	門診處方及治療醫令明細檔（非牙科）	年				3,089,960	
DTLFAM03	門診處方及治療醫令明細檔（非牙科）	年				3,075,715	
DTLFAM04	門診處方及治療醫令明細檔（非牙科）	年				3,021,596	
DTLFAM05	門診處方及治療醫令明細檔（非牙科）	年				3,147,400	
DTLFAM06	門診處方及治療醫令明細檔（非牙科）	年				3,193,464	
ERICD	急診病歷ICD	年				574,582	
ERSBROOT	急診病患基本檔	年				1,190,781	
HBED	病房病床資料	年				3,087	
NADDTLA	申報門診服務點數清單	年				20,540,140	
NADORDA	申報門診處方及治療醫令明細	年				125,634,711	
NADTOTA	申報門診費用申請總表	年				250	
ORDER	醫囑基本檔	年				13,652,548	
ORDFAM00	門診處方及治療醫令明細檔	年				18,054,098	
ORDFAM01	門診處方及治療醫令明細檔	年				18,940,601	
ORDFAM02	門診處方及治療醫令明細檔	年				18,413,138	
ORDFAM03	門診處方及治療醫令明細檔	年				18,574,385	
ORDFAM04	門診處方及治療醫令明細檔	年				18,264,441	
ORDFAM05	門診處方及治療醫令明細檔	年				19,214,813	
ORDFAM06	門診處方及治療醫令明細檔	年				19,753,658	
PBABSTRC	病歷註記（首頁）	年				6,764,131	
PBASINFO	病歷基本資料	年				4,400,561	
PBCANCEA	癌病追蹤延伸資料表	年				56,122	
PBCANCER	癌病追蹤資料	年				417,058	
PBVDATA	病患各項生命資料	年				107,840,723	
PCASE	病患住院資料	年				22,930,812	
PDIAG10	病患住院ＩＣＤ１０診斷	年				631,139	
PDIAGNOS	病患住院診斷資料	年				14,436,160	
PFCLASS	ＰＦＩＬＥ各類給付檔	年				77,489	
PFILE	收費價目ＰＦＩＬＥ檔	年				34,076	
PFLOCATN	價目各表單內容控制檔	年				139	
PFMERGE	ＰＦＩＬＥ組合項檔	年				1,003	
PFMLOG	ＰＦＩＬＥ維護記錄檔	年				210,243	
PFRSLT	ＰＦＩＬＥ報告變數參考說明檔	年				10,886	
PFTBINFO	ＰＦＩＬＥ檢驗試管詳細資料檔	年				9	
PFTUBE	ＰＦＩＬＥ檢驗試管維護檔	年				2,439	
PFVARP	ＰＦＩＬＥ特殊資料檔	年				28,193	
RESULT	文字或數字型報告結果檔	年				192,552,679	
RESULTW	電子病歷倉儲：文字或數字型報告結果檔	年				768,837,530	
RSTNHIY	醫囑報告ＲＴ參考值及單位表－健保申報用	年				1,128	
TCDB		年				54,559	
TCDBA		年				26,034	
UDATC	藥品基本資料ＡＴＣ資料檔	年				15,662	
UDDRUGPF	藥檔	年				4,378	
UDLOG	藥品LOG	年				55,837,487	
UDORDER	藥囑檔	年				16,010,096	
UDORDERA	藥品醫囑長期資料庫	年				13,771,170	
VUPROOT	使用者身份密碼管理	年				20,629	