TABLE_NAME	COLUMN_NAME	RULE_NAME	SCORE	THRESHOLD	OPTION
PBASINFO	PADDR1	ADDR			
ADRFORM	ADDRESS	ADDR			
ASBASIC	ADDR	ADDR			
PBASINFO	PADDR2	ADDR			
ARSBROOT	ARSBNAME	CNAME			
BILDRGSC	NAMEC	CNAME			
BILDRGSN	NAMEC	CNAME			
CISTCRM	PATNAME	CNAME			
CISTKB	PATNAME	CNAME			
DTAROOT	DTPNAME	CNAME			
DTLFAM00	ARNHNAME	CNAME			
DTLFAM01	ARNHNAME	CNAME			
DTLFAM03	ARNHNAME	CNAME			
DTLFAM04	ARNHNAME	CNAME			
DTLFAM05	ARNHNAME	CNAME			
DTLFAM06	ARNHNAME	CNAME			
NADDTLA	DTLA_D49	CNAME			
PBASINFO	PNAMEC	CNAME			
DTLFAM02	ARNHNAME	CNAME			
TCDB	PATNAME	CNAME			
TCDBA	PATNAME	CNAME			
ACUPDRUG	ACPNAME	CNAME			
ADIHEAD	ADINAME	CNAME			
HBED	PNAMEC	CNAME			
ARPARE	ARPANAME	CNAME			
ARSBMAJ	ARSBNAME	CNAME			
ARSBOW00	AROWNAME	CNAME			
ARSBSPAT	ARSLNAME	CNAME			
ASBASIC	PANM	CNAME			
ASCLOSE	PANM	CNAME			
AVSBROOT	ARSBNAME	CNAME			
BBKBCST	BTPATNAM	CNAME			
ASTHQUS3(缺)	PANM	CNAME			
ARSBROOT	ARSBDOCN	CNAME			
CISCTP	CTPCMNA	CNAME			
CISCTP	CTPPRNA	CNAME			
CISCTP	CTPRENA	CNAME			
CISCTP	CTPSTNA	CNAME			
CISTCRM	DTMANGER	CNAME			
CISTCRM	DTMGR	CNAME			
CISTCRM	INNA	CNAME			
CISTCRM	OINNA	CNAME			
CISTCRM	OUDNA	CNAME			
CISTCRM	UDNA	CNAME			
CISTCRM	ABSBY	CNAME			
CISTKB	INNAME	CNAME			
CISTKB	TKBCMNA	CNAME			
CISTKB	TKBDRNA	CNAME			
CISTKB	TKBOTNA	CNAME			
CISTKB	TKBVSNA	CNAME			
CISTKB	UDNAME	CNAME			
DTAROOT	DTPDOCNM	CNAME			
PBABSTRC	PCDOCNM	CNAME			
PBABSTRC	PEDOCNM	CNAME			
PBCANCEA	INNA	CNAME			
PBCANCEA	UDNA	CNAME			
PBCANCER	PBCENAME	CNAME			
PBCANCER	PBCLNAME	CNAME			
PBCANCER	PBCUNAME	CNAME			
PBVDATA	PUPDNM	CNAME			
UDORDER	UDPERNAM	CNAME			
UDORDER	UDDCPNAM	CNAME			
UDORDER	UDVERNAM	CNAME			
UDORDER	UDSIGNAM	CNAME			
UDORDERA	UDPERNAM	CNAME			
UDORDERA	UDDCPNAM	CNAME			
UDORDERA	UDVERNAM	CNAME			
UDORDERA	UDSIGNAM	CNAME			
TCDB	DTMANGER	CNAME			
TCDB	DTMGR	CNAME			
TCDB	INNA	CNAME			
TCDB	UDNA	CNAME			
TCDB	ABSBY	CNAME			
TCDBA	DTMANGER	CNAME			
TCDBA	DTMGR	CNAME			
TCDBA	INNA	CNAME			
TCDBA	UDNA	CNAME			
TCDBA	ABSBY	CNAME			
ADIHEAD	ADIVSNM	CNAME			
ADIHEAD	ADIRNAME	CNAME			
ADIHEAD	ADIENTNM	CNAME			
ADIHEAD	ADIMODNM	CNAME			
ADRASSIG	PHARMACISTNAME	CNAME			
ADRASSIG	STUDENTNAME	CNAME			
ADRCOMMI	NAME	CNAME			
ADRPROC	USERNAME	CNAME			
VUPROOT	VUSNAMEC	CNAME			
ARPHID	ARPHNAC1	CNAME			
ARPHID	ARPHNAC2	CNAME			
AVSBROOT	ARSBDOCN	CNAME			
AVSBROOT	OWNERNAME	CNAME			
AVSSCHDL	NAME	CNAME			
AVSSCHHD	SHIFTS	CNAME			
AVSSCHIG	NAME	CNAME			
BBKBCST	BTTRNNM1	CNAME			
BBKBCST	BTTRNNM2	CNAME			
BBKBCST	BTVERNM2	CNAME			
BBKBCST	BTTRNNM3	CNAME			
BBKBCST	BTVERNM3	CNAME			
BBKBCST	BTTRNNM4	CNAME			
BBKHISTY	BTUSENM	CNAME			
BBKHISTY	BTFINNM	CNAME			
BBKPTPE	BKNURNM	CNAME			
BBKREAC	BKREANM1	CNAME			
BBKREAC	BKREANM2	CNAME			
BBKVSIGN	BTRECNM	CNAME			
PBASINFO	PPHONNO1	TEL			
ADRFORM	PHONENO	TEL			
ASBASIC	PHONEH	TEL			
ASBASIC	PHONEO	TEL			
PBASINFO	PPHONNO2	TEL			
ASBASIC	MOBIL	TEL			