Table Description	Table Name	0.病患身份證號	0. 病歷號	0.住院號	0.員工身分證	0.員工編號	1.地址1	1.地址2	2.病患中文姓名	2.員工中文姓名	3.電話1	4.電話2	
A 咖醫師資料	ACADOC					DOCID							
A 咖病歷資料	ACAHIST		PHISTNUM										
中醫門診每日處方資料檔	ACUPDRUG								ACPNAME				
住院病歷基本資料檔	ADIHEAD		ADISTNO	ADICASE		ADIVS			ADINAME	ADIVSNM			
住院病歷基本資料檔	ADIHEAD					ADIR				ADIRNAME			
住院病歷基本資料檔	ADIHEAD					ADIENTID				ADIENTNM			
住院病歷基本資料檔	ADIHEAD					ADIMODID				ADIMODNM			
各科代碼及對照中文名稱檔	ADISECT												
住院病歷明細資料檔	ADITAIL		ADITSTNO	ADITCASE									
電子病歷成圖資料檔	ADOIMAIF		ADOPATNO	ADOCASE									
案件審核分配表	ADRASSIG					PHARMACISTID				PHARMACISTNAME			
案件審核分配表	ADRASSIG					STUDENTID				STUDENTNAME			
醫師委員名單及聯絡方式	ADRCOMMI									NAME			
	ADRCTCAE												
相關檢查驗數據	ADRDATA												
懷疑藥 ATC 碼	ADRDDATC		PHISTNUM										
藥物不良反應通報表	ADRFORM		PHISTNUM				ADDRESS				PHONENO		
懷疑藥品及併用藥品	ADRMEDIC												
通報表流程記錄	ADRPROC					USERID				USERNAME			
藥物不良反應症狀部位及處置	ADRREAC												
NARANJO SCORE	ADRSCORE												
化療藥品門診資料檔	ARCTC												
藥品頻次基本檔	ARFQCY												
門診散藥分包機資料檔	ARPARE		ARPAHIST						ARPANAME				
門診每日領藥號病患檔	ARPCNO												
門診每日配方藥師姓名檔	ARPHID					ARPHID01				ARPHNAC1			
門診每日配方藥師姓名檔	ARPHID					ARPHID02				ARPHNAC2			
門診例假日班表	ARPVAC					ARPVISGN							
門診例假日班表	ARPVAC					ARPVCSGN							
門診領藥號配藥檯控制檔	ARPWIN					ARWPID1							
門診領藥號配藥檯控制檔	ARPWIN					ARWPID2							
門診領藥號配藥檯控制檔	ARPWIN					ARWPID3							
門診領藥號配藥檯控制檔	ARPWIN					ARWPIDC							
藥品途徑基本檔	ARROUT												
門診每日現金收入檔	ARSBCA00		ARHISTNO			ARNSLKID							
門診病患收據檔	ARSBCHR		ARNHIST			ARNSLKID							
門診病患收據檔	ARSBCHR					ARNHMOID							
門診檢驗明細表	ARSBDET		ARNHIST			ARNHISGN							
門診檢驗明細表	ARSBDET					ARSICID							
門診藥品明細表	ARSBDRG		ARNHIST			ARNHDSGN							
門診藥品明細表	ARSBDRG					ARSDCID							
門診 ICD 明細表	ARSBICD		ARNHIST										
紙卡重大傷病病患基本檔	ARSBMAJ	ARNHPAID	ARNHIST			ARMAJID			ARSBNAME				
紙卡重大傷病病患基本檔	ARSBMAJ					ARMAJMID							
紙卡重大傷病病患基本檔	ARSBMAJ					ARMAJNID							
門診病患欠繳檔	ARSBOW00	AROWPID	AROWHIST			AROWDOC			AROWNAME				
門診病患欠繳檔	ARSBOW00					AROWLKID							
門診病患欠繳檔	ARSBOW00					AROWEID							
門診病患計價收費基本檔	ARSBROOT	ARNHPAID	ARNHIST			ARNHDOCT			ARSBNAME	ARSBDOCN			
門診病患計價收費基本檔 	ARSBROOTW	ARNHPAID	ARNHIST			ARNHDOCT			ARSBNAME	ARSBDOCN			
門診六次療程資料檔	ARSBSIX		ARNHIST			ARSIXCID							
門診慢性卡檢驗項目檔	ARSBSLOV		ARSLHIST			ARSLVID							
門診慢性卡藥品項目檔	ARSBSLOW		ARSLHIST										
門診慢性卡基本資料檔	ARSBSPAT	ARSLPIDO	ARSLHIST			ARSLDOC			ARSLNAME				
門診慢性卡基本資料檔	ARSBSPAT					ARSLID1							
門診慢性卡基本資料檔	ARSBSPAT					ARSLID2							
門診病患延伸資料檔	ARSBTEXT		ARNHIST										
電子秤臨時存值表	ARSCALE												
北市兒童醫療補助認証碼資料檔	ARTPCHVD												
基本資料	ASBASIC	PAID	NHPHIST			ENDID	ADDR		PANM		PHONEH	MOBIL	
基本資料	ASBASIC										PHONEO		
銷案註記	ASCLOSE	PAID	NHPHIST			CLOSEID			PANM				
銷案註記	ASCLOSE					ENTID							
住院科別代碼表	ASECTION												
問卷調查三	ASTHQUS3(缺)	PAID							PANM				
藥袋處方摘要	AVSBROOT		ARNHIST			ARNHDOCT			ARSBNAME	ARSBDOCN			
藥袋處方摘要	AVSBROOT					OWNER				OWNERNAME			
藥袋處方摘要	AVSBROOT					LASTMODIFIED							
門診判讀設定檔	AVSCONFG												
重複重疊記錄	AVSRXLOG		PHISTNUM										
發藥窗口排班表	AVSSCHDL					ID				NAME			
發藥窗口排班表	AVSSCHDL					CREATOR							
發藥窗口排班表	AVSSCHDL					LASTMODIFIED							
排班歷史記錄明細	AVSSCHHD					SHIFTS				SHIFTS			
排班歷史記錄表頭	AVSSCHHM												
排班設定	AVSSCHIG					ID				NAME			
排班設定	AVSSCHIG					CREATOR							
電子病歷底圖影像檔	BASIMAGE												
電子病歷底圖資料檔	BASIMAIF												
輸血醫學科病人輸血反應記錄檔	BBKBCST		BTASNHIS	BTCASENO		BTTRNID1			BTPATNAM	BTTRNNM1			
輸血醫學科病人輸血反應記錄檔	BBKBCST					BTTRNID2				BTTRNNM2			
輸血醫學科病人輸血反應記錄檔	BBKBCST					BTVERID2				BTVERNM2			
輸血醫學科病人輸血反應記錄檔	BBKBCST					BTTRNID3				BTTRNNM3			
輸血醫學科病人輸血反應記錄檔	BBKBCST					BTVERID3				BTVERNM3			
輸血醫學科病人輸血反應記錄檔	BBKBCST					BTTRNID4				BTTRNNM4			
	BBKHISTY		BTASNHIS			BTUSEID				BTUSENM			
	BBKHISTY					BTFINID				BTFINNM			
病患自述血型檔	BBKPTPE		BKHISTNO			BKNURID				BKNURNM			
輸血不良反應記錄檔	BBKREAC		BKHISTNO			BKREAID1				BKREANM1			
輸血不良反應記錄檔	BBKREAC					BKREAID2				BKREANM2			
輸血醫學科病人輸血反應對應檔	BBKVSIGN		BTASNHIS	BTCASENO		BTRECID				BTRECNM			
輸血醫學科病人輸血反應對應檔	BBKVSLOG		BTASNHIS	BTCASENO		BTRECID				BTRECNM			
醫囑訊息記錄檔	BCSTLOG		BCHISTNO	BCCASENO		BCNURID				BCNURNM			
住院病患帳務基本資料表	BILBASIC		BHISTNO	BCASENO									
住院病患帳務基本資料表	BILBASIC	BIDNO		BTCASENO		BHMDNO			BNAMEC2				
BILCOMPT  TABLE  住院合併申報	BILCOMPT		BHISTNO										
每月住院健保申報病患清單申報慣用語 TP1 / XML / ICD-10	BILDRGT1	BIDNO	BHISTNO	BCASENO		DOCIDNO			BILNAMEC				
住院收費明細表	BILDTLM		HISTNO						NAME				
BILERADM  TABLE  經由急診或門診住院之病患	BILERADM		BHISTNO	BCASENO		BILMODID							
住院病患醫囑帳務門急１４天再入院併報明細檔	BILERDET		BOHISTNO	BOCASENO		BORKINPS							
每月住院健保申報檢驗基本資料	BILEXAM	IDNO	HISTNO	CASENO					NAMEC				
住院病患身份資料表	BILFINCL		BFHISTNO	BFCASENO		BKINPERS				BFKINLC2			
住院病患申報身份切段資料表	BILFNCUT		BFHISTNO	BFCASENO									
住院健保申報之身份資料表－保留所有申報切段資料	BILFNNHI		BFHISTNO	BFCASENO									
病患身份優待維護檔	BILFXDIS					BFLIDNO							
醫令與手術碼對照表	BILICD												
醫令與手術碼對照表	BILICD10												
住院病患收費日誌記錄表	BILLOGS		HISTNO	CASENO									
醫囑報告檔－健保申報用人工關節植入物	BILMAT		BHISTNO	BCASENO		INMATID							
住院病患人工費用明細資料表	BILMINPT		BMHISTNO	BMCASENO		BMAKINPS							
住院病患人工費用明細資料表	BILMINPT					BMVS01							
住院病患人工費用明細資料表	BILMINPT					BMVS02							
住院病患人工費用明細資料表	BILMINPT					BMVS03							
每月住院健保申報資料	BILDRGSC	BIDNO	BHISTNO						NAMEC				
每月住院健保申報資料	BILDRGSN	BIDNO	BHISTNO	BCASENO	DOCIDNO				NAMEC				
每月住院健保申報醫囑資料	BILNH92X	BIDNO											
每月住院健保申報醫囑資料	BILNH93X	BIDNO											
每月住院健保申報醫囑資料	BILNH94X	BIDNO											
每月住院健保申報醫囑資料	BILNH95X	BIDNO											
每月住院健保申報醫囑資料	BILNH96X	BIDNO											
每月住院健保申報醫囑資料	BILNH97X	BIDNO											
每月住院健保申報醫囑資料	BILNH98X	BIDNO											
#N/A	BILNHD9X	BIDNO											
#N/A	BILNHDRG	BIDNO											
每月住院健保申報醫囑資料	BILNHI0X	BIDNO											
每月住院健保申報醫囑資料	BILNHI1X	BIDNO											
每月住院健保申報醫囑資料	BILNHI2X	BIDNO											
每月住院健保申報醫囑資料	BILNHI3X	BIDNO											
每月住院健保申報醫囑資料	BILNHI4X	BIDNO											
#N/A	BILNHI7X	BIDNO											
#N/A	BILNHI9X	BIDNO											
#N/A	BILNHIMM(缺)	BIDNO											
健保提供自費醫材之被替代健保特材品項對照檔	BILNHISE												
每月住院健保申報資料	BILNHIT1	BIDNO	BHISTNO		DOCIDNO								
#N/A	BILNHIT2	BIDNO	BHISTNO		DOCIDNO								
#N/A	BILNHIT6(缺)	BIDNO	BHISTNO										
#N/A	BILNHIT9	BIDNO	BHISTNO		DOCIDNO								
#N/A	BILNHITX	BIDNO(格式錯誤)											
#N/A	BILNHT93	BIDNO	BHISTNO		DOCIDNO								
#N/A	BILNHTP0												
急住欠款檔	BILOWE		OWEHIST	OWECASE					OWENAMEC				
住院參數對應表	BILREFS												
出院結帳與收退費記錄檔	BILRELGA		BRLGHIST	BRLGCASE		BRLGSIGN							
住院病人醫療費用補助檔	BILRESP		BSHISTNO	BSCASENO		BSPERSN			BSNAMEC				
BILERPT TABLE  住院申報之病患基本資料檔	BILRPBAS												沒資料
住院病患呼吸器使用天數明細檔	BILRTLST		HISTNO	CASENO									
BILSECTP  TABLE  住院已申報之ＮＨＩＳＥＣＴＰ檔	BILSECTP	BIDNO	BHISTNO		DOCIDNO								
健保申報－自費特材和其替代項目－關連檔Ａ	BILSELFA				BILENTID								
健保申報－自費特材和其替代項目－關連檔Ａ	BILSELFA				BILCANID								
健保申報－自費特材和其替代項目－關連檔Ｂ	BILSELFB				BILENTID								
健保申報－自費特材和其替代項目－關連檔Ｂ	BILSELFB				BILCANID								
每月住院健保申報預檢資料 ( 含回傳錯誤資料 )	BILTMPT1												沒資料
每月住院健保申報預檢醫囑資料 ( 申報慣用語  TPX)	BILTMPTX												沒資料
台灣版ＤＲＧ幾付權重上限下限等資料表	BILTWDRG				BILENTID								
血袋基本資料檔	BLDBASIC		BBASNHIS			BBIPTID				BBIPTPSN			
血袋基本資料檔	BLDBASIC					BBISUID				BBISUPSN			
血袋基本資料檔	BLDBASIC									BBPATNM			
血袋基本資料檔	BLDBASIC	BBPATID				BBREQDOC				BBREQDON			
血袋基本資料檔	BLDBASMM												沒資料
過敏記錄檔	BMALERGY		CHART_NO			MODIFIER_CLERK				MODIFIER_NAME			
包藥控制檔	BMANTIDL												
藥品刷條碼紀錄檔	BMBARCOL		CHART_NO			SIGNER				SIGNER_NAME			
凌晨批次預入簽用紀錄	BMBATLOG												
護理人員呼叫器資料檔	BMBBCNO					NURSE_ID							
護理人員呼叫紀錄檔	BMBBCRS			UDCASENO		NURSE_ID			PNAMEC	NURSE_NAME			
偵錯對應檔	BMBTRACE									MAINTAINUSER			
偵錯對應檔	BMBTRACE									CREATOR			
代碼對應檔	BMCODREF												
藥品資訊查詢紀錄檔	BMDRUGL					SIGNER				SIGNER_NAME			
藥品基本檔	BMDRUGS									MDF_CLERK			
藥品單位	BMDSUNIT												
頻次定義檔	BMFREQDF									MDF_CLERK			
護理站各頻次投藥時間點	BMFREQTP									MDF_CLERK			
護士照顧床位記錄檔	BMHISBED			UD_CASENO		NURSE_ID							
餐包條碼記錄檔	BMMEALBC												
藥品國際條碼對應檔	BMPHAEAN									MDF_CLERK			
病患照片	BMPHOTO	ID_NO	CHART_NO										
藥品備藥明細資料檔	BMPREDRG												
藥品備藥資料檔	BMPREPAR			UDCASENO		PREPARER				PREPARER_NAME			
藥品備藥資料檔	BMPREPAR					CANCELER				CANCELER_NAME			
藥品備藥資料檔	BMPREPAR									PRINTER_NAME			
藥品備藥資料檔	BMPREPAR									SIGNER_NAME			
EMAR 列印紀錄檔	BMPRINTL		CHART_NO			SIGNER				SIGNER_NAME			
ＰＲＮ給藥記錄檔	BMPRNTM		UD_CASENO										
藥品途徑	BMROUTE									MDF_CLERK			
化療藥品給藥明細檔	BMSIGNC			UD_CASENO		FINISH_ID				FINISH_NAME			
化療藥品給藥暫停明細檔	BMSIGNCP					PAUSE_ID				PAUSE_NAME			
化療藥品給藥暫停明細檔	BMSIGNCP					RESTART_ID				RESTART_NAME			
藥品簽用明細檔	BMSIGND			UD_CASENO		SIGNER				SIGNER_NAME			
藥品簽用紀錄明細檔	BMSIGNL			UD_CASENO		SIGNER				SIGNER_NAME			
藥品簽用紀錄明細檔	BMSIGNL									X_REMIND_NAME			
藥品簽用主檔	BMSIGNM		CHART_NO	UD_CASENO		ORDER_DOCTOR_NO				ORDER_DOCTOR_NAME			
藥品簽用主檔	BMSIGNM									PNAMEC			
同步紀錄檔	BMSYNCTM												
轉床資料檔	BMTRBED		UD_HISTNO	UD_CASENO									
自備藥品醫囑檔	BMTRTMNT			ORDSEQCN									
藥物類別	BMUDFMT									MDF_CLERK			
紀錄新增醫囑與狀態改變	BMUDLOG			UDCASENO									
未簽用原因	BMUNSIGN									MDF_CLERK			
毒化物購買申領記錄檔	CHEMOBUY					CHEMCUSR							
毒化物購買申領記錄檔	CHEMOBUY					CHEMMUSR							
物料碼對應毒化物碼資料	CHEMOITM					CHITCUSR							
物料碼對應毒化物碼資料	CHEMOITM					CHITMUSR							
申報單位組織基本資料	CHEMORGN					ORGNCUSR							
申報單位組織基本資料	CHEMORGN					ORGNMUSR							
環保署的毒化物基本資料	CHEMPOIS					CHEMCUSR							
環保署的毒化物基本資料	CHEMPOIS					CHEMMUSR							
化學藥品基本 ATC 資料檔_PRO	CISATCCM												
癌病個案資料表	CISCASE					INID							
癌病個案資料表	CISCASE					UDID							
癌症家族史	CISCFAM		PHISTNUM			INID							
癌症家族史	CISCFAM					UDID							
癌症共用文字參考表	CISCSFT					INID							
癌症共用文字參考表	CISCSFT					UDID							
癌症期別結果資料字典 -C	CISCSTAG					INID							
癌症期別結果資料字典 -C	CISCSTAG					UDID							
癌症病患追蹤與腫瘤狀態	CISCSTUS		PHISTNUM			READID				READNAME			
癌症病患追蹤與腫瘤狀態	CISCSTUS					INID				INNAME			
癌症病患追蹤與腫瘤狀態	CISCSTUS					UDID				UDNAME			
副作用併發症記錄表	CISCTCAE		PHISTNUM			VERFID				VERFNA			
副作用併發症記錄表	CISCTCAE					INID				INNA			
副作用併發症記錄表	CISCTCAE					UDID				UDNA			
副作用併發症記錄表	CISCTCAE					CISFCTA1				CISFCTA2			
治療計畫書_PRO	CISCTP		PHISTNUM			CTPPRID				CTPPRNA			
治療計畫書_PRO	CISCTP					CTPREID				CTPRENA			
治療計畫書_PRO	CISCTP					CTPCMID				CTPCMNA			
治療計畫書_PRO	CISCTP									CTPSTNA			
癌症登記摘錄記錄表_PRO	CISTCRM	IDNUM	PHISTNUM			ABSBYID			PATNAME	ABSBY			
癌症登記摘錄記錄表_PRO	CISTCRM					DTMGRID				DTMGR			
癌症登記摘錄記錄表_PRO	CISTCRM					DTMANGID				DTMANGER			
癌症登記摘錄記錄表_PRO	CISTCRM					INID				INNA			
癌症登記摘錄記錄表_PRO	CISTCRM					UDID				UDNA			
癌症登記摘錄記錄表_PRO	CISTCRM					OINID				OINNA			
癌症登記摘錄記錄表_PRO	CISTCRM					OUDID				OUDNA			
個案多專科會議_PRO	CISTKB		PHISTNUM			TKBVSID			PATNAME	TKBVSNA			
個案多專科會議_PRO	CISTKB					TKBDRID				TKBDRNA			
個案多專科會議_PRO	CISTKB					TKBCMID				TKBCMNA			
個案多專科會議_PRO	CISTKB					TKBOTID				TKBOTNA			
個案多專科會議_PRO	CISTKB					INID				INNAME			
個案多專科會議_PRO	CISTKB					UDID				UDNAME			
門診記錄處方資料表_PRO	DTADRUG		DTPHIST										
門診記錄醫囑資料表_PRO	DTAORDER		DTPHIST										
門診記錄基本資料表_PRO	DTAROOT	DTPFID	DTPHIST			DTPDOCID			DTPNAME	DTPDOCNM			
門診處方及治療醫令明細檔（非牙科）	DTLFA099	ARNHPAID	ARNHIST		ARNHDOCT				ARNHNAME				
門診處方及治療醫令明細檔（非牙科）	DTLFA099				ARNHDUGR								
門診處方及治療醫令明細檔（非牙科）	DTLFAM00	ARNHPAID	ARNHIST		ARNHDOCT				ARNHNAME				
門診處方及治療醫令明細檔（非牙科）	DTLFAM00				ARNHDUGR								
門診處方及治療醫令明細檔（非牙科）	DTLFAM01	ARNHPAID	ARNHIST		ARNHDOCT				ARNHNAME				
門診處方及治療醫令明細檔（非牙科）	DTLFAM01				ARNHDUGR								
門診處方及治療醫令明細檔（非牙科）	DTLFAM02	ARNHPAID	ARNHIST		ARNHDOCT				ARNHNAME				
門診處方及治療醫令明細檔（非牙科）	DTLFAM02				ARNHDUGR								
門診處方及治療醫令明細檔（非牙科）	DTLFAM03	ARNHPAID	ARNHIST		ARNHDOCT				ARNHNAME				
門診處方及治療醫令明細檔（非牙科）	DTLFAM03				ARNHDUGR								
門診處方及治療醫令明細檔（非牙科）	DTLFAM04	ARNHPAID	ARNHIST		ARNHDOCT				ARNHNAME				
門診處方及治療醫令明細檔（非牙科）	DTLFAM04				ARNHDUGR								
門診處方及治療醫令明細檔（西醫）	DTLFAM05	ARNHPAID	ARNHIST		ARNHDOCT				ARNHNAME				
門診處方及治療醫令明細檔（西醫）	DTLFAM05				ARNHDUGR								
門診處方及治療醫令明細檔（西醫）	DTLFAM06	ARNHPAID	ARNHIST		ARNHDOCT				ARNHNAME				
門診處方及治療醫令明細檔（西醫）	DTLFAM06				ARNHDUGR								
門診處方及治療醫令明細檔（西醫）	DTLFAM07	ARNHPAID	ARNHIST		ARNHDOCT				ARNHNAME				
門診處方及治療醫令明細檔（西醫）	DTLFAM07				ARNHDUGR								
急診病歷 ICD	ERICD			ERCASENO									
急診病患基本檔	ERSBROOT	ERSPATID	ERSHIST	ERROOTNO		ERSVDOC			ERSNAMFC		ERSTELNO		
急診病患基本檔	ERSBROOT					ERSDONM							
	HBED		PHISTNUM	PCASENO		PDOCNO			PNAMEC				
	HBED					HBOPRID							
	LAB_DATA		ORHISTNO										
	LAB_DATA		RSHISTNO										
	LAB_DATA_W												
申報門診服務點數清單	NADDTLA	DTLA_D3	MEDRECNO			CREATEUSERIDNO			DTLA_D49				
申報門診服務點數清單	NADDTLA					CREATEUSERCODE							
申報門診服務點數清單	NADDTLA					CREATENAMEC							
申報門診處方及治療醫令明細	NADORDA												
申報門診費用申請總表	NADTOTA												
醫囑基本檔_PRO	ORDER		ORHISTNO			OROPERNR							
醫囑基本檔_PRO	ORDER					ORTECHID							
醫囑基本檔_PRO	ORDER					ORCOSID							
醫囑基本檔_PRO	ORDER					OROPER							
醫囑基本檔_PRO	ORDER					ORSUPV							
醫囑基本檔_PRO	ORDER					ORREAD							
 電子病歷倉儲：醫囑基本檔 	ORDERW												
 電子病歷倉儲：醫囑基本檔 	ORDERW												
 電子病歷倉儲：醫囑基本檔 	ORDERW												
門診處方及治療醫令明細檔	ORDFAM00	ARNHPAID											
門診處方及治療醫令明細檔	ORDFAM01	ARNHPAID											
門診處方及治療醫令明細檔	ORDFAM02	ARNHPAID											
門診處方及治療醫令明細檔	ORDFAM03	ARNHPAID											
門診處方及治療醫令明細檔	ORDFAM04	ARNHPAID											
門診處方及治療醫令明細檔	ORDFAM05	ARNHPAID											
門診處方及治療醫令明細檔	ORDFAM06	ARNHPAID											
門診處方及治療醫令明細檔	ORDFAM07	ARNHPAID											
病歷註記（首頁）_PRO	PBABSTRC		PHISTNUM			PEDOCID				PEDOCNM			
病歷註記（首頁）_PRO	PBABSTRC					PCDOCID				PCDOCNM			
病歷基本資料_PRO	PBASINFO	PIDNO	PHISTNUM				PADDR1	PADDR2	PNAMEC		PPHONNO1	PPHONNO2	
癌病追蹤延伸資料表_PRO	PBCANCEA		PHISTNUM			INID				INNA			
癌病追蹤延伸資料表_PRO	PBCANCEA					UDID				UDNA			
癌病追蹤資料_PRO	PBCANCER		PHISTNUM			PBCEID				PBCENAME			
癌病追蹤資料_PRO	PBCANCER					PBCLID				PBCLNAME			
癌病追蹤資料_PRO	PBCANCER					PBCUID				PBCUNAME			
病患各項生命資料_PRO	PBVDATA		PHISTNUM	PCASENO		PUPDID				PUPDNM			
病患住院資料_PRO	PCASE		PHISTNUM	PCASENO									
病患住院ＩＣＤ１０診斷_PRO	PDIAG10			PCASENO									
病患住院診斷資料_PRO	PDIAGNOS			PCASENO									
ＰＦＩＬＥ各類給付檔_PRO	PFCLASS												
收費價目ＰＦＩＬＥ檔_PRO	PFILE												
價目各表單內容控制檔_PRO	PFLOCATN												
ＰＦＩＬＥ組合項檔	PFMERGE												
ＰＦＩＬＥ維護記錄檔_PRO	PFMLOG												
ＰＦＩＬＥ報告結果變數說明檔_PRO	PFRESUL(缺)												
ＰＦＩＬＥ報告變數參考說明檔_PRO	PFRSLT												
ＰＦＩＬＥ檢驗試管詳細資料檔_PRO	PFTBINFO												
ＰＦＩＬＥ檢驗試管維護檔_PRO	PFTUBE												
ＰＦＩＬＥ特殊資料檔_PRO	PFVARP												
文字或數字型報告結果檔_PRO	RESULT		RSHISTNO										
文字或數字型報告結果檔_PRO	RESULTW		RSHISTNO										
醫囑報告ＲＴ參考值及單位表－健保申報用_PRO	RSTNHIY												
	TCDB	IDNUM	PHISTNUM						PATNAME	ABSBY			
	TCDB									DTMGR			
	TCDB									DTMANGER			
	TCDB									INNA			
	TCDB									UDNA			
	TCDBA	IDNUM	PHISTNUM						PATNAME	ABSBY			
	TCDBA									DTMGR			
	TCDBA									DTMANGER			
	TCDBA									INNA			
	TCDBA									UDNA			
藥品基本資料ＡＴＣ資料檔_PRO	UDATC												
藥檔	UDDRUGPF												
藥品LOG_PRO	UDLOG												
藥囑檔	UDORDER		UDHISTNO							UDPERNAM			
藥囑檔	UDORDER									UDDCPNAM			
藥囑檔	UDORDER									UDVERNAM			
藥囑檔	UDORDER									UDSIGNAM			
藥品醫囑長期資料庫_PRO	UDORDERA		UDHISTNO	UDCASENO						UDPERNAM			
藥品醫囑長期資料庫_PRO	UDORDERA									UDDCPNAM			
藥品醫囑長期資料庫_PRO	UDORDERA									UDVERNAM			
藥品醫囑長期資料庫_PRO	UDORDERA									UDSIGNAM			
使用者身份密碼管理	VUPROOT				VUIDNO	VUOPERID				VUSNAMEC			
北榮CD檔	CD	ID											
北榮DD檔	DD	ID											
北榮DO檔	DO												
北榮OO檔	OO	ARNHPAID											