NHIRD TableName	NHIRD Col	NHIRD Col	NHIRD Col_Descr	VGHTPE_TableName	VGHTPE_Col	VGHTPE_Col_Descr
DD	FEE_YM	FEE_YM	費用年月	BILDRGSN	DISYYMM	費用年月
DD	APPL_TYPE	APPL_TYPE	申報類別	BILDRGSN	BRELAY	申報類別
DD	HOSP_ID	HOSP_ID	醫事機構代號	BILDRGSN		
DD	APPL_DATE	APPL_DATE	申報日期	BILDRGSN		
DD	CASE_TYPE	CASE_TYPE	案件分類	BILDRGSN	BCASEFLG	案件分類
DD	SEQ_NO	SEQ_NO	流水號	BILDRGSN	SEQNO	流水編號
DD	ID	ID	身分證統一編號	BILDRGSN	BIDNO	身份證字號
DD				BILDRGSN	BHISTNO	病歷號
DD				BILDRGSN	BCASENO	住院號
DD	APPL_BEG_DATE	APPL_BEG_DATE	申報期間-起	BILDRGSN	COEBGN	申報起日
DD	APPL_END_DATE	APPL_END_DATE	申報期間-迄	BILDRGSN	COEEND	申報迄日
DD	ID_BIRTHDAY	ID_BIRTHDAY	出生年月	BILDRGSN	BIRTHDAY	出生年月日
DD	GAVE_KIND	GAVE_KIND	給付類別	BILDRGSN	BSICK	給付類別
DD	TRAC_EVEN	TRAC_EVEN	汽車交通事故	BILDRGSN	BCARACDT	汽車交通事故
DD	CARD_SEQ_NO	CARD_SEQ_NO	就醫序號	BILDRGSN	BNHISEQ	就醫序號
DD	FUNC_TYPE	FUNC_TYPE	就醫科別	BILDRGSN	NHISECT	就醫科別
DD	IN_DATE	IN_DATE	入院年月日	BILDRGSN	BREGDT	入院日期
DD	OUT_DATE	OUT_DATE	出院年月日	BILDRGSN	TDISDATE	離院日期
DD	E_BED_DAY	E_BED_DAY	急性病床天數	BILDRGSN	EDAYTOT	急性床日數
DD	S_BED_DAY	S_BED_DAY	慢性病床天數	BILDRGSN	LDAYTOT	慢性床日數
DD	PRSN_ID	PRSN_ID	主治醫師代碼	BILDRGSN	DOCIDNO	主治醫師
DD	DRG_CODE	DRG_CODE	DRG參考碼	BILDRGSN	BDRGCOD	ＤＲＧ碼
DD				BILDRGSN	TWDRG	
DD				BILDRGSN	DRGTYP	TWDRG 支付型態
DD	EXT_CODE_1	EXT_CODE_1	外因分類一	BILDRGSN	ECOD1	意外代碼一
DD	EXT_CODE_2	EXT_CODE_2	外因分類二	BILDRGSN	ECOD2	意外代碼二
DD	TRAN_CODE	TRAN_CODE	轉歸代碼	BILDRGSN	BGO	轉歸代碼
DD	ICD9CM_CODE	ICD9CM_CODE	主診斷代碼	BILDRGSN	ICD1	主診斷
DD	ICD9CM_CODE_1	ICD9CM_CODE_1	次診斷代碼一	BILDRGSN	ICD2	次診斷１
DD	ICD9CM_CODE_2	ICD9CM_CODE_2	次診斷代碼二	BILDRGSN	ICD3	次診斷２
DD	ICD9CM_CODE_3	ICD9CM_CODE_3	次診斷代碼三	BILDRGSN	ICD4	次診斷３
DD	ICD9CM_CODE_4	ICD9CM_CODE_4	次診斷代碼四	BILDRGSN	ICD5	次診斷４
DD				BILDRGSN	ICD6	次診斷６
DD				BILDRGSN	ICD7	次診斷７
DD				BILDRGSN	ICD8	次診斷８
DD				BILDRGSN	ICD9	次診斷９
DD				BILDRGSN	ICD10	次診斷１０
DD				BILDRGSN	ICD11	次診斷１１
DD				BILDRGSN	ICD12	次診斷１２
DD				BILDRGSN	ICD13	次診斷１３
DD				BILDRGSN	ICD14	次診斷１４
DD				BILDRGSN	ICD15	次診斷１５
DD				BILDRGSN	ICD16	次診斷１６
DD				BILDRGSN	ICD17	次診斷１７
DD				BILDRGSN	ICD18	次診斷１８
DD				BILDRGSN	ICD19	次診斷１９
DD				BILDRGSN	ICD20	次診斷２０
DD	ICD_OP_CODE	ICD_OP_CODE	主手術（處置）	BILDRGSN	OPD1	主手術
DD	ICD_OP_CODE_1	ICD_OP_CODE_1	主手術（處置）一	BILDRGSN	OPD2	次手術１
DD	ICD_OP_CODE_2	ICD_OP_CODE_2	主手術（處置）二	BILDRGSN	OPD3	次手術２
DD	ICD_OP_CODE_3	ICD_OP_CODE_3	主手術（處置）三	BILDRGSN	OPD4	次手術３
DD	ICD_OP_CODE_4	ICD_OP_CODE_4	主手術（處置）四	BILDRGSN	OPD5	次手術４
DD				BILDRGSN	OPD6	次手術６
DD				BILDRGSN	OPD7	次手術７
DD				BILDRGSN	OPD8	次手術８
DD				BILDRGSN	OPD9	次手術９
DD				BILDRGSN	OPD10	次手術１０
DD				BILDRGSN	OPD11	次手術１１
DD				BILDRGSN	OPD12	次手術１２
DD				BILDRGSN	OPD13	次手術１３
DD				BILDRGSN	OPD14	次手術１４
DD				BILDRGSN	OPD15	次手術１５
DD				BILDRGSN	OPD16	次手術１６
DD				BILDRGSN	OPD17	次手術１７
DD				BILDRGSN	OPD18	次手術１８
DD				BILDRGSN	OPD19	次手術１９
DD				BILDRGSN	OPD20	次手術２０
DD	DIAG_AMT	DIAG_AMT	診察費	BILDRGSN	SUBDIAG	診察費
DD	ROOM_AMT	ROOM_AMT	病房費	BILDRGSN	SUBWARD	病房費
DD	MEAL_AMT	MEAL_AMT	管灌膳食費	BILDRGSN	SUBDIET	管灌膳食費
DD	AMIN_AMT	AMIN_AMT	檢查費	BILDRGSN	SUBEXAM	檢查費
DD	RADO_AMT	RADO_AMT	放射線診療費	BILDRGSN	SUBXRAY	放射診療費
DD	THRP_AMT	THRP_AMT	治療處置費	BILDRGSN	SUBTRET	治療處置費
DD	SGRY_AMT	SGRY_AMT	手術費	BILDRGSN	SUBOPER	手術費
DD	PHSC_AMT	PHSC_AMT	復健治療費	BILDRGSN	SUBPHSY	復健治療費
DD	HD_AMT	HD_AMT	血液透析費	BILDRGSN	SUBKIDN	血液透析費
DD	BLOD_AMT	BLOD_AMT	血液血漿費	BILDRGSN	SUBBLOD	血液血漿費
DD	ANE_AMT	ANE_AMT	麻醉費	BILDRGSN	SUBANES	麻醉費
DD	METR_AMT	METR_AMT	特殊材料費	BILDRGSN	SUBMATE	特材費
DD	DRUG_AMT	DRUG_AMT	葯費	BILDRGSN	SUBDRUG	藥費
DD	DSVC_AMT	DSVC_AMT	葯事服務費	BILDRGSN	SUBDRGS	藥事服務費
DD	NRTP_AMT	NRTP_AMT	精神科治療費	BILDRGSN	SUBPSY	精神治療費
DD	INJT_AMT	INJT_AMT	注射技術費	BILDRGSN	SUBSHUT	注射技術費
DD	BABY_AMT	BABY_AMT	嬰兒費	BILDRGSN	SUBINFT	嬰兒費
DD	CHARG_AMT	CHARG_AMT	代辦費	BILDRGSN		
DD	MED_AMT	MED_AMT	醫療費用	BILDRGSN	PATTOTAL	醫療費用合計
DD	PART_AMT	PART_AMT	部份負擔點數	BILDRGSN	SELTOTAL	部份負擔總額
DD	APPL_AMT	APPL_AMT	申請費用點數	BILDRGSN	APPTOTAL	申請費用總額
DD	EB_APPL30_AMT	EB_APPL30_AMT	醫療費用點數(急性病床1至30天)	BILDRGSN	E30PATOT	急性床３０天內費用
DD	EB_PART30_AMT	EB_PART30_AMT	部份負擔點數(急性病床1至30天)	BILDRGSN	E30SETOT	急性床３０天內部份負擔
DD	EB_APPL60_AMT	EB_APPL60_AMT	醫療費用點數(急性病床31至60天)	BILDRGSN	E60PATOT	急性床６０天內費用
DD	EB_PART60_AMT	EB_PART60_AMT	部份負擔點數(急性病床31至60天)	BILDRGSN	E60SETOT	急性床６０天內部份負擔
DD	EB_APPL61_AMT	EB_APPL61_AMT	醫療費用點數(急性病床61天以上)	BILDRGSN	EOTPATOT	急性床６１天上費用
DD	EB_PART61_AMT	EB_PART61_AMT	部份負擔點數(急性病床61天以上)	BILDRGSN	EOTSETOT	急性床６１天上部份負擔
DD	SB_APPL30_AMT	SB_APPL30_AMT	醫療費用點數(慢性病床1至30天)	BILDRGSN	L30PATOT	慢性床３０天內費用
DD	SB_PART30_AMT	SB_PART30_AMT	部份負擔點數(慢性病床1至30天)	BILDRGSN	L30SETOT	慢性床３０天內部份負擔
DD	SB_APPL90_AMT	SB_APPL90_AMT	醫療費用點數(慢性病床31至90天)	BILDRGSN	L90PATOT	慢性床９０天內費用
DD	SB_PART90_AMT	SB_PART90_AMT	部份負擔點數(慢性病床31至90天)	BILDRGSN	L90SETOT	慢性床９０天內部份負擔
DD	SB_APPL180_AMT	SB_APPL180_AMT	醫療費用點數(慢性病床91至180天)	BILDRGSN	L180PTOT	慢性床１８０內費用
DD	SB_PART180_AMT	SB_PART180_AMT	部份負擔點數(慢性病床91至180天)	BILDRGSN	L180STOT	慢性床１８０內部份負擔
DD	SB_APPL181_AMT	SB_APPL181_AMT	醫療費用點數(慢性病床181天以上)	BILDRGSN	LOTPATOT	慢性床１８０上費用
DD	SB_PART181_AMT	SB_PART181_AMT	部份負擔點數(慢性病床181天以上)	BILDRGSN	LOTSETOT	慢性床１８０內部份負擔[<--這中文應該改成 "180上"]
DD	PART_MARK	PART_MARK	部份負擔註記	BILDRGSN	BNHSLFG1	部份負擔代號
DD	ID_SEX	ID_SEX	性別	BILDRGSN		
DD	EXM_RESULT_DRG_1	EXM_RESULT_DRG_1	審核結果DRG	BILDRGSN		
DD	EXM_RESULT_MDC_1	EXM_RESULT_MDC_1	審核結果MDC	BILDRGSN		
DD	TW_DRGS	TW_DRGS	TW_DRGS碼	BILDRGSN		
DD	APPL_CAUSE_MARK	APPL_CAUSE_MARK	補報原因註記	BILDRGSN		
DD	TW_DRGS_SUIT_MARK	TW_DRGS_SUIT_MARK	不適用Tw-DRGs案件特殊註記	BILDRGSN	NFITDRG	不適用註記
DD				BILDRGSN	BGIN	病患來源
DD				BILDRGSN	OESEQNO	醫令總數
DD				BILDRGSN	FINKEY	本院身份
DD				BILDRGSN	BPSECT	本院科別
DD				BILDRGSN	BABYBIRD	新生兒生日
DD				BILDRGSN	NAMEC	姓名
DD	FEE_YM	FEE_YM	費用年月	BILDRGSC	DISYYMM	費用年月
DD	APPL_TYPE	APPL_TYPE	申報類別	BILDRGSC	BRELAY	申報類別
DD	HOSP_ID	HOSP_ID	醫事機構代號	BILDRGSC		
DD	APPL_DATE	APPL_DATE	申報日期	BILDRGSC		
DD	CASE_TYPE	CASE_TYPE	案件分類	BILDRGSC	BCASEFLG	案件分類
DD	SEQ_NO	SEQ_NO	流水號	BILDRGSC	SEQNO	流水編號
DD	ID	ID	身分證統一編號	BILDRGSC	BIDNO	身份證字號
DD				BILDRGSC	BHISTNO	病歷號
DD	APPL_BEG_DATE	APPL_BEG_DATE	申報期間-起	BILDRGSC	COEBGN	申報起日
DD	APPL_END_DATE	APPL_END_DATE	申報期間-迄	BILDRGSC	COEEND	申報迄日
DD	ID_BIRTHDAY	ID_BIRTHDAY	出生年月	BILDRGSC	BIRTHDAY	出生年月日
DD	GAVE_KIND	GAVE_KIND	給付類別	BILDRGSC	BSICK	給付類別
DD	TRAC_EVEN	TRAC_EVEN	汽車交通事故	BILDRGSC	BCARACDT	汽車交通事故
DD	CARD_SEQ_NO	CARD_SEQ_NO	就醫序號	BILDRGSC	BNHISEQ	就醫序號
DD	FUNC_TYPE	FUNC_TYPE	就醫科別	BILDRGSC	NHISECT	就醫科別
DD	IN_DATE	IN_DATE	入院年月日	BILDRGSC	BREGDT	入院日期
DD	OUT_DATE	OUT_DATE	出院年月日	BILDRGSC	TDISDATE	離院日期
DD	E_BED_DAY	E_BED_DAY	急性病床天數	BILDRGSC	EDAYTOT	急性床日數
DD	S_BED_DAY	S_BED_DAY	慢性病床天數	BILDRGSC	LDAYTOT	慢性床日數
DD	PRSN_ID	PRSN_ID	主治醫師代碼	BILDRGSC	DOCIDNO	主治醫師
DD	DRG_CODE	DRG_CODE	DRG參考碼	BILDRGSC	BDRGCOD	ＤＲＧ碼
DD				BILDRGSC	TWDRG	
DD				BILDRGSC	DRGTYP	TWDRG 支付型態
DD	EXT_CODE_1	EXT_CODE_1	外因分類一	BILDRGSC	ECOD1	意外代碼一
DD	EXT_CODE_2	EXT_CODE_2	外因分類二	BILDRGSC	ECOD2	意外代碼二
DD	TRAN_CODE	TRAN_CODE	轉歸代碼	BILDRGSC	BGO	轉歸代碼
DD	ICD9CM_CODE	ICD9CM_CODE	主診斷代碼	BILDRGSC	ICD1	主診斷
DD	ICD9CM_CODE_1	ICD9CM_CODE_1	次診斷代碼一	BILDRGSC	ICD2	次診斷１
DD	ICD9CM_CODE_2	ICD9CM_CODE_2	次診斷代碼二	BILDRGSC	ICD3	次診斷２
DD	ICD9CM_CODE_3	ICD9CM_CODE_3	次診斷代碼三	BILDRGSC	ICD4	次診斷３
DD	ICD9CM_CODE_4	ICD9CM_CODE_4	次診斷代碼四	BILDRGSC	ICD5	次診斷４
DD	ICD_OP_CODE	ICD_OP_CODE	主手術（處置）	BILDRGSC	OPD1	主手術
DD	ICD_OP_CODE_1	ICD_OP_CODE_1	主手術（處置）一	BILDRGSC	OPD2	次手術１
DD	ICD_OP_CODE_2	ICD_OP_CODE_2	主手術（處置）二	BILDRGSC	OPD3	次手術２
DD	ICD_OP_CODE_3	ICD_OP_CODE_3	主手術（處置）三	BILDRGSC	OPD4	次手術３
DD	ICD_OP_CODE_4	ICD_OP_CODE_4	主手術（處置）四	BILDRGSC	OPD5	次手術４
DD	DIAG_AMT	DIAG_AMT	診察費	BILDRGSC	SUBDIAG	診察費
DD	ROOM_AMT	ROOM_AMT	病房費	BILDRGSC	SUBWARD	病房費
DD	MEAL_AMT	MEAL_AMT	管灌膳食費	BILDRGSC	SUBDIET	管灌膳食費
DD	AMIN_AMT	AMIN_AMT	檢查費	BILDRGSC	SUBEXAM	檢查費
DD	RADO_AMT	RADO_AMT	放射線診療費	BILDRGSC	SUBXRAY	放射診療費
DD	THRP_AMT	THRP_AMT	治療處置費	BILDRGSC	SUBTRET	治療處置費
DD	SGRY_AMT	SGRY_AMT	手術費	BILDRGSC	SUBOPER	手術費
DD	PHSC_AMT	PHSC_AMT	復健治療費	BILDRGSC	SUBPHSY	復健治療費
DD	HD_AMT	HD_AMT	血液透析費	BILDRGSC	SUBKIDN	血液透析費
DD	BLOD_AMT	BLOD_AMT	血液血漿費	BILDRGSC	SUBBLOD	血液血漿費
DD	ANE_AMT	ANE_AMT	麻醉費	BILDRGSC	SUBANES	麻醉費
DD	METR_AMT	METR_AMT	特殊材料費	BILDRGSC	SUBMATE	特材費
DD	DRUG_AMT	DRUG_AMT	葯費	BILDRGSC	SUBDRUG	藥費
DD	DSVC_AMT	DSVC_AMT	葯事服務費	BILDRGSC	SUBDRGS	藥事服務費
DD	NRTP_AMT	NRTP_AMT	精神科治療費	BILDRGSC	SUBPSY	精神治療費
DD	INJT_AMT	INJT_AMT	注射技術費	BILDRGSC	SUBSHUT	注射技術費
DD	BABY_AMT	BABY_AMT	嬰兒費	BILDRGSC	SUBINFT	嬰兒費
DD	CHARG_AMT	CHARG_AMT	代辦費	BILDRGSC		
DD	MED_AMT	MED_AMT	醫療費用	BILDRGSC	PATTOTAL	醫療費用合計
DD	PART_AMT	PART_AMT	部份負擔點數	BILDRGSC	SELTOTAL	部份負擔總額
DD	APPL_AMT	APPL_AMT	申請費用點數	BILDRGSC	APPTOTAL	申請費用總額
DD	EB_APPL30_AMT	EB_APPL30_AMT	醫療費用點數(急性病床1至30天)	BILDRGSC	E30PATOT	急性床３０天內費用
DD	EB_PART30_AMT	EB_PART30_AMT	部份負擔點數(急性病床1至30天)	BILDRGSC	E30SETOT	急性床３０天內部份負擔
DD	EB_APPL60_AMT	EB_APPL60_AMT	醫療費用點數(急性病床31至60天)	BILDRGSC	E60PATOT	急性床６０天內費用
DD	EB_PART60_AMT	EB_PART60_AMT	部份負擔點數(急性病床31至60天)	BILDRGSC	E60SETOT	急性床６０天內部份負擔
DD	EB_APPL61_AMT	EB_APPL61_AMT	醫療費用點數(急性病床61天以上)	BILDRGSC	EOTPATOT	急性床６１天上費用
DD	EB_PART61_AMT	EB_PART61_AMT	部份負擔點數(急性病床61天以上)	BILDRGSC	EOTSETOT	急性床６１天上部份負擔
DD	SB_APPL30_AMT	SB_APPL30_AMT	醫療費用點數(慢性病床1至30天)	BILDRGSC	L30PATOT	慢性床３０天內費用
DD	SB_PART30_AMT	SB_PART30_AMT	部份負擔點數(慢性病床1至30天)	BILDRGSC	L30SETOT	慢性床３０天內部份負擔
DD	SB_APPL90_AMT	SB_APPL90_AMT	醫療費用點數(慢性病床31至90天)	BILDRGSC	L90PATOT	慢性床９０天內費用
DD	SB_PART90_AMT	SB_PART90_AMT	部份負擔點數(慢性病床31至90天)	BILDRGSC	L90SETOT	慢性床９０天內部份負擔
DD	SB_APPL180_AMT	SB_APPL180_AMT	醫療費用點數(慢性病床91至180天)	BILDRGSC	L180PTOT	慢性床１８０內費用
DD	SB_PART180_AMT	SB_PART180_AMT	部份負擔點數(慢性病床91至180天)	BILDRGSC	L180STOT	慢性床１８０內部份負擔
DD	SB_APPL181_AMT	SB_APPL181_AMT	醫療費用點數(慢性病床181天以上)	BILDRGSC	LOTPATOT	慢性床１８０上費用
DD	SB_PART181_AMT	SB_PART181_AMT	部份負擔點數(慢性病床181天以上)	BILDRGSC	LOTSETOT	慢性床１８０內部份負擔[<--這中文應該改成 "180上"]
DD	PART_MARK	PART_MARK	部份負擔註記	BILDRGSC	BNHSLFG1	部份負擔代號
DD	ID_SEX	ID_SEX	性別	BILDRGSC		
DD	EXM_RESULT_DRG_1	EXM_RESULT_DRG_1	審核結果DRG	BILDRGSC		
DD	EXM_RESULT_MDC_1	EXM_RESULT_MDC_1	審核結果MDC	BILDRGSC		
DD	TW_DRGS	TW_DRGS	TW_DRGS碼	BILDRGSC		
DD	APPL_CAUSE_MARK	APPL_CAUSE_MARK	補報原因註記	BILDRGSC		
DD	TW_DRGS_SUIT_MARK	TW_DRGS_SUIT_MARK	不適用Tw-DRGs案件特殊註記	BILDRGSC	NFITDRG	不適用註記
DD				BILDRGSC	BGIN	病患來源
DD				BILDRGSC	OESEQNO	醫令總數
DD				BILDRGSC	FINKEY	本院身份
DD				BILDRGSC	BPSECT	本院科別
DD				BILDRGSC	BABYBIRD	新生兒生日
DD				BILDRGSC	NAMEC	姓名
DD				BILDRGSC	FIL01	保留１
DD				BILDRGSC	FIL02	保留２
DD	FEE_YM	FEE_YM	費用年月	BILDRGSC	DISYYMM	費用年月
DD	APPL_TYPE	APPL_TYPE	申報類別	BILDRGSC	BRELAY	申報類別
DD	HOSP_ID	HOSP_ID	醫事機構代號	BILDRGSC		
DD	APPL_DATE	APPL_DATE	申報日期	BILDRGSC		
DD	CASE_TYPE	CASE_TYPE	案件分類	BILDRGSC	BCASEFLG	案件分類
DD	SEQ_NO	SEQ_NO	流水號	BILDRGSC	SEQNO	流水編號
DD	ID	ID	身分證統一編號	BILDRGSC	BIDNO	身份證字號
DD				BILDRGSC	BHISTNO	病歷號
DD	APPL_BEG_DATE	APPL_BEG_DATE	申報期間-起	BILDRGSC	COEBGN	申報起日
DD	APPL_END_DATE	APPL_END_DATE	申報期間-迄	BILDRGSC	COEEND	申報迄日
DD	ID_BIRTHDAY	ID_BIRTHDAY	出生年月	BILDRGSC	BIRTHDAY	出生年月日
DD	GAVE_KIND	GAVE_KIND	給付類別	BILDRGSC	BSICK	給付類別
DD	TRAC_EVEN	TRAC_EVEN	汽車交通事故	BILDRGSC	BCARACDT	汽車交通事故
DD	CARD_SEQ_NO	CARD_SEQ_NO	就醫序號	BILDRGSC	BNHISEQ	就醫序號
DD	FUNC_TYPE	FUNC_TYPE	就醫科別	BILDRGSC	NHISECT	就醫科別
DD	IN_DATE	IN_DATE	入院年月日	BILDRGSC	BREGDT	入院日期
DD	OUT_DATE	OUT_DATE	出院年月日	BILDRGSC	TDISDATE	離院日期
DD	E_BED_DAY	E_BED_DAY	急性病床天數	BILDRGSC	EDAYTOT	急性床日數
DD	S_BED_DAY	S_BED_DAY	慢性病床天數	BILDRGSC	LDAYTOT	慢性床日數
DD	PRSN_ID	PRSN_ID	主治醫師代碼	BILDRGSC	DOCIDNO	主治醫師
DD	DRG_CODE	DRG_CODE	DRG參考碼	BILDRGSC	BDRGCOD	ＤＲＧ碼
DD				BILDRGSC	TWDRG	
DD				BILDRGSC	DRGTYP	TWDRG 支付型態
DD	EXT_CODE_1	EXT_CODE_1	外因分類一	BILDRGSC	ECOD1	意外代碼一
DD	EXT_CODE_2	EXT_CODE_2	外因分類二	BILDRGSC	ECOD2	意外代碼二
DD	TRAN_CODE	TRAN_CODE	轉歸代碼	BILDRGSC	BGO	轉歸代碼
DD	ICD9CM_CODE	ICD9CM_CODE	主診斷代碼	BILDRGSC	ICD1	主診斷
DD	ICD9CM_CODE_1	ICD9CM_CODE_1	次診斷代碼一	BILDRGSC	ICD2	次診斷１
DD	ICD9CM_CODE_2	ICD9CM_CODE_2	次診斷代碼二	BILDRGSC	ICD3	次診斷２
DD	ICD9CM_CODE_3	ICD9CM_CODE_3	次診斷代碼三	BILDRGSC	ICD4	次診斷３
DD	ICD9CM_CODE_4	ICD9CM_CODE_4	次診斷代碼四	BILDRGSC	ICD5	次診斷４
DD	ICD_OP_CODE	ICD_OP_CODE	主手術（處置）	BILDRGSC	OPD1	主手術
DD	ICD_OP_CODE_1	ICD_OP_CODE_1	主手術（處置）一	BILDRGSC	OPD2	次手術１
DD	ICD_OP_CODE_2	ICD_OP_CODE_2	主手術（處置）二	BILDRGSC	OPD3	次手術２
DD	ICD_OP_CODE_3	ICD_OP_CODE_3	主手術（處置）三	BILDRGSC	OPD4	次手術３
DD	ICD_OP_CODE_4	ICD_OP_CODE_4	主手術（處置）四	BILDRGSC	OPD5	次手術４
DD	DIAG_AMT	DIAG_AMT	診察費	BILDRGSC	SUBDIAG	診察費
DD	ROOM_AMT	ROOM_AMT	病房費	BILDRGSC	SUBWARD	病房費
DD	MEAL_AMT	MEAL_AMT	管灌膳食費	BILDRGSC	SUBDIET	管灌膳食費
DD	AMIN_AMT	AMIN_AMT	檢查費	BILDRGSC	SUBEXAM	檢查費
DD	RADO_AMT	RADO_AMT	放射線診療費	BILDRGSC	SUBXRAY	放射診療費
DD	THRP_AMT	THRP_AMT	治療處置費	BILDRGSC	SUBTRET	治療處置費
DD	SGRY_AMT	SGRY_AMT	手術費	BILDRGSC	SUBOPER	手術費
DD	PHSC_AMT	PHSC_AMT	復健治療費	BILDRGSC	SUBPHSY	復健治療費
DD	HD_AMT	HD_AMT	血液透析費	BILDRGSC	SUBKIDN	血液透析費
DD	BLOD_AMT	BLOD_AMT	血液血漿費	BILDRGSC	SUBBLOD	血液血漿費
DD	ANE_AMT	ANE_AMT	麻醉費	BILDRGSC	SUBANES	麻醉費
DD	METR_AMT	METR_AMT	特殊材料費	BILDRGSC	SUBMATE	特材費
DD	DRUG_AMT	DRUG_AMT	葯費	BILDRGSC	SUBDRUG	藥費
DD	DSVC_AMT	DSVC_AMT	葯事服務費	BILDRGSC	SUBDRGS	藥事服務費
DD	NRTP_AMT	NRTP_AMT	精神科治療費	BILDRGSC	SUBPSY	精神治療費
DD	INJT_AMT	INJT_AMT	注射技術費	BILDRGSC	SUBSHUT	注射技術費
DD	BABY_AMT	BABY_AMT	嬰兒費	BILDRGSC	SUBINFT	嬰兒費
DD	CHARG_AMT	CHARG_AMT	代辦費	BILDRGSC		
DD	MED_AMT	MED_AMT	醫療費用	BILDRGSC	PATTOTAL	醫療費用合計
DD	PART_AMT	PART_AMT	部份負擔點數	BILDRGSC	SELTOTAL	部份負擔總額
DD	APPL_AMT	APPL_AMT	申請費用點數	BILDRGSC	APPTOTAL	申請費用總額
DD	EB_APPL30_AMT	EB_APPL30_AMT	醫療費用點數(急性病床1至30天)	BILDRGSC	E30PATOT	急性床３０天內費用
DD	EB_PART30_AMT	EB_PART30_AMT	部份負擔點數(急性病床1至30天)	BILDRGSC	E30SETOT	急性床３０天內部份負擔
DD	EB_APPL60_AMT	EB_APPL60_AMT	醫療費用點數(急性病床31至60天)	BILDRGSC	E60PATOT	急性床６０天內費用
DD	EB_PART60_AMT	EB_PART60_AMT	部份負擔點數(急性病床31至60天)	BILDRGSC	E60SETOT	急性床６０天內部份負擔
DD	EB_APPL61_AMT	EB_APPL61_AMT	醫療費用點數(急性病床61天以上)	BILDRGSC	EOTPATOT	急性床６１天上費用
DD	EB_PART61_AMT	EB_PART61_AMT	部份負擔點數(急性病床61天以上)	BILDRGSC	EOTSETOT	急性床６１天上部份負擔
DD	SB_APPL30_AMT	SB_APPL30_AMT	醫療費用點數(慢性病床1至30天)	BILDRGSC	L30PATOT	慢性床３０天內費用
DD	SB_PART30_AMT	SB_PART30_AMT	部份負擔點數(慢性病床1至30天)	BILDRGSC	L30SETOT	慢性床３０天內部份負擔
DD	SB_APPL90_AMT	SB_APPL90_AMT	醫療費用點數(慢性病床31至90天)	BILDRGSC	L90PATOT	慢性床９０天內費用
DD	SB_PART90_AMT	SB_PART90_AMT	部份負擔點數(慢性病床31至90天)	BILDRGSC	L90SETOT	慢性床９０天內部份負擔
DD	SB_APPL180_AMT	SB_APPL180_AMT	醫療費用點數(慢性病床91至180天)	BILDRGSC	L180PTOT	慢性床１８０內費用
DD	SB_PART180_AMT	SB_PART180_AMT	部份負擔點數(慢性病床91至180天)	BILDRGSC	L180STOT	慢性床１８０內部份負擔
DD	SB_APPL181_AMT	SB_APPL181_AMT	醫療費用點數(慢性病床181天以上)	BILDRGSC	LOTPATOT	慢性床１８０上費用
DD	SB_PART181_AMT	SB_PART181_AMT	部份負擔點數(慢性病床181天以上)	BILDRGSC	LOTSETOT	慢性床１８０內部份負擔[<--這中文應該改成 "180上"]
DD	PART_MARK	PART_MARK	部份負擔註記	BILDRGSC	BNHSLFG1	部份負擔代號
DD	ID_SEX	ID_SEX	性別	BILDRGSC		
DD				BILDRGSC	NFITDRG	不適用註記
DD				BILDRGSC	BGIN	病患來源
DD				BILDRGSC	OESEQNO	醫令總數
DD				BILDRGSC	FINKEY	本院身份
DD				BILDRGSC	BPSECT	本院科別
DD				BILDRGSC	BABYBIRD	新生兒生日
DD				BILDRGSC	NAMEC	姓名
DD				BILDRGSC	FIL01	保留１
DD				BILDRGSC	FIL02	保留２
DD	FEE_YM	FEE_YM	費用年月	BILNHIT1	DISYYMM	費用年月
DD	APPL_TYPE	APPL_TYPE	申報類別	BILNHIT1	BRELAY	申報類別
DD	HOSP_ID	HOSP_ID	醫事機構代號	BILNHIT1		
DD	APPL_DATE	APPL_DATE	申報日期	BILNHIT1		
DD	CASE_TYPE	CASE_TYPE	案件分類	BILNHIT1	BCASEFLG	案件分類
DD	SEQ_NO	SEQ_NO	流水號	BILNHIT1	SEQNO	流水編號
DD	ID	ID	身分證統一編號	BILNHIT1	BIDNO	身份證字號
DD				BILNHIT1	BHISTNO	病歷號
DD	APPL_BEG_DATE	APPL_BEG_DATE	申報期間-起	BILNHIT1	COEBGN	申報起日
DD	APPL_END_DATE	APPL_END_DATE	申報期間-迄	BILNHIT1	COEEND	申報迄日
DD	ID_BIRTHDAY	ID_BIRTHDAY	出生年月	BILNHIT1	BIRTHDAY	出生年月日
DD	GAVE_KIND	GAVE_KIND	給付類別	BILNHIT1	BSICK	給付類別
DD	TRAC_EVEN	TRAC_EVEN	汽車交通事故	BILNHIT1	BCARACDT	汽車交通事故
DD	CARD_SEQ_NO	CARD_SEQ_NO	就醫序號	BILNHIT1	BNHISEQ	就醫序號
DD	FUNC_TYPE	FUNC_TYPE	就醫科別	BILNHIT1	NHISECT	就醫科別
DD	IN_DATE	IN_DATE	入院年月日	BILNHIT1	BREGDT	入院日期
DD	OUT_DATE	OUT_DATE	出院年月日	BILNHIT1	TDISDATE	離院日期
DD	E_BED_DAY	E_BED_DAY	急性病床天數	BILNHIT1	EDAYTOT	急性床日數
DD	S_BED_DAY	S_BED_DAY	慢性病床天數	BILNHIT1	LDAYTOT	慢性床日數
DD	PRSN_ID	PRSN_ID	主治醫師代碼	BILNHIT1	DOCIDNO	主治醫師
DD	DRG_CODE	DRG_CODE	DRG參考碼	BILNHIT1	BDRGCOD	ＤＲＧ碼
DD	EXT_CODE_1	EXT_CODE_1	外因分類一	BILNHIT1	ECOD1	意外代碼一
DD	EXT_CODE_2	EXT_CODE_2	外因分類二	BILNHIT1	ECOD2	意外代碼二
DD	TRAN_CODE	TRAN_CODE	轉歸代碼	BILNHIT1	BGO	轉歸代碼
DD	ICD9CM_CODE	ICD9CM_CODE	主診斷代碼	BILNHIT1	ICD1	主診斷
DD	ICD9CM_CODE_1	ICD9CM_CODE_1	次診斷代碼一	BILNHIT1	ICD2	次診斷１
DD	ICD9CM_CODE_2	ICD9CM_CODE_2	次診斷代碼二	BILNHIT1	ICD3	次診斷２
DD	ICD9CM_CODE_3	ICD9CM_CODE_3	次診斷代碼三	BILNHIT1	ICD4	次診斷３
DD	ICD9CM_CODE_4	ICD9CM_CODE_4	次診斷代碼四	BILNHIT1	ICD5	次診斷４
DD	ICD_OP_CODE	ICD_OP_CODE	主手術（處置）	BILNHIT1	OPD1	主手術
DD	ICD_OP_CODE_1	ICD_OP_CODE_1	主手術（處置）一	BILNHIT1	OPD2	次手術１
DD	ICD_OP_CODE_2	ICD_OP_CODE_2	主手術（處置）二	BILNHIT1	OPD3	次手術２
DD	ICD_OP_CODE_3	ICD_OP_CODE_3	主手術（處置）三	BILNHIT1	OPD4	次手術３
DD	ICD_OP_CODE_4	ICD_OP_CODE_4	主手術（處置）四	BILNHIT1	OPD5	次手術４
DD	DIAG_AMT	DIAG_AMT	診察費	BILNHIT1	SUBDIAG	診察費
DD	ROOM_AMT	ROOM_AMT	病房費	BILNHIT1	SUBWARD	病房費
DD	MEAL_AMT	MEAL_AMT	管灌膳食費	BILNHIT1	SUBDIET	管灌膳食費
DD	AMIN_AMT	AMIN_AMT	檢查費	BILNHIT1	SUBEXAM	檢查費
DD	RADO_AMT	RADO_AMT	放射線診療費	BILNHIT1	SUBXRAY	放射診療費
DD	THRP_AMT	THRP_AMT	治療處置費	BILNHIT1	SUBTRET	治療處置費
DD	SGRY_AMT	SGRY_AMT	手術費	BILNHIT1	SUBOPER	手術費
DD	PHSC_AMT	PHSC_AMT	復健治療費	BILNHIT1	SUBPHSY	復健治療費
DD	HD_AMT	HD_AMT	血液透析費	BILNHIT1	SUBKIDN	血液透析費
DD	BLOD_AMT	BLOD_AMT	血液血漿費	BILNHIT1	SUBBLOD	血液血漿費
DD	ANE_AMT	ANE_AMT	麻醉費	BILNHIT1	SUBANES	麻醉費
DD	METR_AMT	METR_AMT	特殊材料費	BILNHIT1	SUBMATE	特材費
DD	DRUG_AMT	DRUG_AMT	葯費	BILNHIT1	SUBDRUG	藥費
DD	DSVC_AMT	DSVC_AMT	葯事服務費	BILNHIT1	SUBDRGS	藥事服務費
DD	NRTP_AMT	NRTP_AMT	精神科治療費	BILNHIT1	SUBPSY	精神治療費
DD	INJT_AMT	INJT_AMT	注射技術費	BILNHIT1	SUBSHUT	注射技術費
DD	BABY_AMT	BABY_AMT	嬰兒費	BILNHIT1	SUBINFT	嬰兒費
DD	CHARG_AMT	CHARG_AMT	代辦費	BILNHIT1		
DD	MED_AMT	MED_AMT	醫療費用	BILNHIT1	PATTOTAL	醫療費用合計
DD	PART_AMT	PART_AMT	部份負擔點數	BILNHIT1	SELTOTAL	部份負擔總額
DD	APPL_AMT	APPL_AMT	申請費用點數	BILNHIT1	APPTOTAL	申請費用總額
DD	EB_APPL30_AMT	EB_APPL30_AMT	醫療費用點數(急性病床1至30天)	BILNHIT1	E30PATOT	急性床３０天內費用
DD	EB_PART30_AMT	EB_PART30_AMT	部份負擔點數(急性病床1至30天)	BILNHIT1	E30SETOT	急性床３０天內部份負擔
DD	EB_APPL60_AMT	EB_APPL60_AMT	醫療費用點數(急性病床31至60天)	BILNHIT1	E60PATOT	急性床６０天內費用
DD	EB_PART60_AMT	EB_PART60_AMT	部份負擔點數(急性病床31至60天)	BILNHIT1	E60SETOT	急性床６０天內部份負擔
DD	EB_APPL61_AMT	EB_APPL61_AMT	醫療費用點數(急性病床61天以上)	BILNHIT1	EOTPATOT	急性床６１天上費用
DD	EB_PART61_AMT	EB_PART61_AMT	部份負擔點數(急性病床61天以上)	BILNHIT1	EOTSETOT	急性床６１天上部份負擔
DD	SB_APPL30_AMT	SB_APPL30_AMT	醫療費用點數(慢性病床1至30天)	BILNHIT1	L30PATOT	慢性床３０天內費用
DD	SB_PART30_AMT	SB_PART30_AMT	部份負擔點數(慢性病床1至30天)	BILNHIT1	L30SETOT	慢性床３０天內部份負擔
DD	SB_APPL90_AMT	SB_APPL90_AMT	醫療費用點數(慢性病床31至90天)	BILNHIT1	L90PATOT	慢性床９０天內費用
DD	SB_PART90_AMT	SB_PART90_AMT	部份負擔點數(慢性病床31至90天)	BILNHIT1	L90SETOT	慢性床９０天內部份負擔
DD	SB_APPL180_AMT	SB_APPL180_AMT	醫療費用點數(慢性病床91至180天)	BILNHIT1	L180PTOT	慢性床１８０內費用
DD	SB_PART180_AMT	SB_PART180_AMT	部份負擔點數(慢性病床91至180天)	BILNHIT1	L180STOT	慢性床１８０內部份負擔
DD	SB_APPL181_AMT	SB_APPL181_AMT	醫療費用點數(慢性病床181天以上)	BILNHIT1	LOTPATOT	慢性床１８０上費用
DD	SB_PART181_AMT	SB_PART181_AMT	部份負擔點數(慢性病床181天以上)	BILNHIT1	LOTSETOT	慢性床１８０內部份負擔[<--這中文應該改成 "180上"]
DD	PART_MARK	PART_MARK	部份負擔註記	BILNHIT1	BNHSLFG1	部份負擔代號
DD	ID_SEX	ID_SEX	性別	BILNHIT1		
DD				BILNHIT1	BGIN	病患來源
DD				BILNHIT1	OESEQNO	醫令總數
DD				BILNHIT1	FINKEY	本院身份
DD				BILNHIT1	BPSECT	本院科別
DO	FEE_YM	FEE_YM	費用年月	BILNHI4X	DISYYMM	費用年月
DO	APPL_TYPE	APPL_TYPE	申報類別	BILNHI4X	BRELAY	申報類別
DO	HOSP_ID	HOSP_ID	醫事機構代號	BILNHI4X		
DO	APPL_DATE	APPL_DATE	申報日期	BILNHI4X		
DO	CASE_TYPE	CASE_TYPE	案件分類	BILNHI4X	BCASEFLG	案件分類
DO	SEQ_NO	SEQ_NO	流水號	BILNHI4X	SEQNO	流水編號
DO				BILNHI4X	BIDNO	身分證字號
DO				BILNHI4X	OESEQNO	醫令序
DO	ORDER_TYPE	ORDER_TYPE	醫令類別	BILNHI4X	OETYP	醫令類別
DO	ORDER_CODE	ORDER_CODE	醫令代碼	BILNHI4X	BORNHICD	醫令代碼（健保碼）
DO				BILNHI4X	PFKEY	收費碼（本院碼）
DO	EXE_S_DATE	EXE_S_DATE	執行起日	BILNHI4X	CORDATE1	執行起日
DO				BILNHI4X	BOROPTMB	執行起時
DO	EXE_E_DATE	EXE_E_DATE	執行迄日	BILNHI4X	CORDATE2	執行迄日
DO				BILNHI4X	BOROPTME	執行迄時
DO	PAY_RATE	PAY_RATE	支付成數	BILNHI4X	BORPERT	支付成數
DO	ORDER_QTY	ORDER_QTY	醫令數量	BILNHI4X	APPLYUSE	總量
DO	ORDER_PRICE	ORDER_PRICE	醫令單價	BILNHI4X	CORNHPUN	單價（含兩位小數）
DO	ORDER_AMT	ORDER_AMT	醫令點數	BILNHI4X	APPLYAMT	金額（不含小數）
DO				BILNHI4X	BDGDOS	藥使用劑量
DO	DRUG_FRE	DRUG_FRE	藥品使用頻率	BILNHI4X		
DO	DRUG_PATH	DRUG_PATH	給藥途徑/作用部位	BILNHI4X	NHIFREQ	給藥途徑∕會診科別
DO	TW_DRGS_CALCU	TW_DRGS_CALCU	Tw-DRGs計算	BILNHI4X		
DO	CURE_PATH	CURE_PATH	診療之部位	BILNHI4X		
DO				BILNHI4X	AA0	保留１
DO				BILNHI4X	BXLPARNO	分月代碼
DO	FEE_YM	FEE_YM	費用年月	BILNHI3X	DISYYMM	費用年月
DO	APPL_TYPE	APPL_TYPE	申報類別	BILNHI3X	BRELAY	申報類別
DO	HOSP_ID	HOSP_ID	醫事機構代號	BILNHI3X		
DO	APPL_DATE	APPL_DATE	申報日期	BILNHI3X		
DO	CASE_TYPE	CASE_TYPE	案件分類	BILNHI3X	BCASEFLG	案件分類
DO	SEQ_NO	SEQ_NO	流水號	BILNHI3X	SEQNO	流水編號
DO				BILNHI3X	BIDNO	身分證字號
DO				BILNHI3X	OESEQNO	醫令序
DO	ORDER_TYPE	ORDER_TYPE	醫令類別	BILNHI3X	OETYP	醫令類別
DO	ORDER_CODE	ORDER_CODE	醫令代碼	BILNHI3X	BORNHICD	醫令代碼（健保碼）
DO				BILNHI3X	PFKEY	收費碼（本院碼）
DO	EXE_S_DATE	EXE_S_DATE	執行起日	BILNHI3X	CORDATE1	執行起日
DO				BILNHI3X	BOROPTMB	執行起時
DO	EXE_E_DATE	EXE_E_DATE	執行迄日	BILNHI3X	CORDATE2	執行迄日
DO				BILNHI3X	BOROPTME	執行迄時
DO	PAY_RATE	PAY_RATE	支付成數	BILNHI3X	BORPERT	支付成數
DO	ORDER_QTY	ORDER_QTY	醫令數量	BILNHI3X	APPLYUSE	總量
DO	ORDER_PRICE	ORDER_PRICE	醫令單價	BILNHI3X	CORNHPUN	單價（含兩位小數）
DO	ORDER_AMT	ORDER_AMT	醫令點數	BILNHI3X	APPLYAMT	金額（不含小數）
DO				BILNHI3X	BDGDOS	藥使用劑量
DO	DRUG_FRE	DRUG_FRE	藥品使用頻率	BILNHI3X		
DO	DRUG_PATH	DRUG_PATH	給藥途徑/作用部位	BILNHI3X	NHIFREQ	給藥途徑∕會診科別
DO	TW_DRGS_CALCU	TW_DRGS_CALCU	Tw-DRGs計算	BILNHI3X		
DO	CURE_PATH	CURE_PATH	診療之部位	BILNHI3X		
DO				BILNHI3X	AA0	保留１
DO				BILNHI3X	BXLPARNO	分月代碼
DO	FEE_YM	FEE_YM	費用年月	BILNHI2X	DISYYMM	費用年月
DO	APPL_TYPE	APPL_TYPE	申報類別	BILNHI2X	BRELAY	申報類別
DO	HOSP_ID	HOSP_ID	醫事機構代號	BILNHI2X		
DO	APPL_DATE	APPL_DATE	申報日期	BILNHI2X		
DO	CASE_TYPE	CASE_TYPE	案件分類	BILNHI2X	BCASEFLG	案件分類
DO	SEQ_NO	SEQ_NO	流水號	BILNHI2X	SEQNO	流水編號
DO				BILNHI2X	BIDNO	身分證字號
DO				BILNHI2X	OESEQNO	醫令序
DO	ORDER_TYPE	ORDER_TYPE	醫令類別	BILNHI2X	OETYP	醫令類別
DO	ORDER_CODE	ORDER_CODE	醫令代碼	BILNHI2X	BORNHICD	醫令代碼（健保碼）
DO				BILNHI2X	PFKEY	收費碼（本院碼）
DO	EXE_S_DATE	EXE_S_DATE	執行起日	BILNHI2X	CORDATE1	執行起日
DO				BILNHI2X	BOROPTMB	執行起時
DO	EXE_E_DATE	EXE_E_DATE	執行迄日	BILNHI2X	CORDATE2	執行迄日
DO				BILNHI2X	BOROPTME	支付成數
DO	PAY_RATE	PAY_RATE	支付成數	BILNHI2X	BORPERT	
DO	ORDER_QTY	ORDER_QTY	醫令數量	BILNHI2X	APPLYUSE	總量
DO	ORDER_PRICE	ORDER_PRICE	醫令單價	BILNHI2X	CORNHPUN	單價（含兩位小數）
DO	ORDER_AMT	ORDER_AMT	醫令點數	BILNHI2X	APPLYAMT	金額（不含小數）
DO				BILNHI2X	BDGDOS	藥使用劑量
DO	DRUG_FRE	DRUG_FRE	藥品使用頻率	BILNHI2X		
DO	DRUG_PATH	DRUG_PATH	給藥途徑/作用部位	BILNHI2X	NHIFREQ	給藥途徑∕會診科別
DO	TW_DRGS_CALCU	TW_DRGS_CALCU	Tw-DRGs計算	BILNHI2X		
DO	CURE_PATH	CURE_PATH	診療之部位	BILNHI2X		
DO				BILNHI2X	AA0	保留１
DO				BILNHI2X	BXLPARNO	分月代碼
DO	FEE_YM	FEE_YM	費用年月	BILNHI1X	DISYYMM	費用年月
DO	APPL_TYPE	APPL_TYPE	申報類別	BILNHI1X	BRELAY	申報類別
DO	HOSP_ID	HOSP_ID	醫事機構代號	BILNHI1X		
DO	APPL_DATE	APPL_DATE	申報日期	BILNHI1X		
DO	CASE_TYPE	CASE_TYPE	案件分類	BILNHI1X	BCASEFLG	案件分類
DO	SEQ_NO	SEQ_NO	流水號	BILNHI1X	SEQNO	流水編號
DO				BILNHI1X	BIDNO	身分證字號
DO				BILNHI1X	OESEQNO	醫令序
DO	ORDER_TYPE	ORDER_TYPE	醫令類別	BILNHI1X	OETYP	醫令類別
DO	ORDER_CODE	ORDER_CODE	醫令代碼	BILNHI1X	BORNHICD	醫令代碼（健保碼）
DO				BILNHI1X	PFKEY	收費碼（本院碼）
DO	EXE_S_DATE	EXE_S_DATE	執行起日	BILNHI1X	CORDATE1	執行起日
DO				BILNHI1X	BOROPTMB	執行起時
DO	EXE_E_DATE	EXE_E_DATE	執行迄日	BILNHI1X	CORDATE2	執行迄日
DO				BILNHI1X	BOROPTME	執行迄時
DO	PAY_RATE	PAY_RATE	支付成數	BILNHI1X	BORPERT	支付成數
DO	ORDER_QTY	ORDER_QTY	醫令數量	BILNHI1X	APPLYUSE	總量
DO	ORDER_PRICE	ORDER_PRICE	醫令單價	BILNHI1X	CORNHPUN	單價（含兩位小數）
DO	ORDER_AMT	ORDER_AMT	醫令點數	BILNHI1X	APPLYAMT	金額（不含小數）
DO				BILNHI1X	BDGDOS	藥使用劑量
DO	DRUG_FRE	DRUG_FRE	藥品使用頻率	BILNHI1X		
DO	DRUG_PATH	DRUG_PATH	給藥途徑/作用部位	BILNHI1X	NHIFREQ	給藥途徑∕會診科別
DO	TW_DRGS_CALCU	TW_DRGS_CALCU	Tw-DRGs計算	BILNHI1X		
DO	CURE_PATH	CURE_PATH	診療之部位	BILNHI1X		
DO				BILNHI1X	AA0	保留１
DO				BILNHI1X	BXLPARNO	分月代碼
DO	FEE_YM	FEE_YM	費用年月	BILNHI0X	DISYYMM	費用年月
DO	APPL_TYPE	APPL_TYPE	申報類別	BILNHI0X	BRELAY	申報類別
DO	HOSP_ID	HOSP_ID	醫事機構代號	BILNHI0X		
DO	APPL_DATE	APPL_DATE	申報日期	BILNHI0X		
DO	CASE_TYPE	CASE_TYPE	案件分類	BILNHI0X	BCASEFLG	案件分類
DO	SEQ_NO	SEQ_NO	流水號	BILNHI0X	SEQNO	流水編號
DO				BILNHI0X	BIDNO	身分證字號
DO	ORDER_SEQ_NO	ORDER_SEQ_NO	醫令序號	BILNHI0X	OESEQNO	醫令序
DO	ORDER_TYPE	ORDER_TYPE	醫令類別	BILNHI0X	OETYP	醫令類別
DO	ORDER_CODE	ORDER_CODE	醫令代碼	BILNHI0X	BORNHICD	醫令代碼（健保碼）
DO				BILNHI0X	PFKEY	收費碼（本院碼）
DO				BILNHI0X	CORDATE1	執行起日
DO				BILNHI0X	BOROPTMB	執行起時
DO				BILNHI0X	CORDATE2	執行迄日
DO				BILNHI0X	BOROPTME	執行迄時
DO	RATE_TYPE	RATE_TYPE	支付成數	BILNHI0X	BORPERT	支付成數
DO	ORDER_QTY	ORDER_QTY	醫令數量	BILNHI0X	APPLYUSE	總量
DO	ORDER_PRICE	ORDER_PRICE	醫令單價	BILNHI0X	CORNHPUN	單價（含兩位小數）
DO	ORDER_AMT	ORDER_AMT	醫令點數	BILNHI0X	APPLYAMT	金額（不含小數）
DO				BILNHI0X	BDGDOS	藥使用劑量
DO				BILNHI0X		
DO				BILNHI0X	NHIFREQ	給藥途徑∕會診科別
DO				BILNHI0X		
DO				BILNHI0X		
DO				BILNHI0X	AA0	保留１
DO				BILNHI0X	BXLPARNO	分月代碼
DO	FEE_YM	FEE_YM	費用年月	BILNHI9X	DISYYMM	費用年月
DO	APPL_TYPE	APPL_TYPE	申報類別	BILNHI9X	BRELAY	申報類別
DO	HOSP_ID	HOSP_ID	醫事機構代號	BILNHI9X		
DO	APPL_DATE	APPL_DATE	申報日期	BILNHI9X		
DO	CASE_TYPE	CASE_TYPE	案件分類	BILNHI9X	BCASEFLG	案件分類
DO	SEQ_NO	SEQ_NO	流水號	BILNHI9X	SEQNO	流水編號
DO				BILNHI9X	BIDNO	身分證字號
DO	ORDER_SEQ_NO	ORDER_SEQ_NO	醫令序號	BILNHI9X	OESEQNO	醫令序
DO	ORDER_TYPE	ORDER_TYPE	醫令類別	BILNHI9X	OETYP	醫令類別
DO	ORDER_CODE	ORDER_CODE	醫令代碼	BILNHI9X	BORNHICD	醫令代碼（健保碼）
DO				BILNHI9X	PFKEY	收費碼（本院碼）
DO				BILNHI9X	CORDATE1	執行起日
DO				BILNHI9X	BOROPTMB	執行起時
DO				BILNHI9X	CORDATE2	執行迄日
DO				BILNHI9X	BOROPTME	執行迄時
DO	RATE_TYPE	RATE_TYPE	支付成數	BILNHI9X	BORPERT	支付成數
DO	ORDER_QTY	ORDER_QTY	醫令數量	BILNHI9X	APPLYUSE	總量
DO	ORDER_PRICE	ORDER_PRICE	醫令單價	BILNHI9X	CORNHPUN	單價（含兩位小數）
DO	ORDER_AMT	ORDER_AMT	醫令點數	BILNHI9X	APPLYAMT	金額（不含小數）
DO				BILNHI9X	BDGDOS	藥使用劑量
DO				BILNHI9X		
DO				BILNHI9X	NHIFREQ	給藥途徑∕會診科別
DO				BILNHI9X		
DO				BILNHI9X		
DO				BILNHI9X	AA0	保留１
DO				BILNHI9X	BXLPARNO	分月代碼
DO	FEE_YM	FEE_YM	費用年月	BILNH98X	DISYYMM	費用年月
DO	APPL_TYPE	APPL_TYPE	申報類別	BILNH98X	BRELAY	申報類別
DO	HOSP_ID	HOSP_ID	醫事機構代號	BILNH98X		
DO	APPL_DATE	APPL_DATE	申報日期	BILNH98X		
DO	CASE_TYPE	CASE_TYPE	案件分類	BILNH98X	BCASEFLG	案件分類
DO	SEQ_NO	SEQ_NO	流水號	BILNH98X	SEQNO	流水編號
DO				BILNH98X	BIDNO	身分證字號
DO	ORDER_SEQ_NO	ORDER_SEQ_NO	醫令序號	BILNH98X	OESEQNO	醫令序
DO	ORDER_TYPE	ORDER_TYPE	醫令類別	BILNH98X	OETYP	醫令類別
DO	ORDER_CODE	ORDER_CODE	醫令代碼	BILNH98X	BORNHICD	醫令代碼（健保碼）
DO				BILNH98X	PFKEY	收費碼（本院碼）
DO				BILNH98X	CORDATE1	執行起日
DO				BILNH98X	BOROPTMB	執行起時
DO				BILNH98X	CORDATE2	執行迄日
DO				BILNH98X	BOROPTME	執行迄時
DO	RATE_TYPE	RATE_TYPE	支付成數	BILNH98X	BORPERT	支付成數
DO	ORDER_QTY	ORDER_QTY	醫令數量	BILNH98X	APPLYUSE	總量
DO	ORDER_PRICE	ORDER_PRICE	醫令單價	BILNH98X	CORNHPUN	單價（含兩位小數）
DO	ORDER_AMT	ORDER_AMT	醫令點數	BILNH98X	APPLYAMT	金額（不含小數）
DO				BILNH98X	BDGDOS	藥使用劑量
DO				BILNH98X		
DO				BILNH98X	NHIFREQ	給藥途徑∕會診科別
DO				BILNH98X		
DO				BILNH98X		
DO				BILNH98X	AA0	保留１
DO				BILNH98X	BXLPARNO	分月代碼
DO	FEE_YM	FEE_YM	費用年月	BILNH97X	DISYYMM	費用年月
DO	APPL_TYPE	APPL_TYPE	申報類別	BILNH97X	BRELAY	申報類別
DO	HOSP_ID	HOSP_ID	醫事機構代號	BILNH97X		
DO	APPL_DATE	APPL_DATE	申報日期	BILNH97X		
DO	CASE_TYPE	CASE_TYPE	案件分類	BILNH97X	BCASEFLG	案件分類
DO	SEQ_NO	SEQ_NO	流水號	BILNH97X	SEQNO	流水編號
DO				BILNH97X	BIDNO	身分證字號
DO	ORDER_SEQ_NO	ORDER_SEQ_NO	醫令序號	BILNH97X	OESEQNO	醫令序
DO	ORDER_TYPE	ORDER_TYPE	醫令類別	BILNH97X	OETYP	醫令類別
DO	ORDER_CODE	ORDER_CODE	醫令代碼	BILNH97X	BORNHICD	醫令代碼（健保碼）
DO				BILNH97X	PFKEY	收費碼（本院碼）
DO				BILNH97X	CORDATE1	執行起日
DO				BILNH97X	BOROPTMB	執行起時
DO				BILNH97X	CORDATE2	執行迄日
DO				BILNH97X	BOROPTME	執行迄時
DO	RATE_TYPE	RATE_TYPE	支付成數	BILNH97X	BORPERT	支付成數
DO	ORDER_QTY	ORDER_QTY	醫令數量	BILNH97X	APPLYUSE	總量
DO	ORDER_PRICE	ORDER_PRICE	醫令單價	BILNH97X	CORNHPUN	單價（含兩位小數）
DO	ORDER_AMT	ORDER_AMT	醫令點數	BILNH97X	APPLYAMT	金額（不含小數）
DO				BILNH97X	BDGDOS	藥使用劑量
DO				BILNH97X		
DO				BILNH97X	NHIFREQ	給藥途徑∕會診科別
DO				BILNH97X		
DO				BILNH97X		
DO				BILNH97X	AA0	保留１
DO				BILNH97X	BXLPARNO	分月代碼
DO	FEE_YM	FEE_YM	費用年月	BILNH96X	DISYYMM	費用年月
DO	APPL_TYPE	APPL_TYPE	申報類別	BILNH96X	BRELAY	申報類別
DO	HOSP_ID	HOSP_ID	醫事機構代號	BILNH96X		
DO	APPL_DATE	APPL_DATE	申報日期	BILNH96X		
DO	CASE_TYPE	CASE_TYPE	案件分類	BILNH96X	BCASEFLG	案件分類
DO	SEQ_NO	SEQ_NO	流水號	BILNH96X	SEQNO	流水編號
DO				BILNH96X	BIDNO	身分證字號
DO	ORDER_SEQ_NO	ORDER_SEQ_NO	醫令序號	BILNH96X	OESEQNO	醫令序
DO	ORDER_TYPE	ORDER_TYPE	醫令類別	BILNH96X	OETYP	醫令類別
DO	ORDER_CODE	ORDER_CODE	醫令代碼	BILNH96X	BORNHICD	醫令代碼（健保碼）
DO				BILNH96X	PFKEY	收費碼（本院碼）
DO				BILNH96X	CORDATE1	執行起日
DO				BILNH96X	BOROPTMB	執行起時
DO				BILNH96X	CORDATE2	執行迄日
DO				BILNH96X	BOROPTME	執行迄時
DO	RATE_TYPE	RATE_TYPE	支付成數	BILNH96X	BORPERT	支付成數
DO	ORDER_QTY	ORDER_QTY	醫令數量	BILNH96X	APPLYUSE	總量
DO	ORDER_PRICE	ORDER_PRICE	醫令單價	BILNH96X	CORNHPUN	單價（含兩位小數）
DO	ORDER_AMT	ORDER_AMT	醫令點數	BILNH96X	APPLYAMT	金額（不含小數）
DO				BILNH96X	BDGDOS	藥使用劑量
DO				BILNH96X		
DO				BILNH96X	NHIFREQ	給藥途徑∕會診科別
DO				BILNH96X		
DO				BILNH96X		
DO				BILNH96X	AA0	保留１
DO				BILNH96X	BXLPARNO	分月代碼
OO	FEE_YM	FEE_YM	費用年月	ORDFAM00	YYYMM	申報年月（民國） YYYMM
OO	APPL_TYPE	APPL_TYPE	申報類別	ORDFAM00	APPLTYP	報帳方式
OO	HOSP_ID	HOSP_ID	醫事機構代號	ORDFAM00		
OO	APPL_DATE	APPL_DATE	申報日期	ORDFAM00		
OO	CASE_TYPE	CASE_TYPE	案件分類	ORDFAM00	ARNHMANO	案件分類
OO	SEQ_NO	SEQ_NO	流水號	ORDFAM00	ARNICNO1	報帳序號
OO	ORDER_TYPE	ORDER_TYPE	醫令類別	ORDFAM00	DDDFLAG	醫令類別
OO	DRUG_NO	DRUG_NO	葯品(項目)代號	ORDFAM00	ARNHICD	健保碼∕藥品碼∕特材
OO	DRUG_USE	DRUG_USE	葯品用量(診療部位)	ORDFAM00	ARNHDOSE	藥品用量
OO	DRUG_FRE	DRUG_FRE	葯品使用頻率(支付成數)	ORDFAM00	ARNHFQCY	藥品使用頻次
OO	UNIT_PRICE	UNIT_PRICE	單價	ORDFAM00	ARNHIFE	單價
OO	TOTAL_QTY	TOTAL_QTY	總量	ORDFAM00	ARNHIQTY	總量
OO	TOTAL_AMT	TOTAL_AMT	點數	ORDFAM00	ARNHIPF1	點數
OO	ORDER_SEQ_NO	ORDER_SEQ_NO	醫令序號	ORDFAM00	OESEQNO	醫令序
				ORDFAM00	ARNHPAID	身份證號
				ORDFAM00	RESERVE	保留欄位
				ORDFAM00	DRUGDAYS	該藥給藥天數
				ORDFAM00	ARNYESNO	發給連續處方簽
				ORDFAM00	ARNHROUT	藥品使用方式
				ORDFAM00	ARDDFLAG	資料類別
				ORDFAM00	PFCATG2	費用類別
				ORDFAM00	ARNHIPCD	本院費用碼
				ORDFAM00	ARNHPNAM	檢驗或藥物名稱
				ORDFAM00	ARNHIREQ	醫囑ＲＥＱ
				ORDFAM00	ARNHRX	０自１交調劑２
				ORDFAM00	ARNHADD	加成
				ORDFAM00	ARNHDENT	部位
OO	FEE_YM	FEE_YM	費用年月	ORDFAM01-06	YYYMM	申報年月（民國） YYYMM
OO	APPL_TYPE	APPL_TYPE	申報類別	ORDFAM01-06	APPLTYP	報帳方式
OO	HOSP_ID	HOSP_ID	醫事機構代號	ORDFAM01-06		
OO	APPL_DATE	APPL_DATE	申報日期	ORDFAM01-06		
OO	CASE_TYPE	CASE_TYPE	案件分類	ORDFAM01-06	ARNHMANO	案件分類
OO	SEQ_NO	SEQ_NO	流水號	ORDFAM01-06	ARNICNO1	報帳序號
OO	ORDER_TYPE	ORDER_TYPE	醫令類別	ORDFAM01-06	DDDFLAG	醫令類別
OO	DRUG_NO	DRUG_NO	葯品(項目)代號	ORDFAM01-06	ARNHICD	健保碼∕藥品碼∕特材
OO	DRUG_USE	DRUG_USE	葯品用量	ORDFAM01-06	ARNHDOSE	藥品用量
OO	DRUG_FRE	DRUG_FRE	葯品使用頻率	ORDFAM01-06	ARNHFQCY	藥品使用頻次
OO	UNIT_PRICE	UNIT_PRICE	單價	ORDFAM01-06	ARNHIFE	單價
OO	TOTAL_QTY	TOTAL_QTY	總量	ORDFAM01-06	ARNHIQTY	總量
OO	TOTAL_AMT	TOTAL_AMT	點數	ORDFAM01-06	ARNHIPF1	點數
OO	REL_MODE	REL_MODE	調劑方式	ORDFAM01-06	ARNHRX	０自１交調劑２
OO	EXE_S_DATE	EXE_S_DATE	執行時間-起	ORDFAM01-06		
OO	EXE_E_DATE	EXE_E_DATE	執行時間-迄	ORDFAM01-06		
OO	PAY_RATE	PAY_RATE	支付成數	ORDFAM01-06	ARNHADD	加成
OO	CURE_PATH	CURE_PATH	診療之部位	ORDFAM01-06	ARNHDENT	部位
				ORDFAM01-06	OESEQNO	醫令序
				ORDFAM01-06	ARNHPAID	身份證號
				ORDFAM01-06	RESERVE	保留欄位
				ORDFAM01-06	DRUGDAYS	該藥給藥天數
				ORDFAM01-06	ARNYESNO	發給連續處方簽
				ORDFAM01-06	ARNHROUT	藥品使用方式
				ORDFAM01-06	ARDDFLAG	資料類別
				ORDFAM01-06	PFCATG2	費用類別
				ORDFAM01-06	ARNHIPCD	本院費用碼
				ORDFAM01-06	ARNHPNAM	檢驗或藥物名稱
				ORDFAM01-06	ARNHIREQ	醫囑ＲＥＱ
CD	FEE_YM	FEE_YM	費用年月	DTLFAM00	YYYMM	申報年月（民國） YYYMM
CD	APPL_TYPE	APPL_TYPE	申報類別	DTLFAM00	APPLTYP	1: 送核 2: 補報
CD	HOSP_ID	HOSP_ID	醫事機構代號	DTLFAM00	HOSID2	醫院代號
CD	APPL_DATE	APPL_DATE	申報日期	DTLFAM00		
CD	CASE_TYPE	CASE_TYPE	案件分類	DTLFAM00	ARNHMANO	案件分類
CD	SEQ_NO	SEQ_NO	流水號	DTLFAM00		
CD	CURE_ITEM_NO1	CURE_ITEM_NO1	特定治療項目代號（一）	DTLFAM00	ARNHSUB1	特定治療項目代號（一）
