"COLNAME","LISTKEY","LISTVAL"
"PBC_PBCSEX","1$2$3$4$5$-9","M$F$H$T$U$DEFAULT"
"PBC_PBCFLAG","1$0$-9","Y$N$NA"
"PBC_PBSOURCE","0$1$2$3$4$-9"," 門$住$癌登$資訊$QA$NA"
"PBC_PBLATER","0$1$2$3$4$5$6$7$8$9$-9","0$1$2$3$4$5$6$7$8$9$DEFAULT"
"PBC_PATCLS01","1$0$-9","Y$N$DEFAULT"
"PBC_PATCLS02","1$2$3$5$7$8$9$-9","1$2$3$5$7$8$9$DEFAULT"
"PBC_PATCLS03","0$1$2$3$4$5$6$7$8$9$-8$-9","0$1$2$3$4$5$6$7$8$9$-8$DEFAULT"
"PBC_PDATAC01","1$0$-9","Y$N$DEFAULT"
"PBC_PCONF02","1$0$-9","Y$N$DEFAULT"
"PBC_PTRTST01","1$2$3$5$7$8$9$-8$-9","1$2$3$5$7$8$9$-8$DEFAULT"
"PBC_PTRTST02","1$0$-9","Y$N$DEFAULT"
"PBC_PAUDIT03","1$0$-9","Y$N$DEFAULT"
"PBC_PAUDIT04","1$2$3$4$5","審查中$審查完成(定版)$完成(定版)後修改$回覆中$結案"
"PBC_PAUDIT05","1$0$-9","Y$N$DEFAULT"
"PBC_PAUDIT06","1$0$-9","Y$N$DEFAULT"
"PBC_PBCLDTM1","-9$0$1$2$3","DEFAULT$精準$日不詳$月不詳$全不詳"
"PBC_PBCUDTM1","-9$0$1$2$3","DEFAULT$精準$日不詳$月不詳$全不詳"
"PBC_PBULTCDB","1$2$21$22$23$3$31$32$4$5$6$7$-8","處理中$已定版$邏輯偵測中$邏輯偵測有誤$待上傳$已上傳$上傳後修改$上傳後定版$定版後修改$非本國籍$10年前個案$已申報但本院未建檔$不上傳"
"PBC_PBORRSTUS","00$01$02$10$11$12","無資料，不在治療中(CISCASE 還沒產生CASESER)$無資料，治療中(CISCASE 產生CASESER)$無資料，治療中(CISCASE 產生CASESER)完成SSF初始化$有資料，不在治療中(CISCA 還沒產生CASESER,但無CTPSER)$有資料，治療中(CISCASE 還沒產生CASESER, 但有CTPSER)$有資料，維持性治療（荷爾蒙)"
"TCDB_BEHCODE","2$3$-9","(2) In situ and synonymous with in situ$(3) invasive$DEFAULT"
"TCDB_BPTGOSSG","0$1$2$3$4$5$6$7$8","0_無法確切判斷其他病理分期$1_臨床主責醫師$2_病理醫師$3_病理醫師和臨床主責醫師$4_癌症委員會成員、相關腫瘤科醫師或癌症登記顧問醫師$5_癌症登記師$6_癌症登記師和醫師$7_分期為外院所判斷$8_個案不適合做病理分期"
"TCDB_BSTGCOSG","0$1$2$3$4$5$6$7$8","0_無法確切判斷其他臨床分期$1_臨床主責醫師$2_影像醫師$3_影像醫師和臨床主責醫師$4_癌症委員會成員、相關腫瘤科醫師或癌症登記顧問醫師$5_癌症登記師$6_癌症登記師和醫師$7_分期為外院所判斷$8_個案不適合做臨床分期"
"TCDB_CANSS","1$2$9","(1) 沒有此一原發癌症存在的證據$(2) 臨床上有此一原發癌症的存在$(9) 未知/不確定此一原發癌症是否存在/病歷未記載"
"TCDB_CDS","1$2$3$5$7$8$-9","1_於申報醫院診斷$2_於他院診斷，因該癌症於首次療程內/未復發/復發狀況不明下，至申報醫院就診(首次療程定義詳見總論及編碼指引)$3_於他院診斷，因該癌症復發或惡化後，才至申報醫院就診$5_屍體解剖時才診斷為癌症$7_僅有病理檢查報告。個案未因診斷或治療癌症而到申報醫院。不包括由屍體解剖才診斷為癌症的個案$8_僅由死亡診斷證明書診斷為癌症$DEFAULT"
"TCDB_CHMOF","00$01$02$03$04$05$06$07$08$09$10$11$12$13$99","00_未接受化學治療，化學治療非首次療程的一部份；由屍體解剖時才診斷為癌症$01_接受全身性化學治療，且病歷未記載製劑及種類$02_接受全身性化學治療，且只有一種化學藥物$03_接受全身性化學治療，且超過一種以上的化學藥物$04_肝癌個案接受局部肝動脈栓圔化學治療(TACE)$05_肝癌個案接受局部肝動脈栓圔化學(TACE)及全身性化學治療$06_肝癌個案接受局部肝動脈栓圔化學(TACE)及其他局部性化學治療$07_肝癌個案接受局部肝動脈栓圔化學(TACE)、其他局部性及全身性化學治療$08_非肝癌個案接受局部性化學治療$09_非肝癌個案同時接受全身性及局部性化學治療$10_轉移性肝癌個案接受局部肝動脈栓圔化學治療(TACE)$11_轉移性肝癌個案接受局部肝動脈栓圔化學(TACE)及全身性化學治療$12_轉移性肝癌個案接受局部肝動脈栓圔化學治療(TACE)及其他局部性化學治療$13_轉移性肝癌個案接受局部肝動脈栓圔化學治療(TACE)、其他局部性及全身性化學治療$99_由於病歷沒有記載，所以不知道化學治療是否有被建議或是已經執行；僅由死亡證明書得知個案有癌症"
"TCDB_CHMTF","00$01$02$03$04$05$06$07$08$09$10$11$12$13$82$85$86$87$88$99","00_未接受化學治療，化學治療非首次療程的一部份；由屍體解剖時才診斷為癌症；個案選擇積極監測或予以密切觀察$01_接受全身性化學治療，且病歷未記載製劑及種類$02_接受全身性化學治療，且只有一種化學藥物$03_接受全身性化學治療，且超過一種以上的化學藥物$04_肝癌個案接受局部肝動脈栓塞化學治療(TACE)$05_肝癌個案接受局部肝動脈栓塞化學 (TACE)及全身性化學治療$06_肝癌個案接受局部肝動脈栓塞化學 (TACE)及其他局部性化學治療$07_肝癌個案接受局部肝動脈栓塞化學 (TACE)、其他局部性及全身性化學治療$08_非肝癌個案接受局部性化學治療$09_非肝癌個案同時接受全身性及局部性化學治療$10_轉移性肝癌個案接受局部肝動脈栓塞化學治療(TACE)$11_轉移性肝癌個案接受局部肝動脈栓塞化學(TACE)及全身性化學治療$12_轉移性肝癌個案接受局部肝動脈栓塞化學治療(TACE)及其他局部性化學治療$13_轉移性肝癌個案接受局部肝動脈栓塞化學治療(TACE)、其他局部性及全身性化學治療$82_化學治療因禁忌症或個案其他危險因素(併發症、年邁)或疾病進展而未建議或給予$85_化學治療是既定之首次療程計畫中的一部分，但因個案未接受治療前即死亡$86_化學治療雖然是既定之首次療程計畫中的一部分，未執行且病歷並未記載未執行的原因；或於他院執行化學治療$87_化學治療雖然是既定之首次療程計畫中的一部分，但未執行，且病歷記載個案或其家屬拒絕此項治療$88_化學治療雖是既定之首次療程計畫中的一部分，但摘錄時尚未執行$99_由於病歷沒有記載，所以不知道化學治療是否有被建議或是已經執行；僅由死亡證明書得知個案有癌症"
"TCDB_CISTCR21","1$2$3$4$5","手術$化學藥物治療$放射治療$期別$其他"
"TCDB_CLASS","0$1$2$3$5$7$8$9","0_申報醫院診斷，但未於申報醫院接受首次療程$1_申報醫院診斷，並於申報醫院接受全部或部份的首次療程$2_他院診斷，於申報醫院接受全部或部份的首次療程$3_他院診斷，未於申報醫院接受任何首次療程，因復發或持續癌症問題至申報醫院就診，或是僅於申報醫院接受委外部份放射治療，或僅執行維持性(maintenance)治療$5_屍體解剖時才診斷為癌症$7_僅有病理檢查報告。個案未因診斷或治療癌症而到申報醫院。不包括由屍體解剖才診斷為癌症的個案(不需申報)$8_僅由死亡診斷證明書診斷為癌症(不需申報)$9_不詳。病歷上未記載足以決定個案分類的資訊"
"TCDB_CLG","0$0A$0IS$1$1A$1A1$1A2$1B$1B1$1B2$1C$1S$2$2A$2A1$2A2$2B$2C$3$3A$3B$3C$3C1$3C2$4$4A$4A1$4A2$4B$4C$OC$888$999$BBB","0$0A$0IS$1$1A$1A1$1A2$1B$1B1$1B2$1C$1S$2$2A$2A1$2A2$2B$2C$3$3A$3B$3C$3C1$3C2$4$4A$4A1$4A2$4B$4C$Occultcancer$888 無合適的$999 不清楚或醫師未記錄$BBB (僅適用AJCC第七版個案)"
"TCDB_CLM","X$B$0$0B$1$1A$1B$1C$1D$1E$88$99","X (僅適用AJCC第六版個案)$b (僅適用AJCC第七版個案)$0$0 (i+)$1$1a$1b$1c$1d$1e$88_無合適的$99_醫師未記錄"
"TCDB_CLN","X$0$0A$0B$1$1A$1B$1C$2$2A$2B$2C$3$3A$3B$3C$4$88$99","X$0$0a$0b$1$1a$1b$1c$2$2a$2b$2c$3$3a$3b$3c$4$88_無合適的$99_醫師未記錄"
"TCDB_CLT","X$0$A$IS$ISU$ISD$1M$1$1A$1A1$1A2$1B$1B1$1B2$1C$1D$2$2A$2A1$2A2$2B$2C$2D$3$3A$3B$3C$3D$4$4A$4B$4C$4D$4E$888$999","X$0$a$is$ispu$ispd$1mi / 1mic$1$1a$1a1$1a2$1b$1b1$1b2$1c$1d$2$2a$2a1$2a2$2b$2c$2d$3$3a$3b$3c$3d$4$4a$4b$4c$4d$4e$888_無合適的$999_醫師未記錄"
"TCDB_CSB","0$1$2$3$4$5$6$7$8","0_無法確切判斷臨床期別組合$1_臨床主責醫師$2_影像醫師$3_影像醫師和臨床主責醫師$4_癌症委員會成員、相關腫瘤科醫師或癌症登記顧問醫師$5_癌症登記師$6_癌症登記師和醫師$7_期別組合為外院所判斷$8_個案不適合做臨床分期"
"TCDB_CSD","0$1$2$3$5$9","0_無$1_E-淋巴結外的(Extranodal)，淋巴癌個案適用$2_S-脾臟(Spleen)，淋巴癌個案適用$3_M-同一原發部位有多顆腫瘤$5_E&S-淋巴結外及脾臟的淋巴癌，淋巴癌個案適用$9_不詳；病歷上未記載"
"TCDB_CTS","0$1$2$3$4$5$6$7$8$9","0_未於申報醫院接受任何治療即死亡$1_僅於申報醫院接受首次療程(首次療程定義詳見總論及指引)，未於他院接受任何首次療程$2_未於申報醫院接受任何首次療程；主要癌症治療計畫由他院規劃$3_於申報醫院接受部分首次療程，也於他院接受部分首次療程；申報醫院委託他院執行部分放射治療$4_首次療程為不予治療或是再密切觀察(Watchfulobservation)$5_首次療程為另類治療$6_首次療程為個案拒絕治療$7_他院診斷及治療，因癌症或其治療的併發症至申報醫院求診(In-transitservicesforcare、suchaschemotherapyinducedleukopenicfever、tumorbleedingandetc.)$8_他院診斷個案，為了其他疾病至申報醫院求診。(不需申報)$9_首次療程不詳，也無法確認個案拒絕治療"
"TCDB_DATATYPE","1$2$3$4","完整$內審$外稽$舊資料"
"TCDB_DGNCON","1$2$3$4$5$5$6$7$8$9","1_組織病理學確診(Positive histology)$2_細胞學確診(Positive cytology)$3_組織病理學確診加上免疫遺傳(immunophenotyping) 陽性同時/或基因(genetic)檢測為陽性 [淋巴癌、血癌、其他血液腫瘤疾患。組織型態為M9590-9992]$4_經顯微鏡檢證實，但未描述其確診方式$5_實驗室檢驗/腫瘤標記檢查為陽性，但未經顯微鏡檢證實(Positive laboratory test/marker study) [實質腫瘤。所有腫瘤，組織型態為M9590-9992除外]$5_實驗室檢驗/腫瘤標記檢查為陽性(Positive laboratory test/marker study)或免疫遺傳(immunophenotyping) 陽性同時/或基因(genetic)檢測為陽性 [淋巴癌、血癌、其他血液腫瘤疾患。組織型態為M9590-9992]$6_直接察看診斷為癌症，但未經顯微鏡檢證實$7_放射線或其他影像學檢查診斷為癌症，但未經顯微鏡檢證實$8_僅臨床診斷(不包含5、6、7)$9_不清楚是否經顯微鏡檢證實"
"TCDB_DRINKBE","000$001$002$003$004$009$999","(000) 從未喝酒$(001) 已戒$(002) 偶爾喝(不論年數)$(003) 習慣性喝酒＜10年$(004) 習慣性喝酒≧10年$(009) 習慣性喝酒，但年數不詳$(999) 病歷未記載或不詳"
"TCDB_EBRTT","-9$-1$0$1$2$4$8$16$32$64","資料缺漏$體外放射治療儀器不明$無體外放射治療$二維或簡單電腦斷層定位$三維順形放射治療$強度調控放射治療$旋轉式強度調控放射治療$質子療法$影像導引放射治療$呼吸監控技術"
"TCDB_GDDIFN","1$2$3$4$5$6$7$8$B$9","1_Well differentiated; differentiated, NOS$2_Moderately differentiated; moderately well differentiated; intermediate differentiation$3_Poorly differentiated; dedifferentiated$4_Undifferentiated; anaplastic$5_T cell; T-precursor$6_B cell; pre-B; B-precursor$7_Null cell; non T-non B$8_NK (natural killer) cell$B_[For Ovary borderline tumor] Ovary borderline tumor (Low malignant potential) 合併intraepithelial carcinoma或/及microinvasion. [For Colon-Rectum tumor] Colon-Rectum High grade dysplasia (severe dysplasia).$9_[For Use in All Histologies] 分化/分級不明、病歷未記載或不適用；High grade dysplasia (adenocarcinoma in situ) (Colon-Rectum除外)"
"TCDB_HOMSTOF","00$01$99","00_未接受荷爾蒙/類固醇治療，荷爾蒙/類固醇治療非首次療程的一部份；由屍體解剖時才診斷為癌症$01_在首次療程中有接受荷爾蒙/類固醇治療；血液惡性腫瘤自確定診斷日起接受類固醇治療，不論是否併用化學藥物$99_由於病歷未記載，所以不知道是否荷爾蒙/類固醇治療有被建議或是已經執行；僅由死亡證明書得知個案有癌症"
"TCDB_HOMSTTF","00$01$82$85$86$87$88$99","00_未接受荷爾蒙/類固醇治療，荷爾蒙/類固醇治療非首次療程的一部份；由屍體解剖時才診斷為癌症；個案選擇積極監測或予以密切觀察$01_在首次療程中有接受荷爾蒙/類固醇治療；血液惡性腫瘤自確定診斷日起接受類固醇治療，不論是否併用化學藥物$82_荷爾蒙/類固醇治療因禁忌症或個案其他危險因素(併發症、年邁)或疾病進展而未建議或給予$85_荷爾蒙/類固醇治療是既定之首次療程計畫中的一部分，但因個案未接受治療前即死亡$86_荷爾蒙/類固醇治療雖然是既定之首次療程計畫中的一部分，未執行且病歷也未記載未執行的原因；或於他院執行荷爾蒙/類固醇治療$87_荷爾蒙/類固醇治療雖然是既定之首次療程計畫中的一部分，但未執行，且病歷記載個案或其家屬拒絕此項治療$88_荷爾蒙/類固醇治療雖然是既定之首次療程計畫中的一部分，但摘錄時尚未執行$99_由於病歷未記載，所以不知道是否荷爾蒙/類固醇治療有被建議或是已經執行；僅由死亡證明書得知個案有癌症"
"TCDB_HOSCODE","601160016","臺北榮民總醫院"
"TCDB_HTAEP","00$10$11$12$20$21$22$25$30$40$50$82$85$86$87$88$99","00_未接受處置/此處置非首次療程的一部份/由屍體解剖時才診斷為癌症/個案選擇積極監測或予以密切觀察$10_有骨髓移植，但病歷上未註明是自體或是異體骨髓移植$11_自體骨髓移植$12_異體骨髓移植$20_有幹細胞治療，但病歷上未註明是自體/異體幹細胞治療或臍帶幹細胞移植$21_自體幹細胞治療$22_異體幹細胞治療$25_臍帶幹細胞移植$30_接受手術/放射線之內分泌處置$40_合併手術/放射線之內分泌處置及骨髓移植/幹細胞治療(即編碼30合併編碼10-12、20-22或25中任何一種治療)$50_外院骨髓/幹細胞移植/內分泌處置$82_此處置因禁忌症或個案其他危險因素(併發症、年邁)或疾病進展而未建議或給予$85_此處置是既定之首次療程計畫中的一部分，但因個案未接受治療前即死亡$86_此處置雖然是申報醫院既定之首次療程計畫中的一部分，未執行且病歷並未記載未執行的原因$87_此處置雖然是既定之首次療程計畫中的一部分，但未執行，且病歷記載個案或其家屬拒絕此項治療$88_此處置雖然是既定之首次療程計畫中的一部分，但摘錄時尚未執行$99_病歷未記載，故不知是否此處置有被建議或是已執行/僅由死亡證明書得知個案有癌症"
"TCDB_IMAOF","00$01$99","00_未接受免疫治療，免疫治療非首次療程的一部份；由屍體解剖時才診斷為癌症$01_在首次療程中有接受免疫治療$99_不清楚個案是否有接受免疫治療，病歷資料中並沒有提供是否有建議接受免疫治療；僅由死亡證明書得知個案有癌症"
"TCDB_IMATF","00$01$82$85$86$87$88$99","00_未接受免疫治療，免疫治療非首次療程的一部份；由屍體解剖而診斷為癌症；個案選擇積極監測或予以密切觀察$01_在首次療程中有接受免疫療法$82_免疫治療因禁忌症或個案其他危險因素(併發症、年邁)或疾病進展而未建議或給予$85_免疫治療是既定之首次療程計畫中的一部分，但因個案未接受治療前即死亡$86_免疫治療雖然是既定之首次療程計畫中的一部分，未執行且病歷並未記載未執行的原因；或於他院執行免疫治療$87_免疫治療雖然是既定之首次療程計畫中的一部分，但未執行，且病歷記載個案或其家屬拒絕此項治療$88_免疫治療雖然是既定之首次療程計畫中的一部分，但摘錄時尚未執行$99_由於病歷未記載，所以不知道是否免疫治療有被建議或是已經執行；僅由死亡證明書得知個案有癌症"
"TCDB_INSOFRT","0$1$2$3$4$5$6$7$8$9","0_個案未做放射治療$1_個案僅於申報醫院接受放射治療，未於他院接受任何放射治療$2_個案於申報醫院接受區域放射治療後，在國內其他醫院接受追加放射治療$3_個案在國內其他醫院接受區域放射治療後，在申報醫院接受追加放射治療$4_個案在國內其他醫院接受所有的放射治療$5_個案在申報醫院接受區域放射治療後，在其他國外醫院接受追加放射治療$6_個案在國外其他醫院接受區域放射治療後，在申報醫院接受追加放射治療$7_個案在國外其他醫院接受所有的放射治療$8_其它$9_不詳"
"TCDB_LATLITY","0$1$2$3$4$5$9","0_不是成對器官$1_原發起源位在右側$2_原發起源位在左側$3_只有單側侵犯，但起源於左側或右側則不清楚。$4_雙側侵犯但起源之側位不清楚，且病歷描述是單一原發$5_成對器官，位於身體中線的腫瘤$9_成對器官，但其側位不清楚"
"TCDB_ORTMOD","-9$-1$0$2$4$8$32$64","不知道/無資料$有其他特殊放射治療，詳情不明$無其他特殊放射治療$放射手術$近距放射治療$放射線同位素治療$其他帶電荷粒子或中子治療機$硼捉中子治療"
"TCDB_OTHSTG","00$01$02$06$07$09$10","00_無其他分期系統$01_FIGO$02_MAC stage$06_BCLC (Barcelona Clinic Liver Cancer Staging System)$07_Small Cell Lung Cancer Classification$09_Durie-Salmon Staging System (DSS)$10_Rai System"
"TCDB_PAM","X$0$B$1$1A$1B$1C$1D$1E$C$CA$CB$CC$CD$CE$88$99","X (僅適用AJCC第六版個案)$0 (僅適用AJCC第六版個案)$B (僅適用AJCC第七版個案)$1$1a$1b$1c$1d$1e$C (手術中或手術後發現但未有病理證實的M1)$CA (手術中或手術後發現但未有病理證實的M1a)$CB (手術中或手術後發現但未有病理證實的M1b)$CC (手術中或手術後發現但未有病理證實的M1c)$CD (手術中或手術後發現但未有病理證實的M1d)$CE (手術中或手術後發現但未有病理證實的M1e)$88_無合適的$99_醫師未記錄"
"TCDB_PAN","X$0$0A$0B$0C$0D$1$1A$1B$1C$1M$2$2A$2B$2C$3$3A$3B$3C$88$99","X$0$0(i-)$0(i+)$0(mol-)$0(mol+)$1$1a$1b$1c$1mi$2$2a$2b$2c$3$3a$3b$3c$88_無合適的$99_醫師未記錄"
"TCDB_PAT","X$0$A$IS$ISU$ISD$1M$1$1A$1A1$1A2$1B$1B1$1B2$1C$1D$2$2A$2A1$2A2$2B$2C$2D$3$3A$3B$3C$3D$4$4A$4B$4C$4D$4E$888$999","X$0$a$is$ispu$ispd$1mi / 1mic$1$1a$1a1$1a2$1b$1b1$1b2$1c$1d$2$2a$2a1$2a2$2b$2c$2d$3$3a$3b$3c$3d$4$4a$4b$4c$4d$4e$888_無合適的$999_醫師未記錄"
"TCDB_PCATF","0$1$2$3$4$5$6$7$7$9","0_個案未接受緩和照護；屍體解剖時才診斷為癌症$1_接受以減輕症狀為目的，而非為了診斷、分期或治療所進行之手術(可包括bypass繞道手術)$2_僅接受以減輕症狀為目的，而非為了診斷、分期或治療所進行之放射治療$3_僅接受以減輕症狀為目的，而非為了診斷、分期或治療所進行之化學治療、荷爾蒙治療或其他全身性藥物治療$4_僅接受或轉介疼痛治療，並未接受其他緩和照護$5_編碼1、2及3任二項或二項以上但不包括4$6_編碼1、2及3任一項或一項以上且包括4$7_有接受或轉介緩和照護，但在病歷中未提及緩和照護的型式$7_無法歸類於編碼1－6的緩和照護、安寧療護或輸血$9_不確定是否曾接受或轉介緩和照護；病歷未記載"
"TCDB_PSB","0$1$2$3$4$5$6$7$8","0_無法確切判斷病理期別組合$1_臨床主責醫師$2_病理醫師$3_病理醫師和臨床主責醫師$4_癌症委員會成員、相關腫瘤科醫師或癌症登記顧問醫師$5_癌症登記師$6_癌症登記師和醫師$7_期別組合為外院所判斷$8_個案不適合做病理分期"
"TCDB_PSD","0$1$2$3$4$5$6$9","0_無$1_E-淋巴結外的(Extranodal)，淋巴癌個案適用$2_S-脾臟(Spleen)，淋巴癌個案適用$3_M-同一原發部位有多顆腫瘤$4_Y-首次治療期間或治療後進行的病理分期$5_E&S-淋巴結外及脾臟的淋巴癌，淋巴癌個案適用$6_M&Y-多原發腫瘤併首次治療期間進行之病理分期$9_不詳；病歷上未記載"
"TCDB_PSG","0$0A$0IS$1$1A$1A1$1A2$1B$1B1$1B2$1C$1S$2$2A$2A1$2A2$2B$2C$3$3A$3B$3C$3C1$3C2$4$4A$4A1$4A2$4B$4C$OC$888$999$BBB","0$0A$0IS$1$1A$1A1$1A2$1B$1B1$1B2$1C$1S$2$2A$2A1$2A2$2B$2C$3$3A$3B$3C$3C1$3C2$4$4A$4A1$4A2$4B$4C$Occultcancer$888 無合適的$999 不清楚或醫師未記錄$BBB (僅適用AJCC第七版個案)"
"TCDB_RFNRT","0$1$2$5$6$7$8$9","0_個案於申報醫院接受首次療程的放射治療；個案僅於外院接受放射治療且無外院相關資料$1_放射治療不是既定之首次療程計畫中的一部分$2_因禁忌症或個案其他危險因素(併發症、年邁)或疾病進展而未建議或給予放射治療$5_放射治療是既定之首次療程計畫中的一部分，但因個案未接受前即死亡$6_放射治療是既定之首次療程計畫中的一部分，未執行且病歷也未記載未執行的原因；或於他院執行放射治療$7_放射治療是既定之首次療程計畫中的一部分，但病歷記載個案或其家屬拒絕放射治療$8_放射治療雖是既定之首次療程計畫中的一部分，但摘錄時尚未執行$9_由於病歷未記載，所以不知道放射治療是否有被建議或是已經執行；個案是在死後解剖後才診斷癌症、或僅由死亡證明書得知個案有癌症"
"TCDB_RNSOFS","0$1$2$5$6$7$8$9$-9","0_個案在首次療程中接受手術治療$1_手術治療不是既定之首次療程計畫中的一部分；個案選擇積極監測或予以密切觀察$2_手術治療因禁忌症或個案其他危險因素(併發症、年邁)或疾病進展而未建議或給予$5_手術治療是既定之首次療程計畫中的一部分，但因個案未接受前即死亡$6_手術治療雖然是既定之首次療程計畫中的一部分，未執行且病歷也未記載未執行的原因；或於他院執行手術治療$7_手術治療雖然是既定之首次療程計畫中的一部分，但病歷記載個案或其家屬拒絕$8_手術治療雖然是既定之首次療程計畫中的一部分，但摘錄時尚未執行$9_由於病歷未記載，所以不知道原發腫瘤手術是否有被建議或是已經執行；個案由屍體解剖而診斷為癌症；僅由死亡證明書得知個案有癌症$DEFAULT"
"TCDB_RTMOD","-9$-1$0$1$2$4$8$16$32$64","不知道/無資料$有放射治療，詳情不明$無放射治療$一般體外放射治療$放射手術$近距放射治療$放射線同位素治療$質子治療機$其他帶電荷粒子或中子治療機$硼捉中子治療(BNCT)"
"TCDB_RTTSUM","-9$-1$0$1$2$4$8$16$32","不知道/無資料$放射治療，未明示範圍；放射線內分泌處置$無放射治療$T原發腫瘤$N區域淋巴結$M遠端轉移$廣泛淋巴區域$全身/全骨髓$全身皮膚"
"TCDB_SDSPOF","00$01$02$03$04$05$06$07$09$10$11$12$13$14$-9","00_未進行診斷性或分期性的手術處置$ 01_對原發腫瘤以外的部位進行切片檢查(包括incisional、needle或aspiration等方式)，未進行探查式處置(exploratory procedure)$ 02_對於原發腫瘤進行切片檢查(包括incisional、needle或aspiration等方式)$ 03_僅進行手術探查，但在過程中未進行切片檢查或治療$ 04_進行外科繞道手術(bypass)，但在過程中未進行切片檢查$ 05_進行探查式處置(exploratory procedure)，對於原發腫瘤及原發腫瘤以外的部位皆進行切片檢查(包括incisional、needle或aspiration等方式)$ 06_進行外科繞道手術(bypass)，對於原發腫瘤及原發腫瘤以外的部位皆進行切片檢查(包括incisional、needle或aspiration等方式)$ 07_進行診斷性或/及分期性的手術處置，但方式不詳$ 09_不清楚是否有進行診斷性或分期性的手術處置$ 10_對於原發腫瘤及原發腫瘤以外的部位皆進行切片檢查(包括incisional、needle或aspiration等方式)$ 11_進行探查式處置(exploratory procedure)，對原發腫瘤以外的部位進行切片檢查(包括incisional、needle或aspiration等方式)$ 12_進行探查式處置(exploratory procedure)，對於原發腫瘤進行切片檢查(包括incisional、needle或aspiration等方式)$ 13_進行外科繞道手術(bypass)，對原發腫瘤以外的部位進行切片檢查(包括incisional、needle或aspiration等方式)$ 14_進行外科繞道手術(bypass)，對於原發腫瘤進行切片檢查(包括incisional、needle或aspiration等方式)$DEFAULT"
"TCDB_SDSPTF","00$01$02$03$04$05$06$07$09$10$11$12$13$14$-9","00_未進行診斷性或分期性的手術處置$ 01_對原發腫瘤以外的部位進行切片檢查(包括incisional、needle或aspiration等方式)，未進行探查式處置(exploratory procedure)$ 02_對於原發腫瘤進行切片檢查(包括incisional、needle或aspiration等方式)$ 03_僅進行手術探查，但在過程中未進行切片檢查或治療$ 04_進行外科繞道手術(bypass)，但在過程中未進行切片檢查$ 05_進行探查式處置(exploratory procedure)，對於原發腫瘤及原發腫瘤以外的部位皆進行切片檢查(包括incisional、needle或aspiration等方式)$ 06_進行外科繞道手術(bypass)，對於原發腫瘤及原發腫瘤以外的部位皆進行切片檢查(包括incisional、needle或aspiration等方式)$ 07_進行診斷性或/及分期性的手術處置，但方式不詳$ 09_不清楚是否有進行診斷性或分期性的手術處置$ 10_對於原發腫瘤及原發腫瘤以外的部位皆進行切片檢查(包括incisional、needle或aspiration等方式)$ 11_進行探查式處置(exploratory procedure)，對原發腫瘤以外的部位進行切片檢查(包括incisional、needle或aspiration等方式)$ 12_進行探查式處置(exploratory procedure)，對於原發腫瘤進行切片檢查(包括incisional、needle或aspiration等方式)$ 13_進行外科繞道手術(bypass)，對原發腫瘤以外的部位進行切片檢查(包括incisional、needle或aspiration等方式)$ 14_進行外科繞道手術(bypass)，對於原發腫瘤進行切片檢查(包括incisional、needle或aspiration等方式)$DEFAULT"
"TCDB_SEQRTSUG","-9$-8$-7$-6$-1$0$1$2$4","資料缺漏$未手術$不需比較順序$有兩次以上原發部位或區域淋巴結手術，無法決定順序$順序未明$無放射治療$手術前放射治療$手術中放射治療$手術後放射治療"
"TCDB_SEQTPSYS","-9$-8$-7$-1$0$1$2$4","資料缺漏$無區域治療$局部性藥物治療$順序未明；全身性治療為最主要的療法$無藥物治療$導引/前導性輔助療法$同步療法$輔助療法"
"TCDB_SEX","1$2$3$4$9","(1) 男性$(2) 女性$(3) 其他，例如：雙性人(hermaphrodite)$(4) 變性人$(9) 不詳或在病歷上未記載"
"TCDB_SMTPS","0$1$2$3$7$8$A$B$9","0_無殘存的癌細胞$1_有殘存的癌細胞，其他更詳細的情形則不清楚$2_僅在顯微鏡(microscope)下才可看到殘存的癌細胞$3_病理報告描述肉眼(gross)下即可以看到殘存的惡性腫瘤$7_手術邊緣的狀態無法評估$8_未針對原發腫瘤進行手術$A_手術紀錄有殘存癌細胞$B_手術紀錄及病理報告描述皆有殘存癌細胞$9_不詳或不適用"
"TCDB_SOUFU","1$2$3$4$7$8$9","1_再次住院$2_門診複查、急診留觀$3_追蹤信回信$4_電話追蹤$7_比對衛生署統計處全國死亡電腦資料$8_院外或科際資料交換$9_其他"
"TCDB_SPOSATF","0$1$2$3$4$5$9","0_未切除原發腫瘤外的部位$1_有切除原發腫瘤外的部位$2_有切除原發腫瘤外的部位，且此部位是屬於區域性的$3_有切除原發腫瘤外的部位，且此部位是屬於遠端淋巴結$4_有切除原發腫瘤外的部位，且此部位是屬於遠端部位$5_上列手術術式編碼2或3或4的任一組合$9_不詳"
"TCDB_SPOSOF","0$1$2$3$4$5$9","0_未切除原發腫瘤外的部位$1_有切除原發腫瘤外的部位$2_有切除原發腫瘤外的部位，且此部位是屬於區域性的$3_有切除原發腫瘤外的部位，且此部位是屬於遠端淋巴結$4_有切除原發腫瘤外的部位，且此部位是屬於遠端部位$5_上列手術術式編碼2或3或4的任一組合$9_不詳"
"TCDB_SRLNSOF","0$1$2$3$4$5$6$7$9","0_未進行區域淋巴結處置$1_執行區域淋巴結切片或抽吸$2_執行哨兵淋巴結取樣$3_執行區域淋巴結移除，但移除數目不清楚或未敘述$4_移除1-3顆區域淋巴結$5_移除4顆以上區域淋巴結$6_哨兵淋巴結取樣和編碼3、4、或5的術式同時執行，或執行時間未記錄$7_哨兵淋巴結取樣和編碼3、4、或5的術式在不同時間進行$9_不詳或不適用"
"TCDB_SRLNSTF","0$1$2$3$4$5$6$7$9","0_未進行區域淋巴結處置$1_執行區域淋巴結切片或抽吸，其他更詳細的情形則不清楚$2_執行哨兵淋巴結取樣$3_執行區域淋巴結移除，但移除數目不清楚或未敘述$4_移除1-3顆區域淋巴結$5_移除4顆以上區域淋巴結$6_哨兵淋巴結取樣和編碼3、4、或5的術式同時執行，或執行時間未記錄$7_哨兵淋巴結取樣和編碼3、4、或5的術式在不同時間進行$9_不詳或不適用"
"TCDB_TMSIZE","000$989$990$991$992$993$994$995$998$999","000_未發現腫瘤$989_≧989mm$990_僅由顯微鏡觀察見到微小病灶(microscopicfocusorfocionly)，未記載腫瘤大小$991_描述為＜1cm$992_描述為＜2cm或＞1cm或介於1cm至2cm之間$993_描述為＜3cm或＞2cm或介於2cm至3cm之間$994_描述為＜4cm或＞3cm或介於3cm至4cm之間$995_描述為＜5cm或＞4cm或介於4cm至5cm之間$998_特定腫瘤侵犯情形，詳見前述編碼指引$999_大小不詳/未描述大小/病歷未記載/不適用"
"TCDB_TOCTVH","-9$-1$0$1$2$4$8$16$32","不知道/無資料$體外放射治療，未明示範圍；放射線內分泌處置$無體外放射治療$T原發腫瘤$N區域淋巴結$M遠端轉移$廣泛淋巴區域$全身/全骨髓$全皮膚"
"TCDB_TOCTVL","-9$-1$0$1$2$4$8$16$32","不知道/無資料$放射治療，未明示範圍；放射線內分泌處置$無體外放射治療$T原發腫瘤$N區域淋巴$M遠端轉移$廣泛淋巴區域$全身/全骨髓$全皮膚"
"TCDB_TOFR","00$04$06$10$13$14$15$16$17$20$21$22$25$26$27$30$36$40$46$51$52$53$54$55$56$57$58$59$60$62$70$88$99","00_個案治療後disease-free且沒有復發$04_侵襲癌以原位癌的形式復發$06_原位癌以原位癌的形式復發$10_局部復發，且無足夠的資訊可供編碼為13-17。局部復發是指復發在原發器官的殘存組織、在原發器官、在吻合處、或之前器官所在處的疤痕組織$13_侵襲癌於局部復發$14_侵襲癌於套管處(trocar)復發。包括在套管的路徑上或之前手術切開處(entrance site)上復發$15_侵襲癌同時於局部(編碼13)及套管處(編碼14)復發$16_原位癌於局部復發，其他未詳細描述$17_原位癌同時於局部及套管處復發$20_區域性復發，且無足夠資訊可供編碼為21-27。$21_侵襲癌僅於鄰近組織或器官復發$22_侵襲癌僅於區域淋巴結復發$25_侵襲癌同時於鄰近組織或器官(編碼21)及區域淋巴結復發(編碼22)$26_原位癌於區域性復發，其他未詳細描述$27_原位癌同時於鄰近組織或器官以及區域淋巴結復發$30_侵襲癌之復發以下二組編碼中各一種復發型式之組合：<1>鄰近組織/器官或區域淋巴結復發(編碼20-25) <2>局部、先前手術套管處或是手術切開處復發(編碼10,13-15)$36_原位癌之復發以下二組編碼中各一種復發型式之組合：<1>鄰近組織/器官或區域淋巴結復發(編碼26-27) <2>局部、先前手術套管處或是手術切開處復發(編碼16-17)$40_遠端復發，且無足夠資訊可供編碼為46-62。$46_原位癌於遠端復發$51_侵襲癌僅於腹膜(peritoneum)發生遠端復發，或腹水呈現惡性細胞$52_侵襲癌僅於肺臟(包括visceral pleura)發生遠端復發$53_侵襲癌僅於pleura發生遠端復發，或肋膜滲液呈現惡性細胞$54_侵襲癌僅於肝發生遠端復發$55_侵襲癌僅於骨骼發生遠端復發，但原發部位的骨骼除外$56_侵襲癌僅於CNS(包括brain和spinalcord，但externaleye除外)發生遠端復發$57_侵襲癌僅於皮膚發生遠端復發，但原發部位的皮膚除外$58_侵襲癌僅於遠端淋巴結復發，請參考各癌症別遠端淋巴結的定義$59_侵襲癌僅發生全身性(systemic)遠端復發，包括lymphoma、leukemia、bonemarrowmetastasis、carcinomatosis或generalizeddisease等$60_侵襲癌之復發為以下二組編碼中各一種復發型式之組合：<1>單一或多處遠端部位復發 <2>局部或區域復發(編碼10-15、20-25或30)$62_侵襲癌於多處遠端部位復發$70_個案癌症確診後從未disease-free過 (診斷為癌症時即已有遠端轉移/全身性癌症/原發部位不清楚/癌症情況不嚴重尚未加以治療)$88_癌症有復發，但復發型式不詳$99_不確定癌症是否曾復發或曾disease-free過"
"TCDB_TOHRT","-9$-1$0$1$2$4$8$16$32","不知道/無資料$其他特殊放射治療，未明示範圍$無其他特殊放射治療$T原發腫瘤$N區域淋巴結$M遠端轉移$廣泛淋巴區域$全身/全骨髓$全皮膚"
"TCDB_TTAOF","00$01$99","00_未接受標靶治療，標靶治療非首次療程的一部份；由屍體解剖時才診斷為癌症$ 01_在外院的首次療程中有接受標靶治療$ 99_不清楚個案是否有接受標靶治療，病歷資料中並沒有提供是否有建議接受標靶治療；僅由死亡證明書得知個案有癌症"
"TCDB_TTTF","00$01$82$85$86$87$88$99","00_未接受標靶治療，標靶治療非首次療程的一部份；由屍體解剖時才診斷為癌症；個案選擇積極監測或予以密切觀察$01_在申報醫院的首次療程中有接受標靶治療$82_標靶治療因禁忌症或個案其他危險因素(併發症、年邁)或疾病進展而未建議或給予$85_標靶治療是既定之首次療程計畫中的一部分，但因個案未接受治療前即死亡$86_標靶治療雖然是既定之首次療程計畫中的一部分，未執行且病歷並未記載未執行的原因；或於他院執行標靶治療$87_標靶治療雖然是既定之首次療程計畫中的一部分，但未執行，且病歷記載個案或其家屬拒絕此項治療$88_標靶治療雖然是既定之首次療程計畫中的一部分，但摘錄時尚未執行$99_不清楚個案是否有接受標靶治療，病歷資料中並無提供是否有建議接受標靶治療；僅由死亡證明書得知個案有癌症"
"TCDB_VITSS","1$0$2$-9","(1) 存活 $(0) 死亡 $(2) 死亡，且死亡日期不詳（最後連絡時仍存活）$DEFAULT"
"TKB_PATSEX", "1$2", "Male$Female"
"TKB_YPATHO1", "1$0", "有$無"
"TKB_PGRFLG", "1$2", "單科:1--非癌症 (nonCancer)(第一階段不會有1的資料)$多專科(MDT):2--癌症 (MDT)"
"TKB_TKBIDF", "0$1", "非癌症個案會議$癌症個案會議"
"TKB_PGROUP4", "1$2", "單科團隊名稱$多專科會議分類群組"
"TKB_TKBCLASS", "1$2$3$4", "新個案 (new case)$舊個案 (old case)$疑似個案 (unknown case)$其他 (others)"
"TKB_TKBTIME", "1$2$3$4", "確診前 (pre-diagnosis)$任何治療前 (pre-treatment)$手術後、術後輔助治療前 (pre-adjuvant care)$藥物、放射或其他治療開始後 (post-treament)"
"TKB_TKBTYPE", "1$2$3$4$5$6$7$8$9", "新診斷 (new dianosis)$舊病灶惡化 (progression disease)$新復發 (relapse)$副作用 (side effect)$併發症 (complication)$重大診療事件 (major issue)$追加討論$其他 (others)$疑復發(20120208新增)"
"TKB_CTPFLAG", "00$01$02$-9", "無/(none)$有(有新診斷N、無復發R)/(N-1)$有(有新診斷N、有復發R)/(N-2)$DEFAULT"
"TKB_METTYPE", "1$2$-9", "必要討論/(required)$非必要討論/(non-required)$DEFAULT"
"TKB_TKBRIDF", "0$1$2$3$4", "未接收$已接收$會議終止$CIS 已轉入稽核 (表示有連動處理)$CIS 病人狀態有變動. (teamKube 接收後, 會回寫1) Rule: 值為 (2, 3)時或該資料在 teamKkube已終止時,不允許異動."
"TNM_UNKNKB", "0$1$2", "期別是否不詳或不適用$病人首次診斷及治療皆在院外，期別不詳或無法確認$不適用 TNM 期別"
"TNM_TNMVER", "7$8$NA", "7$8$NA"
"TNM_OTHSTAGE", "1$0$-9", "YES$NO$DEFAULT"
"TNM_RECHECK", "1$2$3$-9", "無誤$有疑慮，待討論$錯誤已修正$DEFAULT"
"CTP_CTPTSTP", "00$01$0R$02$0D$10$11$12$13$20$21$22$23$24$25$2R$2E$2D$30$31$32$33$34$3D$3E$40$41", "未執行，等待執行 $未執行，病人失聯 $未執行，病人拒絕 $未執行，醫師改變計畫 $未執行，病人未執行即死亡 $執行中，無中斷 $執行中，曾暫時中斷 $執行中，目前暫時中斷 $執行中，目前在他院接受後續治療 $執行結束 (無後續治療)，新輔助藥物療法或手術前放射治療之效果不盡理想 $執行結束 (無後續治療)，手術結果不盡理想 (例如無法切除) $執行結束 (無後續治療)，毒性副作用 $執行結束 (無後續治療)，併發症 $執行結束，癌病惡化 $執行結束，本療程有新的治療計畫書替代 $執行結束，病人拒絕部分或全部治療，但原因不在上列 $執行結束，其他 $執行結束，病人未完成治療即死亡 $執行結束，順利完成（可以仍有後續維持性藥物治療，例如乳癌荷爾蒙治療） $執行結束，有延後完成 $執行結束，藥物或放射劑量有調整 $執行結束，藥物或放射劑量有調整且有延後完成 $執行結束，已確認病人在他院後續治療完成 $執行結束，三十天內病人死亡 $執行結束，有額外治療 $執行結束，紙本掃描由系統更新完成 $執行結束，持續積極觀察"
"CTP_CTPPRSTUS", "0$1$2$3", "否 $已完成，但未印出PDF $已完成，且已印出PDF $Scanner PDF"
"CTP_CASETYPE", "1$2$3$4$-9", "新診斷首次療程 $舊診斷 $動態新增 新診斷首次療程 $動態新增 舊診斷 $DEFAULT"
"CTP_NEWCASET", "1$2$-9", "即時治療$非即時治療$DEFAULT"
"CTP_OLDCASE1", "1$0$-9", "Y$N$DEFAULT"
"CTP_OLDCASE2", "1$0$-9", "Y$N$DEFAULT"
"CTP_DYNAMICA", "1$2$3$4$5$-9", "階段性治療$治療毒性$併發症$會議結論$療效不彰$DEFAULT"
"CTP_TREGOAL", "1$2$3$4$-9", "RADICAL$ PALLIATIVE$ ACTIVE SURVEILLANCE (WATCHFUL WAITING)$ BEST SUPPORTIVE CARE OR HOSPICE$ DEFAULT"
"CTP_TREGUIDS", "1$2$3$-9", "VGH治療$ NCCN$ 其他$ DEFAULT"
"CTP_STUCASE", "1$0$-9", "Y$N$DEFAULT"
"CTP_STOPSTEP", "1$2$3$4$5$6$-9", "診斷$ 檢查及期別判斷$ 執行(首次)治療$ 癌症治療摘要$ 追蹤$ 目前狀況$ DEFAULT"
"CTP_CTPSTEP", "N$C$R$S$T", "新登案 $階段性治療改變 $復發 $轉移 $中斷治療"
"CTP_FOLLOWUP", "1$2$3$-9", "無後續治療$ 有後續治療$ 視本治療結果而定$ DEFAULT"
"CTP_FOLLOWPS", "1$2$-9", "後續治療計畫負責人，指定給特定會診科別或醫師$由個管師分派$DEFAULT"
"CTP_OEVT", "1$0$-9", "Y$N$DEFAULT"
"CTP_GUID", "1$0$-9", "Y$N$DEFAULT"
"CTP_GUIDOT", "1$0$-9", "Y$N$DEFAULT"