#資料表名稱,TYPE,資料庫名稱,資料表格說明,"系統組
#資料轉出(哲斯)","系統組
#已授權(雙安)","發展組
#轉入研究資料庫(原嘉)","資料市集
#HCC",其它說明
ACADOC,T,DBPAS01,A咖醫師資料,V,V,V,V,
ACAHIST,T,DBPAS01,A咖病歷資料,V,V,V,V,
ACUPDRUG,T,DBDCR02,中醫門診每日處方資料檔,V,V,V,V,
ADIHEAD,T,DBADM01,住院病歷基本資料檔,V,V,V,V,
ADISECT,T,DBADM01,各科代碼及對照中文名稱檔,V,V,V,,
ADITAIL,T,DBADM01,住院病歷明細資料檔,V,V,V,V,
ADOIMAGE,T,DBADM01,電子病歷成圖影像檔,,,,,
ADOIMAIF,T,DBADM01,電子病歷成圖資料檔,V,V,V,V,
ADOKEYID,T,DBADM01,住院病歷影像檔KEY,V,V,,,資料0筆
ADRASSIG,T,DBADR01,案件審核分配表,V,V,V,V,
ADRCOMMI,T,DBADR01,醫師委員名單及聯絡方式,V,V,V,V,
ADRCTCAE,T,DBADR01,CTCAE 4,V,V,V,,
ADRDATA,T,DBADR01,相關檢查驗數據,V,V,V,,
ADRDDATC,T,DBADR01,懷疑藥ATC碼,V,V,V,V,
ADRFORM,T,DBADR01,藥物不良反應通報表,V,V,V,V,4個LOB欄位未轉
ADRMEDIC,T,DBADR01,懷疑藥品及併用藥品,V,V,V,,
ADRPROC,T,DBADR01,通報表流程記錄,V,V,V,V,
ADRREAC,T,DBADR01,藥物不良反應症狀部位及處置,V,V,V,,
ADRSCORE,T,DBADR01,NARANJO SCORE,V,V,V,,
ARCTC,T,DBARS02,化療藥品門診資料檔,V,V,V,,
ARFQCY,T,DBARS02,藥品頻次基本檔,V,V,V,,
ARPARE,T,DBARS02,門診散藥分包機資料檔,V,V,V,V,
ARPCNO,T,DBARS02,門診每日領藥號病患檔,V,V,V,,
ARPHID,T,DBARS02,門診每日配方藥師姓名檔,V,V,V,V,
ARPVAC,T,DBARS02,門診例假日班表,V,V,V,V,
ARPWIN,T,DBARS02,ARPWIN TABLE 門診領藥號配藥檯控制檔,V,V,V,V,
ARROUT,T,DBARS02,藥品途徑基本檔,V,V,V,,
ARSBCA00,T,DBARS01,門診每日現金收入檔,V,V,V,V,
ARSBCHR,T,DBARS01,門診病患收據檔,V,V,V,V,
ARSBDET,T,DBARS01,門診檢驗明細表, V,V,V,V,
ARSBDRG,T,DBARS01,門診藥品明細表,V,V,V,V,
ARSBICD,T,DBARS01,門診ICD明細表,V,V,V,V,
ARSBMAJ,T,DBARS02,紙卡重大傷病病患基本檔,V,V,V,V,
ARSBOW00,T,DBARS01,門診病患欠繳檔,V,V,V,V,
ARSBROOT,T,DBARS01,門診病患計價收費基本檔,V,V,V,V,
ARSBROOT,T,VGHTPECP,門診病患計價收費基本檔,,,,,要重新命名LNXOLAPT.ARSBROOTW
ARSBROOTW,T,, 門診病患計價收費基本檔 ,V,V,V,,
ARSBSIX,T,DBARS02,門診六次療程資料檔,V,V,V,V,
ARSBSLOV,T,DBARS01,門診慢性卡檢驗項目檔,V,V,V,V,
ARSBSLOW,T,DBARS01,門診慢性卡藥品項目檔,V,V,V,V,
ARSBSPAT,T,DBARS01,門診慢性卡基本資料檔,V,V,V,V,
ARSBTEXT,T,DBARS01,門診病患延伸資料檔,V,V,V,V,
ARSCALE,T,DBARS02,電子秤臨時存值表,V,V,V,,
ARTPCHVD,T,DBARS02,北市兒童醫療補助認証碼資料檔,V,V,V,,
ARWBCHR,T,VGHTPECP,門診病患收據檔,,,,,
ARWBDET,T,VGHTPECP,門診檢驗明細表,,,,,
ARWBDRG,T,VGHTPECP,門診藥品明細表,,,,,
ARWBROOT,T,VGHTPECP,門診病患計價收費基本檔,,,,,
ASBASIC,T,DBPAS02,基本資料,V,V,V,V,
ASCLOSE,T,DBPAS02,銷案註記,V,V,V,V,
ASECTION,T,DBPAS01,住院科別代碼表,V,V,V,,
ASTHQUS3,T,DBPAS02,問卷調查三,V,V,V,V,資料0筆
AVSBROOT,T,DBAVS01,藥袋處方摘要,V,V,V,V,
AVSCONFG,T,DBAVS01,門診判讀設定檔,V,V,V,,
AVSRXLOG,T,DBAVS01,重複重疊記錄,V,V,V,V,
AVSSCHDL,T,DBAVS01,發藥窗口排班表,V,V,V,V,
AVSSCHHD,T,DBAVS01,排班歷史記錄明細,V,V,V,V,
AVSSCHHM,T,DBAVS01,排班歷史記錄表頭,V,V,V,,
AVSSCHIG,T,DBAVS01,排班設定,V,V,V,V,
BASIMAGE,T,DBADM01,電子病歷底圖影像檔,V,V,V,,1個LOB欄位未轉
BASIMAIF,T,DBADM01,電子病歷底圖資料檔,V,V,V,,
BBKBCST,T,DBBBK01,輸血醫學科病人輸血反應記錄檔,V,V,V,V,
BBKHISTY,T,DBBBK01,病人輸血記錄及病史主檔,V,V,V,V,
BBKPTPE,T,DBBBK01,病患自述血型檔,V,V,V,V,
BBKREAC,T,DBBBK01,輸血不良反應記錄檔,V,V,V,V,
BBKVSIGN,T,DBBBK01,輸血醫學科病人輸血反應對應檔,V,V,V,V,
BBKVSLOG,T,DBBBK01,輸血醫學科病人輸血反應對應檔,V,V,V,,
BCSTLOG,T,DBORD01,醫囑訊息記錄檔,V,V,V,,
BILBASIC,T,DBBIL01,住院病患帳務基本資料表,V,V,V,,
BILCOMPT,T,DBBIL01,BILCOMPT TABLE 住院合併申報,V,V,V,,
BILDRGSC,T,,每月住院健保申報資料 ,V,V,V,V,
BILDRGSN,T,,每月住院健保申報資料 ,V,V,V,V,
BILDRGT1,T,DBBIL01,每月住院健保申報病患清單申報慣用語 TP1 / XML / ICD-10,V,V,V,,
BILDRGTP,T,DBBIL01,BILDRGTP TABLE 住院已申報之ＤＲＧＳＥＣＴＰ檔,,,,,
BILDRGTX,T,DBBIL01,每月住院健保申報醫囑資料申報慣用語 TPX,,,,,
BILDRUG,T,DBBIL01,BILDRUG TABLE 住院藥品帳目離線明細檔,,,,,
BILDTLM,T,DBBIL01,住院收費明細表,V,V,V,,
BILERADM,T,DBBIL01,BILERADM TABLE 經由急診或門診住院之病患,V,V,V,,
BILERDET,T,DBBIL01,住院病患醫囑帳務門急１４天再入院併報明細檔,V,V,V,,
BILEXAM,T,DBBIL01,每月住院健保申報檢驗基本資料,V,V,V,,
BILFINCL,T,DBBIL01,住院病患身份資料表,V,V,V,,
BILFNCUT,T,DBBIL01,住院病患申報身份切段資料表,V,V,V,,
BILFNNHI,T,DBBIL01,住院健保申報之身份資料表－保留所有申報切段資料,V,V,V,,
BILFXDIS,T,DBPF01,病患身份優待維護檔,V,V,V,,
BILICD,T,DBBIL01,醫令與手術碼對照表,V,V,V,,
BILICD10,T,DBBIL01,醫令與手術碼對照表,V,V,V,,
BILLOGS,T,DBBIL01,住院病患收費日誌記錄表,V,V,V,,
BILMAT,T,DBBIL01,醫囑報告檔－健保申報用人工關節植入物,V,V,V,,
BILMINPT,T,DBBIL01,住院病患人工費用明細資料表,V,V,V,,
BILNH92X,T,,每月住院健保申報醫囑資料,V,V,V,V,
BILNH93X,T,,每月住院健保申報醫囑資料,V,V,V,V,
BILNH94X,T,,每月住院健保申報醫囑資料,V,V,V,V,
BILNH95X,T,,每月住院健保申報醫囑資料,V,V,V,V,
BILNH96X,T,,每月住院健保申報醫囑資料,V,V,V,V,
BILNH97X,T,,每月住院健保申報醫囑資料,V,V,V,V,
BILNH98X,T,,每月住院健保申報醫囑資料,V,V,V,V,
BILNHD9X,T,,每月住院健保申報醫囑資料,V,V,V,V,
BILNHDRG,T,,,V,V,V,V,
BILNHI0X,T,,每月住院健保申報醫囑資料,V,V,V,V,
BILNHI1X,T,,每月住院健保申報醫囑資料,V,V,V,V,
BILNHI2X,T,,每月住院健保申報醫囑資料,V,V,V,V,
BILNHI3X,T,,每月住院健保申報醫囑資料,V,V,V,V,
BILNHI4X,T,,每月住院健保申報醫囑資料,V,V,V,V,
BILNHI7X,T,,每月住院健保申報醫囑資料,V,V,V,V,
BILNHI9X,T,,每月住院健保申報醫囑資料,V,V,V,V,
BILNHISE,T,DBBIL01,健保提供自費醫材之被替代健保特材品項對照檔,V,V,V,,
BILNHIT1,T,,每月住院健保申報資料,V,V,V,V,
BILNHIT2,T,,每月住院健保申報資料,V,V,V,V,
BILNHIT9,T,,每月住院健保申報資料,V,V,V,V,
BILNHITX,T,,每月住院健保申報資料,V,V,V,V,
BILNHT93,T,,每月住院健保申報資料,V,V,V,V,
BILNHTP0,T,,每月住院健保申報資料,V,V,V,,
BILORDER,T,DBBIL01,住院病患醫囑帳務明細檔,,,,,
BILOWE,T,DBBIL01,急住欠款檔,V,V,V,,
BILREFS,T,DBBIL01,住院參數對應表,V,V,V,,
BILRELGA,T,DBBIL01,出院結帳與收退費記錄檔,V,V,V,,
BILRESP,T,DBBIL01,住院病人醫療費用補助檔,V,V,V,,
BILRPBAS,T,DBBIL01,BILERPT TABLE 住院申報之病患基本資料檔,V,V,V,,
BILRTLST,T,DBBIL01,住院病患呼吸器使用天數明細檔,V,V,V,,
BILSECTP,T,DBBIL01,BILSECTP TABLE 住院已申報之ＮＨＩＳＥＣＴＰ檔,V,V,V,,
BILSELFA,T,DBBIL01,健保申報－自費特材和其替代項目－關連檔Ａ,V,V,V,,
BILSELFB,T,DBBIL01,健保申報－自費特材和其替代項目－關連檔Ｂ,V,V,V,,
BILTMPT1,T,DBBIL01,每月住院健保申報預檢資料(含回傳錯誤資料),V,V,V,,
BILTMPTX,T,DBBIL01,每月住院健保申報預檢醫囑資料(申報慣用語 TPX),V,V,V,,
BILTWDRG,T,DBBIL01,台灣版ＤＲＧ幾付權重上限下限等資料表,V,V,V,,
BIWBASIC,T,VGHTPECP,住院病患帳務基本資料表,,,,,
BIWCALN,T,VGHTPECP,住院病患每日床位天數表,,,,,
BIWDISCT,T,VGHTPECP,住院病患折扣明細表,,,,,
BIWDRUG,T,VGHTPECP,BIWDRUG TABLE 住院藥品帳目離線明細檔,,,,,
BIWFINCL,T,VGHTPECP,住院病患身份資料表,,,,,
BIWMINPT,T,VGHTPECP,住院病患人工費用明細資料表,,,,,
BIWORDER,T,VGHTPECP,住院病患醫囑帳務明細檔,,,,,
BIWRECPT,T,VGHTPECP,住院病患現金收費明細表,,,,,
BLDBASIC,T,DBBBK01,血袋基本資料檔,V,V,V,,
BLDBASMM,T,DBBBK01,血袋基本資料檔,V,V,V,,
BMALERGY,T,DBUD02,過敏記錄檔,V,V,V,,
BMANTIDL,T,DBUD02,包藥控制檔,V,V,V,,
BMBARCOL,T,DBUD02,藥品刷條碼紀錄檔,V,V,V,,
BMBATLOG,T,DBUD02,凌晨批次預入簽用紀錄,V,V,V,,
BMBBCNO,T,DBUD02,護理人員呼叫器資料檔,V,V,V,,
BMBBCRS,T,DBUD02,護理人員呼叫紀錄檔,V,V,V,,
BMBTRACE,T,DBUD02,偵錯對應檔,V,V,V,,
BMCODREF,T,DBUD02,代碼對應檔,V,V,V,,
BMDRUGL,T,DBUD02,藥品資訊查詢紀錄檔,V,V,V,,
BMDRUGS,T,DBUD02,藥品基本檔,V,V,V,,
BMDSUNIT,T,DBUD02,藥品單位,V,V,V,,
BMFREQDF,T,DBUD02,頻次定義檔,V,V,V,,
BMFREQTP,T,DBUD02,護理站各頻次投藥時間點,V,V,V,,
BMHISBED,T,DBUD02,護士照顧床位記錄檔,V,V,V,,
BMMEALBC,T,DBUD02,餐包條碼記錄檔,V,V,V,,
BMPHAEAN,T,DBUD02,藥品國際條碼對應檔,V,V,V,,
BMPHOTO,T,DBUD02,病患照片,V,V,V,,
BMPREDRG,T,DBUD02,藥品備藥明細資料檔,V,V,V,,
BMPREPAR,T,DBUD02,藥品備藥資料檔,V,V,V,,
BMPRINTL,T,DBUD02,EMAR列印紀錄檔,V,V,V,,
BMPRNTM,T,DBUD02,ＰＲＮ給藥記錄檔,V,V,V,,
BMROUTE,T,DBUD02,藥品途徑,V,V,V,,
BMSIGNC,T,DBUD02,化療藥品給藥明細檔,V,V,V,,
BMSIGNCP,T,DBUD02,化療藥品給藥暫停明細檔,V,V,V,,
BMSIGND,T,DBUD02,藥品簽用明細檔,V,V,V,,
BMSIGNL,T,DBUD02,藥品簽用紀錄明細檔,V,V,V,,
BMSIGNM,T,DBUD02,藥品簽用主檔,V,V,V,,
BMSYNCTM,T,DBUD02,同步紀錄檔,V,V,V,,
BMTRBED,T,DBUD02,轉床資料檔,V,V,V,,
BMTRTMNT,T,DBUD02,自備藥品醫囑檔,V,V,V,,
BMUDFMT,T,DBUD02,藥物類別,V,V,V,,
BMUDLOG,T,DBUD02,紀錄新增醫囑與狀態改變,V,V,V,,
BMUNSIGN,T,DBUD02,未簽用原因,V,V,V,,
CHEMOBUY,T,DBITM01,毒化物購買申領記錄檔,V,V,V,,
CHEMOITM,T,DBITM01,物料碼對應毒化物碼資料,V,V,V,,
CHEMORGN,T,DBITM01,申報單位組織基本資料,V,V,V,,
CHEMPOIS,T,DBITM01,環保署的毒化物基本資料,V,V,V,,
CISATCCM,T,,化學藥品基本 ATC 資料檔_PRO ,V,V,V,,
CISCASE,T,DBCIS01,癌病個案資料表,V,V,V,,
CISCFAM,T,DBCIS01,癌症家族史,V,V,V,,
CISCSFT,T,DBCIS01,癌症共用文字參考表,V,V,V,,
CISCSTAG,T,DBCIS01,癌症期別結果資料字典-C,V,V,V,,
CISCSTUS,T,DBCIS01,癌症病患追蹤與腫瘤狀態,V,V,V,,
CISCTCAE,T,DBCIS01,副作用併發症記錄表,V,V,V,,
CISCTP,T,DBCIS01,治療計畫書,V,V,V,V,
CISCTSE,T,DBCIS01,癌症治療計劃諮詢規劃費申報記錄,V,V,,,
CISFCTAE,T,DBCIS01,副作用併發症參考表,V,V,,,
CISGCTAE,T,DBCIS01,副作用併發症填寫控制表,V,V,,,
CISGSTAG,T,DBCIS01,癌症期別結果資料字典-G,V,V,,,
CISIDDR,T,DBCIS01,治療團隊醫師,V,V,,,
CISIMAGE,T,DBCIS01,首次實驗室影像報告,V,V,,,
CISIMAP,T,DBCIS01,項目對應表,V,V,,,
CISIPHY,T,DBCIS01,首次病理檢查報告,,,,,
CISISTAG,T,DBCIS01,癌病病患原始期別,,,,,
CISLOG,T,DBCIS01,癌症資料庫日誌記錄表(兩年內資料),V,V,,,
CISLOG2,T,DBCIS01,癌症資料庫日誌記錄表(兩年後資料),V,V,,,
CISMRRF,T,DBCIS01,癌症病例審查記錄表,V,V,,,
CISPGRT,T,DBCIS01,意見回饋,V,V,,,
CISPSTAG,T,DBCIS01,癌症期別結果資料字典-P,V,V,,,
CISRESD,T,DBCIS01,實驗室累積報告,V,V,,,
CISRRST,T,DBCIS01,實際化學用藥醫囑紀錄,V,V,,,
CISRTS,T,DBCIS01,放射治療摘要檔案,V,V,,,
CISSCOPE,T,DBCIS01,首次內視鏡檢查報告,,,,,
CISSCRL,T,DBCIS01,癌症特殊條件表,,,,,
CISSRTM,T,DBCIS01,放射治療摘要,,,,,
CISSRTPD,T,DBCIS01,放射治療計畫劑量表,,,,,
CISSRTSD,T,DBCIS01,放射治療摘要劑量表,,,,,
CISSSF,T,DBCIS01,重要預後因子資料記錄表,,,,,
CISSSFCL,T,DBCIS01,重要預後因子資料控制表,,,,,
CISSSFT,T,DBCIS01,重要預後因子資料記錄表暫存表,,,,,
CISTCLG,T,DBCIS01,癌症登記邏輯偵測表,,,,,
CISTCRL,T,DBCIS01,癌症登記顯示控制表,,,,,
CISTCRM,T,DBCIS01,癌症登記摘錄記錄表,V,V,V,V,
CISTKB,T,DBCIS01,個案多專科會議,V,V,V,V,
CISTORD,T,DBCIS01,癌症期別結果資料字典-C,V,V,,,
CISTOT,T,DBCIS01,其他治療紀錄,V,V,,,
CISTRT,T,DBCIS01,放射治療紀錄,V,V,,,
CISTRUT,T,DBCIS01,癌症病人病情告知紀錄,V,V,,,
CISTST,T,DBCIS01,化學治療紀錄,V,V,,,
CISTSUG,T,DBCIS01,手術治療紀錄,V,V,,,
CISTSUGS,T,DBCIS01,癌症手術紀錄檔,V,V,,,
CKDLOG,T,DBPAS02,慢性腎臟病註記修改記錄,V,V,,,
CLDORD,T,DBORD01,檢查驗醫令資料下載檔(雲端病歷),V,V,,,
CLDRES,T,DBORD01,檢查驗結果資料下載檔(雲端病歷),V,V,,,
CMSPINFO,T,DBCMS01,家庭醫師整合性照護計畫名單,V,V,,,
CMSPMBR,T,DBCMS01,家庭醫師整合性照護計畫名單,V,V,,,
CPCCM,T,DBCIS02,癌篩問卷醫療機構聯絡資料表單,V,V,,,
CPCCOL,T,DBCIS02,癌篩問卷定量免疫法糞便潛血檢查表,V,V,,,
CPCORAL,T,DBCIS02,口腔黏膜癌篩表單,V,V,,,
CPCPBAS,T,DBCIS02,癌篩問卷病歷資料,V,V,,,
CPSAMPLE,T,DBCPS01,會診紀錄套版資料檔,V,V,,,
CPSNOTE,T,DBCPS01,會診紀錄檔,V,V,,,
CPSORD,T,DBCPS01,CPSORD TABLE 住院病患會診醫囑檔,V,V,,,
CPSVDOC,T,DBERS01,會診醫師資料表,,,,,
DCRDENT,T,DBDCR01,病患牙齒資料,V,V,,,
DCRDGCON,T,DBDCR02,條件用藥醫師選擇記錄檔,V,V,,,
DCRDGDES,T,DBDCR02,口服特殊劑型給藥說明,V,V,,,
DCRLKLOG,T,DBDCR01,腎功能藥品記錄檔,V,V,,,
DCRSCARD,T,DBDCR02,重大傷病卡號記錄,V,V,,,
DEPT1,T,DBOPD01,#NAME?,,,,,
DEPT1,T,VGHTPECP,－級單位代碼表,V,V,,,
DEPT2,T,DBOPD01,二級單位代碼表,,,,,
DEPT2,T,VGHTPECP,二級單位代碼表,V,V,,,
DEPTASS,T,DBDCR02,科常用診斷,V,V,,,
DEPTDRUG,T,DBDCR02,科常用處方,,,,,
DEPTMENT,T,DBADM01,電子病歷底圖部門檔,,,,,
DEPTORD,T,DBDCR02,科常用醫囑,,,,,
DIMBASIC,T,DBDIM01,藥檔,,,,,
DIMTRAN,T,DBDIM01,藥品交易檔,,,,,
DISCOMNT,T,DBDIS01,出院病摘-病歷評註,,,,,
DISEXTND,T,DBDIS01,出院病摘延伸項目,,,,,
DISLOCK,T,DBDIS01,病患出院病歷摘要出院後授權記錄資料,,,,,
DISROOT,T,DBDIS01,病患出院病歷摘要基本資料,,,,,
DISROOT,T,VGHTPECP,病患出院病歷摘要基本資料,,,,,
DISSAMPL,T,DBDIS01,出院病歷各科範本資料檔,V,V,,,
DISSAMTX,T,DBDIS01,出院病歷各科範本資料檔內容,V,V,,,
DISTEXT,T,DBDIS01,病患出院病歷摘要各段內容,,,,,
DISTEXT,T,VGHTPECP,病患出院病歷摘要各段內容,V,V,,,
DISTYPE,T,DBDIS01,病患出院病歷摘要各段內容,,,,,
DISTYPE,T,VGHTPECP,病患出院病歷摘要各段內容,V,V,,,
DMDUMMY,T,DBDM01,DMDUMMY TABLE 給PCS -$DM DUMMY TABLE,V,V,,,
DMPASSPT,T,DBPAS02,糖尿病護照基本資料,V,V,,,
DMPBASIC,T,DBPAS02,糖尿病照護 初診資料表,V,V,,,
DMPDIET,T,DBPAS02,糖尿病照護 營養衛教資料表,V,V,,,
DMPEXAM1,T,DBPAS02,糖尿病照護 初診檢查資料表,V,V,,,
DMPLAB,T,DBPAS02,糖尿病照護 初診複診檢查驗資料表,V,V,,,
DMPZCAPT,T,DBPAS02,糖尿病個案管理-申報資料-諮詢規劃,V,V,,,
DMPZCHI,T,DBPAS02,糖尿病個案管理-申報資料-傷病,V,V,,,
DMPZCHI2,T,DBPAS02,重大傷病-腎臟透析申報資料,V,V,,,
DMPZCHI3,T,DBPAS02,重大傷病ＩＣＤ類別及有效期限,V,V,,,
DMPZDIAG,T,DBPAS02,糖尿病個案管理-申報資料-診斷書,V,V,,,
DMPZMBBC,T,DBPAS02,糖尿病個案管理-申報資料-注射二,V,V,,,
DMPZNBPI,T,DBPAS02,預防接種資料庫,V,V,,,
DOCDELAY,T,DBREG01,醫師門診遲診記錄,V,V,,,
DOCSNSF,T,DBREG01,醫師診間登入∕出時間記錄,V,V,,,
DRGINACC,T,DBUD01,藥物交互作用說明檔,V,V,,,
DRGINACT,T,DBUD01,藥物交互作用檔,V,V,,,
DRGINLOG,T,DBUD01,藥物交互作用記錄檔,V,V,,,
DRUGCOMP,T,DBUD01,複方成分藥表,V,V,,,
DRUGHELP,T,DBUD01,北榮常備藥品手冊,V,V,,,
DRUGHIST,T,DBPAS01,病患他院藥歷記錄表,V,V,,,
DRUGIA,T,DBUD01,藥物交互作用檔,V,V,,,
DRUGMOV,T,DBARS02,藥教影片索引表,V,V,,,
DRUGPOST,T,DBARS02,藥教海報圖檔,V,V,,,
DTADRUG,T,DBDCR01,門診記錄處方資料表,V,V,V,V,
DTAICD,T,DBDCR01,門診ICD10相關記錄,V,V,,,
DTAORDER,T,DBDCR01,門診記錄醫囑資料表,V,V,V,V,
DTAROOT,T,DBDCR01,門診記錄基本資料表,V,V,V,V,
DTASOAP,T,DBDCR01,門診記錄主客觀及治療計劃資料表,,,,,
DTLFA099,T,,門診處方及治療醫令明細檔（非牙科）,V,V,,,"VGHTPETS, 2010全年"
DTLFA11,,,DTLFA11 TABLE 門診處方及治療醫令明細檔（非牙科）,V,V,,,
DTLFA29,,,DTLFA29 TABLE 中醫門診處方及治療醫令明細檔,V,V,,,
DTLFA99,,,DTLFA99 TABLE 門診處方及治療醫令明細檔（非牙科）,V,V,,,
DTLFAM00,T,,門診處方及治療醫令明細檔（非牙科）,V,V,V,V,
DTLFAM01,T,,門診處方及治療醫令明細檔（非牙科）,V,V,V,V,
DTLFAM02,T,,門診處方及治療醫令明細檔（非牙科）,V,V,V,V,
DTLFAM03,T,,門診處方及治療醫令明細檔（非牙科）,V,V,V,V,
DTLFAM04,T,,門診處方及治療醫令明細檔（非牙科）,V,V,V,V,
DTLFAM05,T,,門診處方及治療醫令明細檔（非牙科）,V,V,V,V,
DTLFAM06,T,,門診處方及治療醫令明細檔（非牙科）,V,V,V,V,
DTWDRUG,T,VGHTPECP,ＤＴＷＤＲＵＧ,,,,,
DTWORDER,T,VGHTPECP,ＤＴＷＯＲＤＥＲ,,,,,
DTWROOT,T,VGHTPECP,ＤＴＷＲＯＯＴ,,,,,
DTWSOAP,T,VGHTPECP,ＤＴＷＳＯＡＰ,,,,,
EDCRDGCON,T,DBSP01,,,,,,
EISALARY,T,DBEIS12,每月薪資資料,V,V,,,
EISCPSM,T,DBEIS12,每月醫師會診資料,V,V,,,
EISDABIL,T,DBEIS09,ＥＩＳ每日住院現金統計資料,V,V,,,
EISDACNT,T,DBEIS08,ＥＩＳ每日住院床位資料,V,V,,,
EISDDDA,T,DBEIS01,抗生素－DDD紀錄檔,V,V,,,
EISDDDLS,T,DBEIS01,病患每日用藥總計檔,V,V,,,
EISDEBIL,T,DBEIS07,ＥＩＳ每日急診收入統計資料,V,V,,,
EISDECNT,T,DBEIS06,ＥＩＳ每日急診人數統計資料,V,V,,,
EISDOBIL,T,DBEIS05,ＥＩＳ每日門診收入統計資料,V,V,,,
EISDOCNT,T,DBEIS01,ＥＩＳ每日門診人數統計資料,V,V,,,
EISDRINC,T,DBEIS11,ＥＩＳ每日門診醫看診統計資料,V,V,,,
EISLSCM,T,DBEIS12,每月排檢資料,V,V,,,
EISLSECT,T,DBEIS12,每月排檢代碼資料,V,V,,,
EISQAA,T,DBEIS10,ＥＩＳ每月醫療品質月報,V,V,,,
EMMBUFBK,T,DBEMM01,電子簽章中繼檔,V,V,,,
EMRICDDT,T,DBEMR01,國際疾病分類資料庫（電子病歷用）,V,V,,,
EMRSYSLG,T,VGHTPECP,長期資料庫系統維護記錄表,,,,,
EMWDISNT,T,VGHTPECP,電子病歷倉儲：出院病摘資料庫,,,,,
EMWDRUG,T,VGHTPECP,電子病歷：用藥紀錄,,,,,
EMWRSLT,T,VGHTPECP,電子病歷倉儲：檢查驗報告資料庫,,,,,
ERADNOTE,T,DBERS01,急診入院病歷資料,,,,,
ERADNOTE,T,VGHTPECP,急診入院病歷資料,V,V,,,
ERBBCOO,T,DBERS01,急診呼叫系統,V,V,,,
ERBED,T,DBERS01,急診床位資料,V,V,,,
ERBEDLOG,T,DBERS01,急診簽床記錄,V,V,,,
ERCASH01,T,DBERS01,急診收費小姐收費紀錄資料,V,V,,,
ERCASHER,T,DBERS01,急診收費紀錄資料,V,V,,,
ERCPSCP,T,DBERS01,急診病患會診醫囑檔,V,V,,,
ERCPSDOC,T,DBERS01,會診醫師資料表,V,V,,,
ERDGREF,T,DBERS01,急診退藥資料表,V,V,,,
ERDIAGNO,T,DBERS01,急診病歷基本資料,V,V,,,
EREMMBUF,T,DBEMM01,急診簽章中繼檔,V,V,,,
EREMMSIG,T,DBEMM01,電子簽章帳號中繼檔,V,V,,,
ERICARD,T,DBERS01,急診ＩＣＡＲＤ,V,V,,,
ERICD,T,DBERS01,急診病歷ICD,V,V,V,,
ERICD9S,T,DBERS01,急診ＩＣＤ資料,V,V,,,
ERISSCOD,T,DBERS01,急診ＩＳＳ分數,V,V,,,
ERLOGER,T,DBERS01,急診異常資料記錄,V,V,,,
ERNSNCS,T,DBERS01,急診護理評估,V,V,,,
ERNSPDA,T,DBERS01,急診ＰＤＡ資料表,V,V,,,
ERPNSPNS,T,DBERS01,每日留觀病患名單,V,V,,,
ERREALIF,T,DBERS01,急診即時資訊,V,V,,,
ERSBDET,T,DBERS01,急診收費明細,V,V,,,
ERSBDETT,T,DBERS01,急診收費明細,V,V,,,
ERSBROOT,T,DBERS01,急診病患基本檔,V,V,V,,
ERSDALY,T,DBERS01,急診留觀統計資料表,V,V,,,
ERSDRUG,T,DBERS01,急診處方藥品,V,V,,,
ERSDSEQ,T,DBERS01,急診帳務序號,V,V,,,
ERSENNS,T,DBERS01,急診掛號名單,V,V,,,
ERSNS00,T,DBERS01,急診各科護理名單,V,V,,,
ERTAB00,T,DBERS01,急診各種表單,V,V,,,
ERTAB01,T,DBERS01,急診紀錄表單,V,V,,,
ERTIMES,T,DBERS01,急診各種時間表,V,V,,,
ERTRAVL,T,DBERS01,急診電話訪談資料,V,V,,,
ERTRIAGE,T,DBERS01,急診檢傷分類,V,V,,,
ERTRIAGE,T,VGHTPECP,急診檢傷分類,,,,,
ERTRIRK,T,DBERS01,急診各種表單,V,V,,,
ERTTAS5,T,DBERS01,急診檢傷五級分類,,,,,
ERTTASCC,T,DBERS01,急診檢傷五級主訴,V,V,,,
ERTTASDP,T,DBERS01,急診檢傷五級科別分類,V,V,,,
ERTTASST,T,DBERS01,急診檢傷五級大類,V,V,,,
ERTTASTR,T,DBERS01,急診檢傷五級判定依據,V,V,,,
ERUDORD,T,DBERS01,急診ＵＤ藥囑檔,V,V,,,
ERUDORST,T,DBERS01,急診ＵＤ藥囑操作者檔,V,V,,,
ERUDTEXT,T,DBERS01,急診ＵＤ附加說明檔,V,V,,,
ERWBDET,T,VGHTPECP,急診收費明細,,,,,
ERWBROOT,T,VGHTPECP,急診病患基本檔,,,,,
ERWCASHR,T,VGHTPECP,急診收費紀錄資料,,,,,
ERWDRUG,T,VGHTPECP,急診處方藥品,,,,,
FEVER,T,DBFVR01,發燒登錄資料,V,V,,,
FEVER2,T,DBFVR01,家屬人數資料,,,,,
FODCONS,T,DBFOD01,FODCONS TABLE 住院病患營養諮詢檔,,,,,
FODCONSN,T,DBFOD01,FODCONSN TABLE 住院病患營養諮詢檔,,,,,
FODORD,T,DBFOD01,FODORD TABLE 住院病患飲食醫囑檔,,,,,
FODTEXT,T,DBFOD01,FODTEXT TABLE 住院病患飲食特殊禁忌檔,,,,,
FREQNCY,T,DBARS02,藥品頻次控制基本檔,,,,,
FULIST,T,DBPAS01,病患追蹤清單,,,,,
GCRCASE,T,DBCIS01,人體試驗基本資料表,,,,,
GCRCPIS,T,DBCIS01,授權計畫主持人與協同人資料表(院內),,,,,
GCRCROOT,T,DBCIS01,研究病人清單表,,,,,
HBED,T,DBPAS01,病房病床資料,V,V,V,,
HNURSTAT,T,DBPAS01,病房資料,,,,,
ICD10CM,T,DBICD02,國際疾病分類基本檔FOR CM,,,,,
ICD10CM2,T,DBICD02,WITHOUT DOT診斷碼,,,,,
ICD10PCS,T,DBICD02,國際疾病分類基本檔FOR PCS,,,,,
ICD3M,T,DBICD02,國際疾病分類O3M基本檔,,,,,
ICD3MGP,T,DBICD02,國際疾病分類O3M群組分類檔,,,,,
ICD3T,T,DBICD02,國際疾病分類O3T基本檔,,,,,
ICD3TF10,T,DBICD02,國際疾病分類ICD10 TO O3T基本檔,,,,,
ICD3TPG,T,DBICD02,國際疾病分類O3T病理群組對應表,,,,,
ICD9TRAN,T,DBICD02,"""國際疾病分類ICD9轉O1T",,,,,
ICDCCDRG,T,DBICD02,ＤＲＧ合併症或併發症檔,,,,,
ICDDKSDS,T,DBICD02,國際疾病分類基本檔,,,,,
ICDDKSDS,T,VGHTPECP,國際疾病分類基本檔,,,,,
ICDDNAME,T,DBICD02,國際疾病分類名字檔,,,,,
ICDMAPIN,T,DBICD02,ICD10 CM診斷對應表,,,,,
ICDMAPST,T,DBICD02,ICD9 診斷對應表-標準,,,,,
ICDMSPL,T,DBICD01,國際疾病分類資料庫,,,,,
ICDRESTR,T,DBICD02,ICD診斷手術碼限制,,,,,
ICM10TO9,T,DBICD02,ICD 10 CM TO ICD 9 檔,,,,,
ICM9TO10,T,DBICD02,ICD 9 TO ICD 10 CM檔,,,,,
IDRG71,T,DBICD02,附表7.1 TW-DRGS分類表,,,,,
IDRG710,T,DBICD02,附表7.1 TW-DRGS分類表之DRG,,,,,
IDRG713,T,DBICD02,附表9.1.3各MDC主診斷碼,,,,,
IDRG714,T,DBICD02,附表7.1.4 合併症或併發症診斷碼,,,,,
IDRG7141,T,DBICD02,附表7.1.4.1 併症或併發症主診斷排除碼,,,,,
IDRG7142,T,DBICD02,附表7.1.4.2 併症或併發症主診斷,,,,,
IDRG71X,T,DBICD02,"""附表7.1.1",,,,,
IDRG730,T,DBICD02,附表7.3 標準給付額(SPR)等其他參數,,,,,
IDRG731,T,DBICD02,附表7.3 ICD10 TW-DRGS權重表,,,,,
IDRG91,T,DBICD02,附表9.1 TW-DRGS分類表,,,,,
IDRG910,T,DBICD02,附表9.1 TW-DRGS分類表之DRG,,,,,
IDRG911,T,DBICD02,附表9.1.1診斷碼限制,,,,,
IDRG9110,T,DBICD02,附表9.1.10 MDC24各部位外傷診斷碼,,,,,
IDRG9112,T,DBICD02,附表9.1.12 MDC08開放性、閉鎖性骨折診斷碼,,,,,
IDRG912,T,DBICD02,附表9.1.2手術碼編碼限制,,,,,
IDRG913,T,DBICD02,附表9.1.3各MDC主診斷碼,,,,,
IDRG914,T,DBICD02,附表9.1.4 合併症或併發症診斷碼,,,,,
IDRG916,T,DBICD02,附表9.1.6 MDC2複雜次診斷,,,,,
IDRG917,T,DBICD02,附表9.1.7 MDC15 MAJOR PROBLEM,,,,,
IDRG918,T,DBICD02,附表9.1.8 MDC15 MINOR PROBLEM,,,,,
IDRG919,T,DBICD02,附表9.1.9 MDC22 SIGNIFICANT TRAUMA DIAGNOSIS LIST,,,,,
IDRG92,T,DBICD02,TW-DRG科系對照表,,,,,
IDRG920,T,DBICD02,有NON-OR之外科系DRG,,,,,
IDRG921,T,DBICD02,PD-DRG/EXCEPT對照表,,,,,
IDRG930,T,DBICD02,附表9.3 其他參數表,,,,,
IDRG931,T,DBICD02,附表9.3 TW-DRGS權重表,,,,,
IDRGBIL,T,DBBIL01,TW-DRGS權重給付．．表整理FROM IDRG931 & IDRG930,,,,,
IDRGDEPT,T,DBICD02,科常用CC,,,,,
IDRGMAP,T,DBICD02,ICD-10-PCS代碼與醫令對應檔,,,,,
IDSQINFO,T,DBIDSQ00,智慧型員目錄整合查詢,,,,,
IDSQJOB,T,DBIDSQ00,智慧型員目錄整合查詢,,,,,
IDSQQRY,T,DBIDSQ00,智慧型員目錄整合查詢,,,,,
IDSQWUL,T,DBIDSQ00,智慧型員目錄整合查詢網站使用者記錄檔,,,,,
INTECODE,T,DBPF01,收費碼整合主檔,,,,,
IPCS10T9,T,DBICD02,ICD 10 PCS TO ICD 9 檔,,,,,
IPCS9T10,T,DBICD02,ICD 9 TO ICD 10 PCS檔,,,,,
ITENDIS,T,DBICD02,離院病人疾病分類ＤＲＧ相關資料表,,,,,
ITENMSG,T,DBICD02,住院病人ＤＲＧ相關資料表,,,,,
ITENMSPL,T,DBICD02,離院病人疾病分類相關資料表,,,,,
LDSTRAN,T,DBLDS01,滌管組 作業系統,,,,,
LDSTROP,T,DBLDS01,滌管組 作業系統,,,,,
LDSWASH,T,DBLDS01,滌管組 作業系統,,,,,
LSCBKBAS,T,DBSCH01,LSCBKBAS TABLE 門診排程每天可排之時間基準檔備份檔,,,,,
LSCBKTBL,T,DBSCH01,LSCBKTBL TABLE 門診排程每天可排之時間基準檔備份,,,,,
LSCTMBAS,T,DBSCH01,LSCTMBAS TABLE 門診排程每天可排之時間基準檔,,,,,
LSCTMRTB,T,DBSCH01,LSCTMRTB TABLE 門診排程每天可排之時間 ROOT-B VERSION 2012,,,,,
LSCTMTBL,T,DBSCH01,LSCTMTBL TABLE 門診排程每天可排之時間基準檔,,,,,
MDCHANDL,T,DBMDC01,醫療糾紛處理摘要,,,,,
MDCIDMAT,T,DBMDC01,醫療糾紛相關同仁名單,,,,,
MDCINFO,T,DBMDC01,醫療糾紛案例內容,,,,,
MDCLAWYR,T,DBMDC01,醫療糾紛訴訟費記錄,,,,,
MRMADMORGUNIT,T,DBPAS03,行政單位,,,,,
MRMAUTHTAB,T,DBPAS03,管理人員及授權等級,,,,,
MRMCASELOG,T,DBPAS03,病歷出入庫紀錄,,,,,
MRMCASEMAIN,T,DBPAS03,病歷主檔,,,,,
MRMCASESTAT,T,DBPAS03,病歷狀態,,,,,
MRMDIAGTYPE,T,DBPAS03,看診類別代碼,,,,,
MRMLOCTAB,T,DBPAS03,地區記錄,,,,,
MRMMEDORGUNIT,T,DBPAS03,醫療單位,,,,,
MRMOPERLOG,T,DBPAS03,操作記錄,,,,,
MRMREPTAB,T,DBPAS03,庫別記錄,,,,,
MRMVOLTAB,T,DBPAS03,病歷冊別,,,,,
NADDTLA,T,,申報門診服務點數清單,V,V,V,V,
NADORDA,T,,申報門診處方及治療醫令明細,V,V,V,V,
NADTOTA,T,,申報門診費用申請總表,V,V,V,V,
NCPSQVIS,T,DBNCP01,簡易版營養訪視記錄,,,,,
NCSELSE,T,DBNCS01,護理計劃其它詳細內容表,,,,,
NCSELSE,T,VGHTPECP,護理計劃其它詳細內容表,,,,,
NCSITEM,T,DBNCS01,護理計劃詳細內容表,,,,,
NCSITEM,T,VGHTPECP,護理計劃詳細內容表,,,,,
NCSPROB,T,DBNCS01,病患護理計劃診斷問題表,,,,,
NCSPROB,T,VGHTPECP,病患護理計劃診斷問題表,,,,,
NCSVSPRO,T,DBNCS01,護理計畫問題碼對照表,,,,,
NCSVSPRO,T,VGHTPECP,護理計畫問題碼對照表,,,,,
NCWELSE,T,VGHTPECP,護理計劃其它詳細內容表,,,,,
NCWITEM,T,VGHTPECP,護理計劃詳細內容表,,,,,
NCWPROB,T,VGHTPECP,病患護理計劃診斷問題表,,,,,
NHPMARK,T,DBPAS02,論質計酬共用註記表,,,,,
NICRECS,T,DBNIC01,健保ＩＣ卡主要記錄表,,,,,
NICSENS,T,DBNIC01,健保ＩＣ卡敏感表,,,,,
NISAG3,T,DBNIS01,護理資訊：高登１１項之睡眠型態、知覺感覺,,,,,
NISDDIS,T,DBNIS02,護理資訊：出院準備服務篩選表,,,,,
NISDND,T,DBNIS02,護理指導細項,,,,,
NISDPAI,T,DBNIS02,護理資訊：疼痛評估,,,,,
OPDFLIST,T,DBDCR02,門診特殊功能ID姓名清單,,,,,
OPDICDCH,T,DBDCR01,門診ICD診斷碼相關對應類別,,,,,
OPDICDMP,T,DBDCR01,門診常用疾病分類對應檔,,,,,
OPDSDIAG,T,DBDCR01,門診特殊診斷碼,,,,,
OPRSZRPT,T,DBORD01,病歷組門診累積報告排序檔,,,,,
OPSCODE,T,DBOPS01,手術名稱代碼資料檔,,,,,
OPSCODE,T,VGHTPECP,手術名稱代碼資料檔,,,,,
OPSCV,T,DBOPS01,心導管手術紀錄基本資料檔,,,,,
OPSICD10,T,DBOPS01,國際疾病分類基本檔FOR PCS,,,,,
OPSICDTX,T,DBOPS01,國際疾病分類基本檔FOR PCS,,,,,
OPSLOCK,T,DBOPS01,病患手術紀錄 授權記錄資料,,,,,
OPSNOTE,T,DBOPS01,手術記錄範本資料檔,,,,,
OPSNOTE,T,VGHTPECP,手術記錄範本資料檔,,,,,
OPSORA,T,DBOPS01,手術紀錄基本資料檔,,,,,
OPSORA,T,VGHTPECP,手術紀錄基本資料檔,,,,,
OPSORA2,T,DBOPS01,手術記錄發現及程序資料,,,,,
OPSORA2,T,VGHTPECP,手術記錄發現及程序資料,,,,,
OPSORA22,T,DBOPS01,手術記錄發現及程序舊資料,,,,,
OPSORA22,T,VGHTPECP,手術記錄發現及程序舊資料,,,,,
OPSORB,T,DBOPS01,手術棑程資料檔,,,,,
OPSORB,T,VGHTPECP,手術棑程資料檔,,,,,
OPSORE,T,DBOPS01,急診手術棑程資料檔,,,,,
ORBASIC,T,DBORD02,醫囑基本檔,,,,,
ORDCBCSP,T,DBORD01,CBC下載檔,,,,,
ORDER,T,DBORD01,醫囑基本檔,V,V,V,V,
ORDERW,T,DBORD03,電子病歷倉儲：醫囑基本檔,V,,,,
ORDFAM00,T,,門診處方及治療醫令明細檔,V,V,V,V,
ORDFAM01,T,,門診處方及治療醫令明細檔,V,V,V,V,
ORDFAM02,T,,門診處方及治療醫令明細檔,V,V,V,V,
ORDFAM03,T,,門診處方及治療醫令明細檔,V,V,V,V,
ORDFAM04,T,,門診處方及治療醫令明細檔,V,V,V,V,
ORDFAM05,T,,門診處方及治療醫令明細檔,V,V,V,V,
ORDFAM06,T,,門診處方及治療醫令明細檔,V,V,V,V,
ORDOPDSL,T,DBORD01,門診採檢資料檔備份,,,,,
ORDOPDSP,T,DBORD01,門診採檢資料檔,,,,,
ORDSTAT,T,DBORD01,醫囑基本檔,,,,,
ORDSTAT,T,VGHTPECP,醫囑基本檔,,,,,
ORDSTATW,T,DBORD03,電子病歷倉儲：醫囑基本檔,,,,,
ORDSTATW,T,VGHTPECP,電子病歷倉儲：醫囑基本檔,,,,,
ORDTEXT,T,DBORD01,ORDTEXT TABLE 醫囑醫師說明檔,,,,,
ORDTEXT,T,VGHTPECP,ORDTEXT TABLE 醫囑醫師說明檔,,,,,
ORDTEXTW,T,DBORD03,電子病歷倉儲：醫囑醫師說明檔,,,,,
ORDTEXTW,T,VGHTPECP,電子病歷倉儲：醫囑醫師說明檔,,,,,
ORDTXTN,T,DBORD01,ORDTXTN TABLE 醫囑醫師說明檔,,,,,
ORTEXT,T,DBORD02,ORTEXT TABLE 醫囑醫師說明檔,,,,,
OSAAFT,T,DBPAS02,超期住院原因資料檔,,,,,
OSABEF,T,DBPAS02,超期住院名單資料檔,,,,,
PATBASIC,T,DBDCR01,門診病患看診基本資料檔,,,,,
PATDRUG,T,DBDCR01,門診病患看診處方資料檔,,,,,
PATFVHIS,T,DBDCR01,門診病患初診病歷資料檔,,,,,
PATORDER,T,DBDCR01,門診病患看診醫囑資料檔,,,,,
PATSOP,T,DBDCR01,門診病患看診處方資料檔,,,,,
PBABSDD,T,DBPAS02,嚴重致命過敏,,,,,
PBABSTRC,T,,病歷註記（首頁）,V,V,V,V,
PBASDOC,T,DBPAS03,病歷延伸資料庫,,,,,
PBASINFO,T,DBPAS01,病歷基本資料,V,V,V,V,
PBASLOG,T,DBPAS01,病歷基本資料更改紀錄,,,,,
PBAUTH,T,DBPAS01,病歷限閱資料,,,,,
PBCANCEA,T,DBPAS01,癌病追蹤延伸資料表,V,V,V,V,
PBCANCER,T,DBPAS01,癌病追蹤資料,V,V,V,V,
PBVDATA,T,DBPAS01,病患各項生命資料,V,V,V,V,
PCACOD,T,DBPCA01,代碼檔,,,,,
PCASE,T,DBPAS01,病患住院資料,V,V,V,V,
PCASEX,T,DBPAS01,病患住院或新生兒資料,,,,,
PDIAG10,T,,病患住院ＩＣＤ１０診斷,V,V,V,V,
PDIAGNOS,T,DBPAS01,病患住院診斷資料,V,V,V,V,
PDISCHRG,T,DBPAS01,病患離院時間資料,,,,,
PDOCTOR,T,DBPAS01,病患住院醫師資料,,,,,
PDSJBLOG,T,DBPDS01,藥車調劑歷程資料,,,,,
PDSJBPDP,T,DBPDS01,藥車調劑工單基本資料,,,,,
PDSTMBED,T,DBPDS01,配方機異動病床,,,,,
PEDCCL,T,DBPAS02,兒童醫學部新生兒生產記錄,,,,,
PFCLASS,T,DBPF01,ＰＦＩＬＥ各類給付檔,V,V,V,V,
PFILE,T,DBPF01,收費價目ＰＦＩＬＥ檔,V,V,V,V,
PFININFO,T,DBPAS01,病患身分資料資料,,,,,
PFLOCATN,T,,價目各表單內容控制檔,V,V,V,V,
PFMERGE,T,DBPF01,ＰＦＩＬＥ組合項檔,V,V,V,V,
PFMLOG,T,DBPF01,ＰＦＩＬＥ維護記錄檔,V,V,V,V,
PFRESUL,T,DBPF01,ＰＦＩＬＥ報告結果變數說明檔,,,,,
PFRSLT,T,DBPF01,ＰＦＩＬＥ報告變數參考說明檔,V,V,V,V,
PFTBINFO,T,DBPF01,ＰＦＩＬＥ檢驗試管詳細資料檔,V,V,V,V,
PFTUBE,T,,ＰＦＩＬＥ檢驗試管維護檔,V,V,V,V,
PFVARP,T,DBPF01,ＰＦＩＬＥ特殊資料檔,V,V,V,V,
PHISTLOG,T,DBPAS01,病歷資料合併紀錄,,,,,
PLAN_TABLE,T,DBSP01,,,,,,
PLOC,T,VGHTPECP,病患住院床位資料,V,,,,
PNOTIFCN,T,VGHTPECP,病患聯絡人資料,,,,,
PRGCOMT,T,DBPRG01,病程記錄COMNT檔,,,,,
PRGGRADE,T,DBPRG01,病程記錄GRADE檔,,,,,
PRGPRLS,T,DBPRG01,病程記錄住院問題列表檔,,,,,
PRGROOT,T,DBPRG01,病程記錄ROOT 檔,,,,,
PRGTEXT,T,DBPRG01,病程記錄內容,,,,,
PRGVERS,T,DBPRG01,病程記錄版本,,,,,
PRNTEMP,T,DBDCR01,列印單據暫存資料表,,,,,
PSSBARCO,T,DBPSS01,門診條碼系統進行藥物疏失通報暫存資料,,,,,
PSSCHADS,T,DBPSS01,藥師服務系統- CHADS2 SCORE,,,,,
PSSDRGIN,T,DBPSS01,藥師服務系統 - TDM藥品二級交互作用,,,,,
PSSFACTO,T,DBPSS01,廠商,,,,,
PSSGRUP,T,DBPSS01,藥師服務系統-系統群組檔,,,,,
PSSHEMOR,T,DBPSS01,藥師服務系統- HEMORRAGE SCORE,,,,,
PSSHERBL,T,DBPSS01,藥師服務系統-中草藥使用情況,,,,,
PSSHMRCD,T,DBPSS01,藥師服務系統-用藥記錄(介入建議),,,,,
PSSMENU,T,DBPSS01,藥師服務系統-程式清單,,,,,
PSSNOTE,T,DBPSS01,藥師服務系統 - 病患註記,,,,,
PSSPARAM,T,DBPSS01,藥師服務系統-系統參數設定,,,,,
PSSPDTAL,T,DBPSS01,藥師服務系統-個人設定項目紀錄,,,,,
PSSPHCHK,T,DBPSS01,SOAP審核,,,,,
PSSPHDTL,T,DBPSS01,藥師服務系統- PHARMACY NOTE DETAIL,,,,,
PSSPHNTE,T,DBPSS01,藥師服務系統- PHARMACY NOTE,,,,,
PSSPMAIN,T,DBPSS01,藥師服務系統-個人設定紀錄,,,,,
PSSPMCHK,T,DBPSS01,藥師服務系統-處方判讀,,,,,
PSSPMNTE,T,DBPSS01,藥師服務系統-判讀註記內容,,,,,
PSSPNDES,T,DBPSS01,藥師服務系統- PHARMACY NOTE DESCRIPTION,,,,,
PSSPREG,T,DBPSS01,查房登記,,,,,
PSSPROC,T,DBPSS01,藥師服務系統-程式資料檔,,,,,
PSSPROST,T,DBPSS01,藥師服務系統-個人清單設定,,,,,
PSSPSCHE,T,DBPSS01,藥師服務系統-排班,,,,,
PSSPSMED,T,DBPSS01,藥師服務系統-自備用藥,,,,,
PSSPVCHK,T,DBPSS01,判讀審核,,,,,
PSSRDATA,T,DBPSS01,藥師服務系統-參數設定資料檔,,,,,
PSSUSER,T,DBPSS01,藥師服務系統-使用者資料檔,,,,,
PSSWARFP,T,DBPSS01,藥師服務系統- WARFARIN,,,,,
PSYCHIAT,T,DBDCR01,精神科初診病歷,,,,,
PTMPDRGL,T,DBDCR01,門診病患看診處方暫存檔,,,,,
PTMPORDL,T,DBDCR01,預看門診病患看診醫囑暫存檔,,,,,
PTMPSOPL,T,DBDCR01,看診門診病患看診主客觀暫存檔,,,,,
PTRNINDX,T,DBPAS01,病患住院異動動態資料,,,,,
PTRNINDX,T,VGHTPECP,病患住院異動動態資料,,,,,
REFNHI,T,DBPAS02,健保署回復電子轉診單介接表格,,,,,
REGABST,T,DBREG01,掛號缺診記錄檔,,,,,
REGFIRST,T,DBREG01,初診病患暫存檔,,,,,
REGPATS,T,DBREG01,掛號病患序號檔,,,,,
REGSION,T,DBREG01,診間登入時間,,,,,
REGTODAY,T,DBREG01,掛號今日科診檔,,,,,
REGXPBAS,T,DBREG01,初診新增病歷註記檔,,,,,
REGYPATS,T,DBREG01,掛號病患序號檔,,,,,
RESTEMP,T,DBORD01,文字或數字型報告結果檔,,,,,
RESULT,T,DBORD01,文字或數字型報告結果檔,V,V,V,V,
RESULTW,T,DBORD03,電子病歷倉儲：文字或數字型報告結果檔,V,V,V,V,
RSTNHID,T,DBORD01,醫囑報告檔－－健保申報用,,,,,
RSTNHIX,T,DBORD01,醫囑報告檔－－健保申報用,,,,,
RSTNHIY,T,DBORD01,醫囑報告ＲＴ參考值及單位表－健保申報用,V,V,V,V,
RT05TEMP,T,DBRTS01,呼吸器病人統計報表資料１檔,,,,,
RT06TEMP,T,DBRTS01,ＣＰＴ病人統計報表資料１檔,,,,,
RT07TEMP,T,DBRTS01,ＯＰ病人統計報表資料１檔,,,,,
RT08TEMP,T,DBRTS01,呼吸器病人統計報表資料２檔,,,,,
RT09TEMP,T,DBRTS01,庫存統計報表資料檔,,,,,
RTBREBSC,T,DBRTS01,呼吸器病人交班資料檔,,,,,
RTBREDAT,T,DBRTS02,呼吸器病房異動資料檔(錢SIR上轉),,,,,
RTBRETRN,T,DBRTS01,呼吸器病房異動資料檔,,,,,
RTCPTBSC,T,DBRTS01,ＣＰＴ病人交班資料檔,,,,,
RTHBOBSC,T,DBRTS01,高壓氧艙病人治療記錄,,,,,
RTHBOTRN,T,DBRTS01,高壓氧艙病人治療異動,,,,,
RTISMAIN,T,DBRTS01,庫存儀器檔,,,,,
RTISTRAN,T,DBRTS01,庫存儀器異動檔,,,,,
RTM2MAIN,T,DBRTS01,再生品庫存耗材檔,,,,,
RTM2TRAN,T,DBRTS01,再生品耗材異動檔,,,,,
RTMATISU,T,DBRTS01,耗材需求撥發檔,,,,,
RTMTINTP,T,DBRTS01,耗材進貨檔,,,,,
RTMTMAIN,T,DBRTS01,庫存耗材檔,,,,,
RTMTTRAN,T,DBRTS01,庫存耗材異動檔,,,,,
RTOPRBSC,T,DBRTS01,ＯＰ病人交班資料檔,,,,,
RTTBLTBL,T,DBRTS01,系統代碼資料檔,,,,,
RTUSERPF,T,DBRTS01,使用者權限資料檔,,,,,
RTWDTBLE,T,DBRTS01,病房區域分組資料檔,,,,,
SAMPLEI,T,VGHTPECP,SAMPLE TABLE 範例(WITH INDEX),,,,,
SECTER,T,DBPAS02,急診科別代碼表,,,,,
SECTION,T,DBOPD01,門診科別代碼表,,,,,
SECTION,T,VGHTPECP,門診科別代碼表,,,,,
SIDDFDT,T,DBPAS02,登革熱每日病人清單資料,,,,,
SIDEVDT,T,DBPAS02,腸病毒每日病人清單資料,,,,,
SIDFLUDT,T,DBPAS02,流感每日病人清單資料,,,,,
SOWINLOG,T,DBERS01,社工系統高危險疾病及病患篩選,,,,,
SPECGRP,T,DBUD02,用藥條件與說明分群,,,,,
SRVSTAT,T,DBSCH01,SRVSTAT TABLE 衛勤系統工作站設備是否可用記錄檔,,,,,
STDMPTDL,T,DBPAS02,皮膚部治療紀錄單明細表,,,,,
STDMPTIF,T,DBPAS02,皮膚部治療紀錄單主,,,,,
TBEDDATA,T,DBDCR02,肺結核個案完治記錄,,,,,
TCDB,T,,,V,V,V,V,
TCDBA,T,,,V,V,V,V,
TRANPCS,T,DBORD01,網基切換至主機端資料檔,,,,,
TRANWEB,T,DBORD01,主機端切換至網基資料檔,,,,,
TRTASMR,T,DBORD01,醫囑評估表,,,,,
TRTLOG,T,DBORD01,醫囑記錄檔,,,,,
TRTLOG,T,VGHTPECP,醫囑記錄檔,,,,,
TRTLOGW,T,VGHTPECP,,,,,,
TRTMNT,T,DBORD01,處置基本檔,,,,,
TRTMNT,T,VGHTPECP,處置基本檔,,,,,
TRTMNTA,T,DBORD01,新治療處置基本檔,,,,,
TRTMNTE,T,DBORD01,新治療處置延伸檔,,,,,
TRTMNTW,T,VGHTPECP,,,,,,
TRTNCT,T,DBORD01,護理簽收狀態檔,,,,,
TRTNCTE,T,DBORD01,護理簽收時間檔,,,,,
TRTORDR,T,DBORD01,治療處置組套檢驗,,,,,
TRTROOT,T,DBORD01,治療處置組套名,,,,,
TRTTEXT,T,DBORD01,TRTTEXT TABLE 醫囑醫師說明檔,,,,,
TRTTEXT,T,VGHTPECP,TRTTEXT TABLE 醫囑醫師說明檔,,,,,
TRTTEXTW,T,VGHTPECP,,,,,,
UDANTIB1,T,DBUD03,抗生素使用記錄資料庫１,,,,,
UDANTIB2,T,DBUD03,抗生素使用記錄資料庫２,,,,,
UDATC,T,DBUD01,藥品基本資料ＡＴＣ資料檔,V,V,V,,
UDATCDUP,T,DBUD01,ＡＴＣ重複用藥資料檔,,,,,
UDCHEMO,T,DBUD01,化癌治療計劃單,,,,,
UDCHEMOB,T,DBUD01,化癌治療計劃單,,,,,
UDCLASLG,T,DBUD01,藥品價目歷史給付檔維護ＬＯＧ,,,,,
UDCLASS,T,DBUD01,藥品價目歷史給付檔,,,,,
UDCTC,T,DBUD01,化學治療用藥,,,,,
UDDRGDOS,T,DBUD01,藥檔藥號,,,,,
UDDRGINX,T,DBUD01,藥檔索引,,,,,
UDDRUGAL,T,DBUD01,全國藥檔,,,,,
UDDRUGNA,T,DBUD01,藥品學名檔,,,,,
UDDRUGPF,T,DBUD01,藥檔,V,V,V,V,
UDINDATE,T,DBUD01,藥物交互作用警示糸統起動日期,,,,,
UDINDICA,T,DBUD02,ＡＬＢＵＭＩＮ等適應症代碼檔,,,,,
UDINSTDG,T,DBUD01,,,,,,
UDKNYPF,T,DBUD01,腎註記劑量調整建議知識庫,,,,,
UDLOG,T,,藥品LOG,V,V,V,V,
UDLOGOLD,T,DBUD01,高齡禁忌ＬＯＧ,,,,,
UDLONACC,T,DBUD01,病患終生劑量累計檔,,,,,
UDLONDRG,T,DBUD01,終生劑量藥品名稱檔,,,,,
UDLONORD,T,DBUD01,病患終生劑量明細檔,,,,,
UDONCACC,T,DBUD01,病患終生劑量暫存檔,,,,,
UDORDER,T,DBUD01,藥囑檔,V,V,V,V,
UDORDERA,T,DBUD03,藥品醫囑長期資料庫,V,V,V,V,
UDORDEXT,T,DBUD01,UDORDER資料特殊延伸檔(FOR TPN),,,,,
UDSAMEDG,T,DBUD01,同類藥物記錄檔,,,,,
UDSECT,T,DBUD01,藥品科別限制,,,,,
UDSPEC,T,DBDCR01,專案用藥及條件用藥理由檔,,,,,
UDTEXTA,T,DBUD03,藥囑附加說明長期資料庫,,,,,
UDUNVLOG,T,DBUD01,通用處方警示記錄,,,,,
UDVARP,T,DBUD01,藥品基本資料特殊延長資料檔,,,,,
UPROOT,T,DBVUP01,使用者身份密碼管理,,,,,
VGHGLOG,T,DBSP01,共用紀錄資料檔,,,,,
VTANBAS,T,DBPAS01,榮民基本資料檔,,,,,
VTANBAS,T,VGHTPECP,榮民基本資料檔,,,,,
VUPDETL,T,DBVUP01,使用者身份密碼管理,,,,,
VUPFUNC,T,DBVUP01,功能程式對照一覽表,,,,,
VUPROOT,T,DBVUP01,使用者身份密碼管理,V,V,V,V,
VUPTITL,T,DBVUP01,使用者身份密碼管理－授權作業,,,,,
