"ChapterId","SchemaId","SchemaName","ChapterTitle","O3T","O3MBegin","O3MEnd"
37,116,"PeritoneumFemaleGen","Ovary and Primary Peritoneal Carcinoma","C48.1",8000,8576
37,116,"PeritoneumFemaleGen","Ovary and Primary Peritoneal Carcinoma","C48.1",8590,8671
37,116,"PeritoneumFemaleGen","Ovary and Primary Peritoneal Carcinoma","C48.1",8930,8934
37,116,"PeritoneumFemaleGen","Ovary and Primary Peritoneal Carcinoma","C48.1",8940,9110
37,116,"PeritoneumFemaleGen","Ovary and Primary Peritoneal Carcinoma","C48.2",8000,8576
37,116,"PeritoneumFemaleGen","Ovary and Primary Peritoneal Carcinoma","C48.2",8590,8671
37,116,"PeritoneumFemaleGen","Ovary and Primary Peritoneal Carcinoma","C48.2",8930,8934
37,116,"PeritoneumFemaleGen","Ovary and Primary Peritoneal Carcinoma","C48.2",8940,9110
37,116,"PeritoneumFemaleGen","Ovary and Primary Peritoneal Carcinoma","C48.8",8000,8576
37,116,"PeritoneumFemaleGen","Ovary and Primary Peritoneal Carcinoma","C48.8",8590,8671
37,116,"PeritoneumFemaleGen","Ovary and Primary Peritoneal Carcinoma","C48.8",8930,8934
37,116,"PeritoneumFemaleGen","Ovary and Primary Peritoneal Carcinoma","C48.8",8940,9110
28,99,"Peritoneum","Soft Tissue Sarcoma","C48.1",8800,8820
28,99,"Peritoneum","Soft Tissue Sarcoma","C48.1",8823,8935
28,99,"Peritoneum","Soft Tissue Sarcoma","C48.1",8940,9136
28,99,"Peritoneum","Soft Tissue Sarcoma","C48.1",9142,9582
28,99,"Peritoneum","Soft Tissue Sarcoma","C48.2",8800,8820
28,99,"Peritoneum","Soft Tissue Sarcoma","C48.2",8823,8935
28,99,"Peritoneum","Soft Tissue Sarcoma","C48.2",8940,9136
28,99,"Peritoneum","Soft Tissue Sarcoma","C48.2",9142,9582
28,99,"Peritoneum","Soft Tissue Sarcoma","C48.8",8800,8820
28,99,"Peritoneum","Soft Tissue Sarcoma","C48.8",8823,8935
28,99,"Peritoneum","Soft Tissue Sarcoma","C48.8",8940,9136
28,99,"Peritoneum","Soft Tissue Sarcoma","C48.8",9142,9582