ChapterId,SchemaId,SchemaName
3,1,LipUpper
3,2,LipLower
3,3,LipOther
3,4,TongueAnterior
3,5,GumUpper
3,6,GumLower
3,7,GumOther
3,8,FloorMouth
3,9,PalateHard
3,10,MouthOther
3,11,BuccalMucosa
4,12,TongueBase
4,13,PalateSoft
4,14,Oropharynx
4,15,Nasopharynx
4,16,Pharyngeal tonsil
4,17,Hypopharynx
0,18,PharynxOther
5,19,EpiglottisAnterior
5,20,LarynxGlottic
5,21,LarynxSupraglottic
5,22,LarynxSubglottic
0,23,LarynxOther
6,24,NasalCavity
6,25,SinusMaxillary
6,26,SinusEthmoid
0,27,MiddleEar
0,28,SinusOther
7,29,ParotidGland
7,30,SubmandibularGland
7,31,SalivaryGlandOther
8,32,Thyroid
9,33,MelanomaLipUpper
9,34,MelanomaLipLower
9,35,MelanomaLipOther
9,36,MelanomaTongueAnterior
9,37,MelanomaGumUpper
9,38,MelanomaGumLower
9,39,MelanomaGumOther
9,40,MelanomaFloorMouth
9,41,MelanomaPalateHard
9,42,MelanomaMouthOther
9,43,MelanomaBuccalMucosa
9,44,MelanomaTongueBase
9,45,MelanomaPalateSoft
9,46,MelanomaOropharynx
9,47,MelanomaNasopharynx
9,48,MelanomaHypopharynx
9,49,MelanomaPharynxOther
9,50,MelanomaEpiglottisAnterior
9,51,MelanomaLarynxGlottic
9,52,MelanomaLarynxSupraglottic
9,53,MelanomaLarynxSubglottic
9,54,MelanomaLarynxOther
9,55,MelanomaNasalCavity
9,56,MelanomaSinusMaxillary
9,57,MelanomaSinusEthmoid
9,58,MelanomaSinusOther
10,59,Esophagus
10,60,EsophagusGEJunction
11,61,Stomach
12,62,SmallIntestine
13,63,Appendix
13,64,CarcinoidAppendix
14,65,Colon
14,66,Rectum
15,67,Anus
16,68,GISTEsophagus
16,69,GISTStomach
16,70,GISTSmallIntestine
16,71,GISTAppendix
16,72,GISTColon
16,73,GISTRectum
16,74,GISTPeritoneum
17,75,NETStomach
17,76,NETSmallIntestine
17,77,NETColon
17,78,NETRectum
17,79,NETAmpulla
18,80,Liver
19,81,BileDuctsIntraHepat
20,82,Gallbladder
20,83,CysticDuct
21,84,BileDuctsPerihilar
22,85,BileDuctsDistal
0,86,BiliaryOther
23,87,AmpullaVater
24,88,PancreasHead
24,89,PancreasBodyTail
24,90,PancreasOther
0,91,DigestiveOther
0,92,Trachea
26,94,Pleura
0,95,RespiratoryOther
27,96,Bone
28,97,HeartMediastinum
28,98,SoftTissue
28,99,Peritoneum
28,100,Retroperitoneum
29,101,Skin
29,102,Scrotum
30,103,MerkelCellSkin
30,104,MerkelCellVulva
30,105,MerkelCellPenis
30,106,MerkelCellScrotum
31,107,MelanomaSkin
32,108,Breast
33,109,Vulva
34,110,Vagina
35,111,Cervix
36,112,CorpusCarcinomas
36,113,CorpusSarcoma
36,114,CorpusAdenosarcoma
37,115,Ovary
37,116,PeritoneumFemaleGen
38,117,FallopianTube
0,118,AdnexaUterineOther
0,119,GenitalFemaleOther
39,120,Placenta
40,121,Penis
41,122,Prostate
42,123,Testis
0,124,GenitalMaleOther
43,125,KidneyParenchyma
44,126,KidneyRenalPelvis
45,127,Bladder
46,128,Urethra
47,129,AdrenalGland
0,130,UrinaryOther
48,131,SkinEyelid
49,132,Conjunctiva
50,133,MelanomaConjunctiva
51,134,MelanomaChoroid
51,135,MelanomaCiliary
51,136,MelanomaIris
52,137,Retinoblastoma
53,138,LacrimalGland
0,139,LacrimalSac
54,140,Orbit
0,141,EyeOther
0,142,MelanomaEyeOther
55,143,LymphomaOcularAdnexa
56,144,Brain
56,145,CNSOther
56,146,Intracranial gland
0,149,KaposiSarcoma
0,150,HemeRetic
0,151,EndocrineOther
0,152,IllDefinedOther
25,153,NET_SCLC
25,154,NET_others
25,155,SqCC
25,156,AdenoCa
25,157,Lung_Others
57,158,"DLBCL (Diffuse Large B-cell Lymphomas) not brain"
57,159,"DLBCL (Diffuse Large B-cell Lymphomas) brain"
57,160,"FL (Follicular Lymphomas)"
57,161,"PTCL (Peripheral T-cell Lymphomas)"
57,162,"HL (Hodgkin Lymphoma)"
57,163,"Other Lymphomas"