	NAME	LENGTH	VARNUM	typei
1	APPL_TYPE	1	1	字串
2	SEQ_NO	6	2	字串
3	PART_MARK	3	3	字串
4	ID	36	4	字串
5	GAVE_KIND	1	5	字串
6	TRAC_EVEN	1	6	字串
7	CASE_TYPE	2	7	字串
8	FUNC_TYPE	2	8	字串
9	E_BED_DAY	8	9	數值
10	S_BED_DAY	8	10	數值
11	BGIN	1	11	字串
12	CARD_SEQ_NO	4	12	字串
13	DRGTYP	1	13	字串
14	DRG_CODE	5	14	字串
15	EXT_CODE_1	6	15	字串
16	EXT_CODE_2	6	16	字串
17	TRAN_CODE	1	17	字串
18	ICD9CM_CODE	8	18	字串
19	ICD9CM_CODE_1	8	19	字串
20	ICD9CM_CODE_2	8	20	字串
21	ICD9CM_CODE_3	8	21	字串
22	ICD9CM_CODE_4	8	22	字串
23	ICD_OP_CODE	8	23	字串
24	ICD_OP_CODE_1	8	24	字串
25	ICD_OP_CODE_2	8	25	字串
26	ICD_OP_CODE_3	8	26	字串
27	ICD_OP_CODE_4	8	27	字串
28	OESEQNO	8	28	數值
29	DIAG_AMT	8	29	數值
30	ROOM_AMT	8	30	數值
31	MEAL_AMT	8	31	數值
32	AMIN_AMT	8	32	數值
33	RADO_AMT	8	33	數值
34	THRP_AMT	8	34	數值
35	SGRY_AMT	8	35	數值
36	PHSC_AMT	8	36	數值
37	BLOD_AMT	8	37	數值
38	HD_AMT	8	38	數值
39	ANE_AMT	8	39	數值
40	METR_AMT	8	40	數值
41	DRUG_AMT	8	41	數值
42	DSVC_AMT	8	42	數值
43	NRTP_AMT	8	43	數值
44	INJT_AMT	8	44	數值
45	BABY_AMT	8	45	數值
46	MED_AMT	8	46	數值
47	PART_AMT	8	47	數值
48	APPL_AMT	8	48	數值
49	EB_APPL30_AMT	8	49	數值
50	EB_PART30_AMT	8	50	數值
51	EB_APPL60_AMT	8	51	數值
52	EB_PART60_AMT	8	52	數值
53	EB_APPL61_AMT	8	53	數值
54	EB_PART61_AMT	8	54	數值
55	SB_APPL30_AMT	8	55	數值
56	SB_PART30_AMT	8	56	數值
57	SB_APPL90_AMT	8	57	數值
58	SB_PART90_AMT	8	58	數值
59	SB_APPL180_AMT	8	59	數值
60	SB_PART180_AMT	8	60	數值
61	SB_APPL181_AMT	8	61	數值
62	BABYBIRD	7	62	字串
63	TW_DRGS_SUIT_MARK	1	63	字串
64	NAMEC	12	64	字串
65	ICD6	8	65	字串
66	ICD7	8	66	字串
67	ICD8	8	67	字串
68	ICD9	8	68	字串
69	ICD10	8	69	字串
70	ICD11	8	70	字串
71	ICD12	8	71	字串
72	ICD13	8	72	字串
73	ICD14	8	73	字串
74	ICD15	8	74	字串
75	ICD16	8	75	字串
76	ICD17	8	76	字串
77	ICD18	8	77	字串
78	ICD19	8	78	字串
79	ICD20	8	79	字串
80	OPD6	8	80	字串
81	OPD7	8	81	字串
82	OPD8	8	82	字串
83	OPD9	8	83	字串
84	OPD10	8	84	字串
85	OPD11	8	85	字串
86	OPD12	8	86	字串
87	OPD13	8	87	字串
88	OPD14	8	88	字串
89	OPD15	8	89	字串
90	OPD16	8	90	字串
91	OPD17	8	91	字串
92	OPD18	8	92	字串
93	OPD19	8	93	字串
94	OPD20	8	94	字串
95	FINKEY	4	95	字串
96	BHISTNO	36	96	字串
97	BCASENO	36	97	字串
98	BPSECT	4	98	字串
99	FIL01	9	99	字串
100	FIL02	33	100	字串
101	FEE_YM	6	101	字串
102	APPL_BEG_DATE	8	102	字串
103	APPL_END_DATE	8	103	字串
104	ID_BIRTHDAY	8	104	字串
105	IN_DATE	8	105	字串
106	OUT_DATE	8	106	字串
