	NAME	LENGTH	VARNUM	typei
1	TRASID	2	1	字串
2	HOSP_ID	10	2	字串
3	APPL_TYPE	1	3	字串
4	CASE_TYPE	2	4	字串
5	SEQ_NO	6	5	字串
6	CURE_ITEM_NO1	2	6	字串
7	CURE_ITEM_NO2	2	7	字串
8	CURE_ITEM_NO3	2	8	字串
9	CURE_ITEM_NO4	2	9	字串
10	FUNC_TYPE	2	10	字串
11	ID	36	11	字串
12	ARNHISNO	2	12	字串
13	GAVE_KIND	1	13	字串
14	PART_NO	3	14	字串
15	TRAN_IN_HOSP_ID	10	15	字串
16	PAT_TRAN_OUT	1	16	字串
17	DRUG_DAY	8	17	數值
18	MED_TYPE	1	18	字串
19	CARD_SEQ_NO	4	19	字串
20	ARNHBLK2	2	20	字串
21	DRUG_AMT	8	21	數值
22	TREAT_AMT	8	22	數值
23	TREAT_CODE	12	23	字串
24	DIAG_AMT	8	24	數值
25	DSVC_NO	12	25	字串
26	DSVC_AMT	8	26	數值
27	T_AMT	8	27	數值
28	PART_AMT	8	28	數值
29	T_APPL_AMT	8	29	數值
30	RESERVC2	2	30	字串
31	RESERVP6	8	31	數值
32	ARNHSTOT	2	32	字串
33	ARNHIST	36	33	字串
34	ARNSECT	3	34	字串
35	ACODE_ICD9_1	8	35	字串
36	ACODE_ICD9_2	8	36	字串
37	ACODE_ICD9_3	8	37	字串
38	ARNHIC94	8	38	字串
39	ARNHIC95	8	39	字串
40	ARNHOR	8	40	字串
41	ARNHOR2	8	41	字串
42	ARNHSPCD	2	42	字串
43	PBNSEQX1	1	44	字串
44	FEE_YM	6	45	字串
45	FUNC_DATE	8	46	字串
46	TREAT_END_DATE	8	47	字串
47	ID_BIRTHDAY	8	48	字串
