	NAME	LENGTH	VARNUM	typei
1	CASE_TYPE	2	1	字串
2	APPL_TYPE	1	2	字串
3	SEQ_NO	6	3	字串
4	BIDNO	36	4	字串
5	OESEQNO	5	5	字串
6	ORDER_TYPE	1	6	字串
7	ORDER_CODE	12	7	字串
8	PAY_RATE	8	8	數值
9	BDGDOS	6	9	字串
10	DRUG_PATH	22	10	字串
11	BOROPTMB	4	11	字串
12	BOROPTME	4	12	字串
13	ORDER_QTY	8	13	數值
14	AA0	1	14	字串
15	ORDER_PRICE	8	15	數值
16	ORDER_AMT	8	16	數值
17	PFKEY	8	17	字串
18	BXLPARNO	2	18	字串
19	FEE_YM	6	19	字串
20	EXE_S_DATE	8	20	字串
21	EXE_E_DATE	8	21	字串
