	NAME	LENGTH	VARNUM	typei
1	APPL_TYPE	1	1	字串
2	CASE_TYPE	2	2	字串
3	SEQ_NO	6	3	字串
4	OESEQNO	5	4	字串
5	ARNHPAID	36	5	字串
6	RESERVE	2	6	字串
7	DRUGDAYS	2	7	字串
8	REL_MODE	1	8	字串
9	ARNYESNO	1	9	字串
10	ORDER_TYPE	1	10	字串
11	DRUG_NO	12	11	字串
12	DRUG_USE	8	12	數值
13	DRUG_FRE	18	13	字串
14	ARNHROUT	4	14	字串
15	CURE_PATH	6	15	字串
16	PAY_RATE	3	16	字串
17	TOTAL_QTY	8	17	數值
18	UNIT_PRICE	8	18	數值
19	TOTAL_AMT	8	19	數值
20	ARDDFLAG	1	20	字串
21	PFCATG2	2	21	字串
22	ARNHIPCD	8	22	字串
23	ARNHPNAM	32	23	字串
24	ARNHIREQ	7	24	字串
25	FEE_YM	6	25	字串
